ta2Id,name,chapter,class,kind,match,meshCount,meshes
1,"General terms",1,general,,n/a,0,""
2,"Vertical",1,general,,n/a,0,""
3,"Horizontal",1,general,,n/a,0,""
4,"Median",1,general,,n/a,0,""
5,"Coronal",1,general,,n/a,0,""
6,"Sagittal",1,general,,n/a,0,""
7,"Right",1,general,,n/a,0,""
8,"Left",1,general,,n/a,0,""
9,"Intermediate",1,general,,n/a,0,""
10,"Medial",1,general,,n/a,0,""
11,"Lateral",1,general,,n/a,0,""
12,"Anterior",1,general,,n/a,0,""
13,"Posterior",1,general,,n/a,0,""
14,"Ventral",1,general,,n/a,0,""
15,"Dorsal",1,general,,n/a,0,""
16,"Frontal",1,general,,n/a,0,""
17,"Occipital",1,general,,n/a,0,""
18,"Superior",1,general,,n/a,0,""
19,"Inferior",1,general,,n/a,0,""
20,"Cranial",1,general,,n/a,0,""
21,"Caudal",1,general,,n/a,0,""
22,"Rostral",1,general,,n/a,0,""
23,"Apical",1,general,,n/a,0,""
24,"Basal",1,general,,n/a,0,""
25,"Middle",1,general,,n/a,0,""
26,"Transverse",1,general,,n/a,0,""
27,"Longitudinal",1,general,,n/a,0,""
28,"Axial",1,general,,n/a,0,""
29,"External",1,general,,n/a,0,""
30,"Internal",1,general,,n/a,0,""
31,"Luminal",1,general,,n/a,0,""
32,"Superficial",1,general,,n/a,0,""
33,"Deep",1,general,,n/a,0,""
34,"Proximal",1,general,,n/a,0,""
35,"Distal",1,general,,n/a,0,""
36,"Central",1,general,,n/a,0,""
37,"Peripheral",1,general,,n/a,0,""
38,"Radial",1,general,,n/a,0,""
39,"Ulnar",1,general,,n/a,0,""
40,"Fibular",1,general,,n/a,0,""
41,"Tibial",1,general,,n/a,0,""
42,"Palmar",1,general,,n/a,0,""
43,"Plantar",1,general,,n/a,0,""
44,"Flexor",1,general,,n/a,0,""
45,"Extensor",1,general,,n/a,0,""
46,"Reference planes",1,general,,n/a,0,""
47,"Longitudinal planes",1,general,,n/a,0,""
48,"Coronal planes",1,general,,n/a,0,""
49,"Sagittal planes",1,general,,n/a,0,""
50,"Median plane",1,general,,n/a,0,""
51,"Paramedian plane",1,general,,n/a,0,""
52,"Transverse planes",1,general,,n/a,0,""
53,"Transpyloric plane",1,general,,n/a,0,""
54,"Subcostal plane",1,general,,n/a,0,""
55,"Transumbilical plane",1,general,,n/a,0,""
56,"Supracristal plane",1,general,,n/a,0,""
57,"Intertubercular plane",1,general,,n/a,0,""
58,"Interspinous plane",1,general,,n/a,0,""
59,"Reference lines",1,general,,n/a,0,""
60,"Anterior median line",1,general,,n/a,0,""
61,"Sternal line",1,general,,n/a,0,""
62,"Parasternal line",1,general,,n/a,0,""
63,"Midclavicular line",1,general,,n/a,0,""
64,"Mammillary line",1,general,,n/a,0,""
65,"Anterior axillary line",1,general,,n/a,0,""
66,"Midaxillary line",1,general,,n/a,0,""
67,"Posterior axillary line",1,general,,n/a,0,""
68,"Scapular line",1,general,,n/a,0,""
69,"Paravertebral line",1,general,,n/a,0,""
70,"Posterior median line",1,general,,n/a,0,""
71,"Human body positions",1,general,,n/a,0,""
72,"Anatomical position",1,general,,n/a,0,""
73,"Comparative anatomical position",1,general,,n/a,0,""
74,"Prone position",1,general,,n/a,0,""
75,"Supine position",1,general,,n/a,0,""
76,"Movements",1,general,,n/a,0,""
77,"Abduction",1,general,,n/a,0,""
78,"Adduction",1,general,,n/a,0,""
79,"Lateral rotation",1,general,,n/a,0,""
80,"Medial rotation",1,general,,n/a,0,""
81,"Circumduction",1,general,,n/a,0,""
82,"Flexion",1,general,,n/a,0,""
83,"Extension",1,general,,n/a,0,""
84,"Pronation",1,general,,n/a,0,""
85,"Supination",1,general,,n/a,0,""
86,"Opposition",1,general,,n/a,0,""
87,"Reposition",1,general,,n/a,0,""
88,"Plantar flexion",1,general,,n/a,0,""
89,"Dorsiflexion",1,general,,n/a,0,""
90,"Elevation",1,general,,n/a,0,""
91,"Depression",1,general,,n/a,0,""
92,"Eversion",1,general,,n/a,0,""
93,"Inversion",1,general,,n/a,0,""
94,"Protraction",1,general,,n/a,0,""
95,"Retraction",1,general,,n/a,0,""
96,"Human body",1,general,,n/a,0,""
97,"Parts of human body",1,general,,n/a,0,""
98,"Head",1,general,,n/a,0,""
99,"Neurocranial part of head",1,general,,n/a,0,""
100,"Cranial cavity",1,general,,n/a,0,""
101,"Forehead",1,general,,n/a,0,""
102,"Occiput",1,general,,n/a,0,""
103,"Temple",1,general,,n/a,0,""
104,"Auricle",1,general,,n/a,0,""
105,"Lobule of auricle",1,general,,n/a,0,""
106,"Helix",1,general,,n/a,0,""
107,"Crus of helix",1,general,,n/a,0,""
108,"Antihelix",1,general,,n/a,0,""
109,"Crura of antihelix",1,general,,n/a,0,""
110,"Antitragus",1,general,,n/a,0,""
111,"Tragus",1,general,,n/a,0,""
112,"Face",1,general,,n/a,0,""
113,"Eye",1,general,,n/a,0,""
114,"Upper eyelid",1,general,,n/a,0,""
115,"Lower eyelid",1,general,,n/a,0,""
116,"Cheek",1,general,,n/a,0,""
117,"External nose",1,general,,n/a,0,""
118,"Ala of nose",1,general,,n/a,0,""
119,"Mouth",1,general,,n/a,0,""
120,"Upper lip",1,general,,n/a,0,""
121,"Lower lip",1,general,,n/a,0,""
122,"Chin",1,general,,n/a,0,""
123,"Neck",1,general,,n/a,0,""
124,"Trunk",1,general,,n/a,0,""
125,"Thorax",1,general,,n/a,0,""
126,"Thoracic cavity",1,general,,n/a,0,""
127,"Abdomen",1,general,,n/a,0,""
128,"Abdominal cavity",1,general,,n/a,0,""
129,"Pelvis",1,general,,n/a,0,""
130,"Pelvic cavity",1,general,,n/a,0,""
131,"Perineum",1,general,,n/a,0,""
132,"Anterior trunk",1,general,,n/a,0,""
133,"Anterolateral thoracic wall",1,general,,n/a,0,""
134,"Anterolateral abdominal wall",1,general,,n/a,0,""
135,"Back",1,general,,n/a,0,""
136,"Back of thorax",1,general,,n/a,0,""
137,"Back of abdomen",1,general,,n/a,0,""
138,"Upper limb",1,general,,n/a,0,""
139,"Shoulder",1,general,,n/a,0,""
140,"Axilla",1,general,,n/a,0,""
141,"Anterior axillary fold",1,general,,n/a,0,""
142,"Posterior axillary fold",1,general,,n/a,0,""
143,"Free part of upper limb",1,general,,n/a,0,""
144,"Arm",1,general,,n/a,0,""
145,"Elbow",1,general,,n/a,0,""
146,"Forearm",1,general,,n/a,0,""
147,"Wrist",1,general,,n/a,0,""
148,"Hand",1,general,,n/a,0,""
149,"Metacarpus",1,general,,n/a,0,""
150,"Digits of hand",1,general,,n/a,0,""
151,"Thumb",1,general,,n/a,0,""
152,"Index finger",1,general,,n/a,0,""
153,"Middle finger",1,general,,n/a,0,""
154,"Ring finger",1,general,,n/a,0,""
155,"Little finger",1,general,,n/a,0,""
156,"Lower limb",1,general,,n/a,0,""
157,"Buttock",1,general,,n/a,0,""
158,"Hip",1,general,,n/a,0,""
159,"Free part of lower limb",1,general,,n/a,0,""
160,"Thigh",1,general,,n/a,0,""
161,"Knee",1,general,,n/a,0,""
162,"Posterior part of knee",1,general,,n/a,0,""
163,"Leg",1,general,,n/a,0,""
164,"Calf",1,general,,n/a,0,""
165,"Ankle",1,general,,n/a,0,""
166,"Foot",1,general,,n/a,0,""
167,"Heel",1,general,,n/a,0,""
168,"Midfoot",1,general,,n/a,0,""
169,"Metatarsus",1,general,,n/a,0,""
170,"Digits of foot",1,general,,n/a,0,""
171,"Great toe",1,general,,n/a,0,""
172,"Second toe",1,general,,n/a,0,""
173,"Third toe",1,general,,n/a,0,""
174,"Fourth toe",1,general,,n/a,0,""
175,"Little toe",1,general,,n/a,0,""
176,"Regions of human body",1,general,,n/a,0,""
177,"Regions of head",1,general,,n/a,0,""
178,"Regions of epicranium",1,general,,n/a,0,""
179,"Vertex",1,general,,n/a,0,""
180,"Frontal region",1,general,,n/a,0,""
181,"Eyebrow",1,general,,n/a,0,""
182,"Parietal region",1,general,,n/a,0,""
183,"Occipital region",1,general,,n/a,0,""
184,"Temporal region",1,general,,n/a,0,""
185,"Mastoid region",1,general,,n/a,0,""
186,"Auricular region",1,general,,n/a,0,""
187,"Triangular fossa",1,general,,n/a,0,""
188,"Scapha",1,general,,n/a,0,""
189,"Concha of auricle",1,general,,n/a,0,""
190,"Cymba conchae",1,general,,n/a,0,""
191,"Cavity of concha",1,general,,n/a,0,""
192,"Anterior notch of auricle",1,general,,n/a,0,""
193,"Intertragic incisure",1,general,,n/a,0,""
194,"(Auricular tubercle)",1,general,,n/a,0,""
195,"(Apex of auricle)",1,general,,n/a,0,""
196,"Posterior auricular groove",1,general,,n/a,0,""
197,"(Supratragic tubercle)",1,general,,n/a,0,""
198,"Fossa antihelica",1,general,,n/a,0,""
199,"Eminentia conchae",1,general,,n/a,0,""
200,"Eminentia scaphae",1,general,,n/a,0,""
201,"Eminentia fossae triangularis",1,general,,n/a,0,""
202,"Regions of face",1,general,,n/a,0,""
203,"Orbital region",1,general,,n/a,0,""
204,"Suprapalpebral sulcus",1,general,,n/a,0,""
205,"Palpebral fissure",1,general,,n/a,0,""
206,"Lateral palpebral commissure",1,general,,n/a,0,""
207,"Medial palpebral commissure",1,general,,n/a,0,""
208,"Lateral angle of eye",1,general,,n/a,0,""
209,"Medial angle of eye",1,general,,n/a,0,""
210,"Infrapalpebral sulcus",1,general,,n/a,0,""
211,"Palpebronasal fold",1,general,,n/a,0,""
212,"Infraorbital region",1,general,,n/a,0,""
213,"Buccal region",1,general,,n/a,0,""
214,"Parotideomasseteric region",1,general,,n/a,0,""
215,"Zygomatic region",1,general,,n/a,0,""
216,"Nasal region",1,general,,n/a,0,""
217,"Root of nose",1,general,,n/a,0,""
218,"Dorsum of nose",1,general,,n/a,0,""
219,"Apex of nose",1,general,,n/a,0,""
220,"Nasolabial sulcus",1,general,,n/a,0,""
221,"Oral region",1,general,,n/a,0,""
222,"Philtrum",1,general,,n/a,0,""
223,"Tubercle of upper lip",1,general,,n/a,0,""
224,"Labial commissure",1,general,,n/a,0,""
225,"Angle of mouth",1,general,,n/a,0,""
226,"Mentolabial sulcus",1,general,,n/a,0,""
227,"Mental region",1,general,,n/a,0,""
228,"Regions of neck",1,general,,n/a,0,""
229,"Anterior region of neck",1,general,,n/a,0,""
230,"Anterior triangle of neck",1,general,,n/a,0,""
231,"Suprahyoid region",1,general,,n/a,0,""
232,"Submandibular triangle",1,general,,n/a,0,""
233,"Submental triangle",1,general,,n/a,0,""
234,"Infrahyoid region",1,general,,n/a,0,""
235,"Carotid triangle",1,general,,n/a,0,""
236,"Muscular triangle",1,general,,n/a,0,""
237,"Sternocleidomastoid region",1,general,,n/a,0,""
238,"Lesser supraclavicular fossa",1,general,,n/a,0,""
239,"Lateral region of neck",1,general,,n/a,0,""
240,"Greater supraclavicular fossa",1,general,,n/a,0,""
241,"Omoclavicular triangle",1,general,,n/a,0,""
242,"Occipital triangle",1,general,,n/a,0,""
243,"Posterior region of neck",1,general,,n/a,0,""
244,"Regions of thorax",1,general,,n/a,0,""
245,"Anterior region of thorax",1,general,,n/a,0,""
246,"Precordium",1,general,,n/a,0,""
247,"Presternal region",1,general,,n/a,0,""
248,"Infraclavicular fossa",1,general,,n/a,0,""
249,"Deltopectoral triangle",1,general,,n/a,0,""
250,"Deltopectoral groove",1,general,,n/a,0,""
251,"Pectoral region",1,general,,n/a,0,""
252,"Mammary region",1,general,,n/a,0,""
253,"Inframammary region",1,general,,n/a,0,""
254,"Lateral region of thorax",1,general,,n/a,0,""
255,"Regions of abdomen",1,general,,n/a,0,""
256,"Hypochondriac region",1,general,,n/a,0,""
257,"Epigastric region",1,general,,n/a,0,""
258,"Epigastric fossa",1,general,,n/a,0,""
259,"Lateral region of abdomen",1,general,,n/a,0,""
260,"Umbilical region",1,general,,n/a,0,""
261,"Umbilicus",1,general,,n/a,0,""
262,"Inguinal region",1,general,,n/a,0,""
263,"Hypogastric region",1,general,,n/a,0,""
264,"Regions of back",1,general,,n/a,0,""
265,"Vertebral region",1,general,,n/a,0,""
266,"Scapular region",1,general,,n/a,0,""
267,"Triangle of auscultation",1,general,,n/a,0,""
268,"Infrascapular region",1,general,,n/a,0,""
269,"Lumbar region",1,general,,n/a,0,""
270,"Lumbar triangle",1,general,,n/a,0,""
271,"Superior lumbar triangle",1,general,,n/a,0,""
272,"Sacral region",1,general,,n/a,0,""
273,"Sacroiliac dimple",1,general,,n/a,0,""
274,"Coccygeal region",1,general,,n/a,0,""
275,"(Coccygeal foveola)",1,general,,n/a,0,""
276,"Regions of perineum",1,general,,n/a,0,""
277,"Anal region",1,general,,n/a,0,""
278,"Anal triangle",1,general,,n/a,0,""
279,"Urogenital region",1,general,,n/a,0,""
280,"Regions of upper limb",1,general,,n/a,0,""
281,"Axillary region",1,general,,n/a,0,""
282,"Axillary fossa",1,general,,n/a,0,""
283,"Deltoid region",1,general,,n/a,0,""
284,"Brachial region",1,general,,n/a,0,""
285,"Anterior region of arm",1,general,,n/a,0,""
286,"Lateral bicipital groove",1,general,,n/a,0,""
287,"Medial bicipital groove",1,general,,n/a,0,""
288,"Posterior region of arm",1,general,,n/a,0,""
289,"Cubital region",1,general,,n/a,0,""
290,"Anterior region of elbow",1,general,,n/a,0,""
291,"Cubital fossa",1,general,,n/a,0,""
292,"Posterior region of elbow",1,general,,n/a,0,""
293,"Antebrachial region",1,general,,n/a,0,""
294,"Anterior region of forearm",1,general,,n/a,0,""
295,"Posterior region of forearm",1,general,,n/a,0,""
296,"Lateral border of forearm",1,general,,n/a,0,""
297,"Medial border of forearm",1,general,,n/a,0,""
298,"Carpal region",1,general,,n/a,0,""
299,"Anterior region of wrist",1,general,,n/a,0,""
300,"Posterior region of wrist",1,general,,n/a,0,""
301,"Radial foveola",1,general,,n/a,0,""
302,"Regions of hand",1,general,,n/a,0,""
303,"Metacarpal region",1,general,,n/a,0,""
304,"Dorsum of hand",1,general,,n/a,0,""
305,"Palm",1,general,,n/a,0,""
306,"Thenar eminence",1,general,,n/a,0,""
307,"Hypothenar eminence",1,general,,n/a,0,""
308,"Regions of digits of hand",1,general,,n/a,0,""
309,"Palmar surfaces of digits of hand",1,general,,n/a,0,""
310,"Dorsal surfaces of digits of hand",1,general,,n/a,0,""
311,"Interdigital spaces of hand",1,general,,n/a,0,""
312,"Regions of lower limb",1,general,,n/a,0,""
313,"Gluteal region",1,general,,n/a,0,""
314,"Intergluteal cleft",1,general,,n/a,0,""
315,"Gluteal fold",1,general,,n/a,0,""
316,"Hip region",1,general,,n/a,0,""
317,"Femoral region",1,general,,n/a,0,""
318,"Anterior region of thigh",1,general,,n/a,0,""
319,"Femoral triangle",1,general,,n/a,0,""
320,"Posterior region of thigh",1,general,,n/a,0,""
321,"Knee region",1,general,,n/a,0,""
322,"Anterior region of knee",1,general,,n/a,0,""
323,"Posterior region of knee",1,general,,n/a,0,""
324,"Popliteal fossa",1,general,,n/a,0,""
325,"Leg region",1,general,,n/a,0,""
326,"Anterior region of leg",1,general,,n/a,0,""
327,"Posterior region of leg",1,general,,n/a,0,""
328,"Sural region",1,general,,n/a,0,""
329,"Talocrural region",1,general,,n/a,0,""
330,"Anterior region of ankle",1,general,,n/a,0,""
331,"Posterior region of ankle",1,general,,n/a,0,""
332,"Lateral retromalleolar region",1,general,,n/a,0,""
333,"Medial retromalleolar region",1,general,,n/a,0,""
334,"Regions of foot",1,general,,n/a,0,""
335,"Heel region",1,general,,n/a,0,""
336,"Dorsum of foot",1,general,,n/a,0,""
337,"Sole",1,general,,n/a,0,""
338,"Longitudinal arch of foot",1,general,,n/a,0,""
339,"Lateral part of longitudinal arch of foot",1,general,,n/a,0,""
340,"Medial part of longitudinal arch of foot",1,general,,n/a,0,""
341,"Proximal transverse arch of foot",1,general,,n/a,0,""
342,"Distal transverse arch of foot",1,general,,n/a,0,""
343,"Lateral border of foot",1,general,,n/a,0,""
344,"Medial border of foot",1,general,,n/a,0,""
345,"Metatarsal region",1,general,,n/a,0,""
346,"Hallucial eminence",1,general,,n/a,0,""
347,"Regions of digits of foot",1,general,,n/a,0,""
348,"Plantar surfaces of digits of foot",1,general,,n/a,0,""
349,"Dorsal surfaces of digits of foot",1,general,,n/a,0,""
350,"Interdigital spaces of foot",1,general,,n/a,0,""
351,"Musculoskeletal systems",2,structure,other,none,0,""
352,"Skeletal system",2,structure,other,none,0,""
353,"AXIAL SKELETON",2,heading,,n/a,0,""
354,"Neurocranium",2,structure,other,none,0,""
355,"Viscerocranium",2,structure,other,none,0,""
356,"Facial bones",2,structure,other,none,0,""
357,"Chondrocranium",2,structure,other,none,0,""
358,"Desmocranium",2,structure,other,none,0,""
359,"APPENDICULAR SKELETON",2,heading,,n/a,0,""
360,"Skeleton of upper limbs",2,structure,other,none,0,""
361,"Pectoral girdle",2,structure,other,none,0,""
362,"Skeleton of free upper limb",2,structure,other,none,0,""
363,"Skeleton of lower limbs",2,structure,other,none,0,""
364,"Pelvic girdle",2,structure,other,none,0,""
365,"Skeleton of free lower limb",2,structure,other,none,0,""
366,"BONES",2,heading,,n/a,0,""
367,"Membranous bone",2,abstract,,n/a,0,""
368,"Endochondral bone",2,abstract,,n/a,0,""
369,"Long bone",2,abstract,,n/a,0,""
370,"Short bone",2,abstract,,n/a,0,""
371,"Flat bone",2,abstract,,n/a,0,""
372,"Irregular bone",2,abstract,,n/a,0,""
373,"Pneumatized bone",2,abstract,,n/a,0,""
374,"Sesamoid bone",2,abstract,,n/a,0,""
375,"(Accessory bone)",2,structure,bone / cartilage / joint,none,0,""
376,"(Supernumerary bone)",2,structure,bone / cartilage / joint,none,0,""
377,"Bone",2,abstract,,n/a,0,""
378,"Bony part of bone",2,structure,bone / cartilage / joint,none,0,""
379,"Compact bone",2,structure,bone / cartilage / joint,partial,6,"female:compact-bone-tissue female:compact-bone-tissue-2 female:compact-bone-tissue-3 female:compact-bone-tissue-4"
380,"Spongy bone",2,structure,bone / cartilage / joint,partial,6,"female:trabecular-bone-tissue female:trabecular-bone-tissue-2 female:trabecular-bone-tissue-3 female:trabecular-bone-tissue-4"
381,"Cartilaginous part of bone",2,abstract,,n/a,0,""
382,"Articular cartilage",2,structure,bone / cartilage / joint,partial,2,"female:articular-cartilage-of-distal-epiphysis-of-right-femur female:articular-cartilage-of-distal-epiphysis-of-left-femur"
383,"Membranous part of bone",2,abstract,,n/a,0,""
384,"Periosteum",2,structure,other,none,0,""
385,"Perichondrium",2,structure,other,none,0,""
386,"Medullary cavity",2,space,,n/a,0,""
387,"Endosteum",2,structure,other,none,0,""
388,"Bone marrow",2,structure,bone / cartilage / joint,none,0,""
389,"Yellow bone marrow",2,structure,bone / cartilage / joint,none,0,""
390,"Red bone marrow",2,structure,bone / cartilage / joint,none,0,""
391,"Diaphysis",2,structure,other,none,0,""
392,"Metaphysis",2,structure,other,none,0,""
393,"Epiphysis",2,structure,other,partial,2,"female:articular-cartilage-of-distal-epiphysis-of-right-femur female:articular-cartilage-of-distal-epiphysis-of-left-femur"
394,"Epiphyseal cartilage",2,structure,bone / cartilage / joint,none,0,""
395,"Epiphyseal plate",2,structure,other,none,0,""
396,"Epiphyseal line",2,feature,,n/a,0,""
397,"Apophysis",2,structure,other,none,0,""
398,"Articular surface",2,feature,,n/a,0,""
399,"Articular fossa",2,feature,,n/a,0,""
400,"(Articular head)",2,structure,other,partial,2,"male:intra-articular-ligament-of-head-of-rib male:right-intra-articular-ligament-of-head-of-rib"
401,"Nutrient foramen",2,feature,,n/a,0,""
402,"Nutrient canal",2,feature,,n/a,0,""
403,"Ossification centers",2,structure,other,none,0,""
404,"Primary ossification center",2,structure,other,none,0,""
405,"Secondary ossification center",2,structure,other,none,0,""
406,"CRANIUM",2,structure,other,none,0,""
407,"Frontal aspect of cranium",2,structure,other,none,0,""
408,"Superior aspect of cranium",2,structure,other,none,0,""
409,"Occipital aspect of cranium",2,structure,other,none,0,""
410,"Lateral aspect of cranium",2,structure,other,none,0,""
411,"Inferior aspect of cranium",2,structure,other,none,0,""
412,"Pericranium",2,structure,other,none,0,""
413,"Cranial cavity",2,space,,n/a,0,""
414,"Forehead of cranium",2,structure,other,none,0,""
415,"Occiput of cranium",2,structure,other,none,0,""
416,"Vertex of cranium",2,structure,other,none,0,""
417,"Nasion",2,structure,other,none,0,""
418,"Bregma",2,structure,other,none,0,""
419,"Lambda",2,structure,other,none,0,""
420,"Inion",2,structure,other,none,0,""
421,"Pterion",2,structure,other,none,0,""
422,"Asterion",2,structure,other,none,0,""
423,"Porion",2,structure,other,none,0,""
424,"Basion",2,structure,other,none,0,""
425,"Opisthion",2,structure,other,none,0,""
426,"Temporal fossa",2,feature,,n/a,0,""
427,"Zygomatic arch",2,structure,other,none,0,""
428,"Infratemporal fossa",2,feature,,n/a,0,""
429,"Pterygopalatine fossa",2,feature,,n/a,0,""
430,"Pterygomaxillary fissure",2,feature,,n/a,0,""
431,"Fontanelles",2,structure,other,none,0,""
432,"Anterior fontanelle",2,structure,other,none,0,""
433,"Posterior fontanelle",2,structure,other,none,0,""
434,"Sphenoidal fontanelle",2,structure,other,none,0,""
435,"Mastoid fontanelle",2,structure,other,none,0,""
436,"Calvaria",2,structure,other,none,0,""
437,"External table of calvaria",2,structure,other,none,0,""
438,"Diploe",2,structure,other,none,0,""
439,"Diploic canals",2,structure,other,none,0,""
440,"Internal table of calvaria",2,structure,other,none,0,""
441,"Groove for superior sagittal sinus",2,feature,,n/a,0,""
442,"Granular foveolae",2,structure,other,none,0,""
443,"Impressions of cerebral gyri",2,structure,brain / spinal cord / meninges,none,0,""
444,"Eminences of cerebral sulci",2,structure,brain / spinal cord / meninges,none,0,""
445,"Venous grooves",2,structure,vein / venous sinus,none,0,""
446,"Arterial grooves",2,structure,artery,none,0,""
447,"Cranial base",2,structure,other,none,0,""
448,"Internal surface of cranial base",2,feature,,n/a,0,""
449,"Sphenopetrosal fissure",2,feature,,n/a,0,""
450,"Petrooccipital fissure",2,feature,,n/a,0,""
451,"Anterior cranial fossa",2,feature,,n/a,0,""
452,"Middle cranial fossa",2,feature,,n/a,0,""
453,"Posterior cranial fossa",2,feature,,n/a,0,""
454,"Clivus",2,structure,other,none,0,""
455,"Groove for inferior pertrosal sinus",2,feature,,n/a,0,""
456,"Groove for sigmoid sinus",2,feature,,n/a,0,""
457,"External surface of cranial base",2,feature,,n/a,0,""
458,"Jugular foramen",2,feature,,n/a,0,""
459,"Foramen lacerum",2,feature,,n/a,0,""
460,"(Sphenotemporal foramen)",2,feature,,n/a,0,""
461,"Bony palate",2,structure,other,none,0,""
462,"Greater palatine canal",2,feature,,n/a,0,""
463,"Greater palatine foramen",2,feature,,n/a,0,""
464,"Incisive fossa",2,feature,,n/a,0,""
465,"(Palatine torus)",2,structure,other,none,0,""
466,"Palatovaginal canal",2,feature,,n/a,0,""
467,"Vomerovaginal canal",2,feature,,n/a,0,""
468,"Vomerorostral canal",2,feature,,n/a,0,""
469,"Orbit",2,structure,other,none,0,""
470,"Periorbita",2,structure,other,none,0,""
471,"Orbital septum",2,structure,other,none,0,""
472,"Orbital cavity",2,space,,n/a,0,""
473,"Orbital opening",2,structure,other,none,0,""
474,"Orbital margin",2,feature,,n/a,0,""
475,"Supraorbital margin",2,feature,,n/a,0,""
476,"Infraorbital margin",2,feature,,n/a,0,""
477,"Lateral margin of orbit",2,feature,,n/a,0,""
478,"Medial margin of orbit",2,feature,,n/a,0,""
479,"Roof of orbit",2,structure,other,none,0,""
480,"Floor of orbit",2,structure,other,none,0,""
481,"Lateral wall of orbit",2,structure,other,none,0,""
482,"(Cranioorbital foramen)",2,feature,,n/a,0,""
483,"Medial wall of orbit",2,structure,other,none,0,""
484,"Anterior ethmoidal foramen",2,feature,,n/a,0,""
485,"Posterior ethmoidal foramen",2,feature,,n/a,0,""
486,"Fossa for lacrimal sac",2,feature,,n/a,0,""
487,"Apex of orbit",2,feature,,n/a,0,""
488,"Superior orbital fissure",2,feature,,n/a,0,""
489,"Inferior orbital fissure",2,feature,,n/a,0,""
490,"Nasolacrimal canal",2,feature,,n/a,0,""
491,"Bony part of nasal septum",2,structure,other,none,0,""
492,"Nasal cavity of cranium",2,space,,n/a,0,""
493,"Piriform aperture",2,feature,,n/a,0,""
494,"Superior nasal meatus of cranium",2,feature,,n/a,0,""
495,"Middle nasal meatus of cranium",2,feature,,n/a,0,""
496,"Inferior nasal meatus of cranium",2,feature,,n/a,0,""
497,"Opening of nasolacrimal canal",2,feature,,n/a,0,""
498,"Common nasal meatus of cranium",2,feature,,n/a,0,""
499,"Sphenoethmoidal recess of cranium",2,space,,n/a,0,""
500,"Nasopharyngeal meatus of cranium",2,feature,,n/a,0,""
501,"Choana of cranium",2,structure,other,none,0,""
502,"Sphenopalatine foramen",2,feature,,n/a,0,""
503,"Bones of cranium",2,structure,other,none,0,""
504,"Parietal bone",2,structure,bone / cartilage / joint,exact,2,"male:left-parietal-bone male:right-parietal-bone"
505,"Internal surface of parietal bone",2,feature,,n/a,0,""
506,"Groove for middle meningeal artery",2,feature,,n/a,0,""
507,"External surface of parietal bone",2,feature,,n/a,0,""
508,"Superior temporal line",2,feature,,n/a,0,""
509,"Inferior temporal line",2,feature,,n/a,0,""
510,"Parietal eminence",2,feature,,n/a,0,""
511,"Occipital border of parietal bone",2,feature,,n/a,0,""
512,"Squamosal border of parietal bone",2,feature,,n/a,0,""
513,"Sagittal border of parietal bone",2,feature,,n/a,0,""
514,"Frontal border of parietal bone",2,feature,,n/a,0,""
515,"Frontal angle of parietal bone",2,feature,,n/a,0,""
516,"Occipital angle of parietal bone",2,feature,,n/a,0,""
517,"Sphenoidal angle of parietal bone",2,feature,,n/a,0,""
518,"Mastoid angle of parietal bone",2,feature,,n/a,0,""
519,"Parietal foramen",2,feature,,n/a,0,""
520,"Frontal bone",2,structure,bone / cartilage / joint,exact,1,"male:frontal-bone"
521,"Squamous part of frontal bone",2,structure,bone / cartilage / joint,none,0,""
522,"External surface of squamous part of frontal bone",2,feature,,n/a,0,""
523,"Frontal eminence",2,feature,,n/a,0,""
524,"Superciliary arch",2,structure,other,none,0,""
525,"Glabella",2,structure,other,none,0,""
526,"Frontal part of orbital margin",2,feature,,n/a,0,""
527,"Supraorbital foramen",2,feature,,n/a,0,""
528,"(Supraorbital notch)",2,feature,,n/a,0,""
529,"(Frontal notch)",2,feature,,n/a,0,""
530,"(Frontal foramen)",2,feature,,n/a,0,""
531,"Temporal surface of frontal bone",2,feature,,n/a,0,""
532,"Parietal margin of frontal bone",2,feature,,n/a,0,""
533,"Temporal line",2,feature,,n/a,0,""
534,"Zygomatic process of frontal bone",2,feature,,n/a,0,""
535,"Internal surface of squamous part of frontal bone",2,feature,,n/a,0,""
536,"Frontal crest",2,feature,,n/a,0,""
537,"Foramen cecum of frontal bone",2,feature,,n/a,0,""
538,"Nasal part of frontal bone",2,structure,bone / cartilage / joint,none,0,""
539,"Nasal spine of frontal bone",2,feature,,n/a,0,""
540,"Nasal margin of frontal bone",2,feature,,n/a,0,""
541,"Orbital part of frontal bone",2,structure,bone / cartilage / joint,none,0,""
542,"Orbital plate of frontal bone",2,structure,bone / cartilage / joint,none,0,""
543,"Orbital surface of frontal bone",2,feature,,n/a,0,""
544,"(Trochlear spine)",2,feature,,n/a,0,""
545,"Trochlear fovea",2,feature,,n/a,0,""
546,"Fossa for lacrimal gland",2,feature,,n/a,0,""
547,"Sphenoidal margin of frontal bone",2,feature,,n/a,0,""
548,"Ethmoidal notch",2,feature,,n/a,0,""
549,"Sinus of frontal bone",2,structure,bone / cartilage / joint,exact,1,"male:sinus-of-frontal-bone"
550,"Opening of frontal sinus",2,structure,other,none,0,""
551,"Septum of frontal sinuses",2,structure,other,none,0,""
552,"Occipital bone",2,structure,bone / cartilage / joint,exact,1,"male:occipital-bone"
553,"Foramen magnum",2,feature,,n/a,0,""
554,"Basilar part of occipital bone",2,structure,bone / cartilage / joint,none,0,""
555,"Pharyngeal tubercle",2,feature,,n/a,0,""
556,"Lateral part of occipital bone",2,structure,bone / cartilage / joint,none,0,""
557,"Occipital condyle",2,feature,,n/a,0,""
558,"Condylar canal",2,feature,,n/a,0,""
559,"Hypoglossal canal",2,feature,,n/a,0,""
560,"Condylar fossa",2,feature,,n/a,0,""
561,"Jugular tubercle",2,feature,,n/a,0,""
562,"Jugular notch of occipital bone",2,feature,,n/a,0,""
563,"Jugular process",2,feature,,n/a,0,""
564,"Intrajugular process of occipital bone",2,feature,,n/a,0,""
565,"Squamous part of occipital bone",2,structure,bone / cartilage / joint,none,0,""
566,"Mastoid border of occipital bone",2,feature,,n/a,0,""
567,"Lambdoidal border of occipital bone",2,feature,,n/a,0,""
568,"External occipital protuberance",2,structure,other,none,0,""
569,"(External occipital crest)",2,feature,,n/a,0,""
570,"Supreme nuchal line",2,feature,,n/a,0,""
571,"Superior nuchal line",2,feature,,n/a,0,""
572,"Inferior nuchal line",2,feature,,n/a,0,""
573,"Occipital plane",2,feature,,n/a,0,""
574,"Cruciform eminence",2,feature,,n/a,0,""
575,"Internal occipital protuberance",2,structure,other,none,0,""
576,"(Internal occipital crest)",2,feature,,n/a,0,""
577,"Groove for transverse sinus",2,feature,,n/a,0,""
578,"Groove for occipital sinus",2,feature,,n/a,0,""
579,"Groove for marginal sinus",2,feature,,n/a,0,""
580,"(Paramastoid process)",2,feature,,n/a,0,""
581,"Cerebral fossa",2,feature,,n/a,0,""
582,"Cerebellar fossa",2,feature,,n/a,0,""
583,"(Vermian fossa)",2,feature,,n/a,0,""
584,"Sphenoid bone",2,structure,bone / cartilage / joint,exact,1,"male:sphenoid-bone"
585,"Body of sphenoid bone",2,feature,,n/a,0,""
586,"Sphenoidal yoke",2,structure,other,none,0,""
587,"Limbus of sphenoid",2,structure,other,none,0,""
588,"Chiasmatic sulcus",2,feature,,n/a,0,""
589,"Sella turcica",2,structure,other,none,0,""
590,"Tuberculum sellae",2,structure,other,none,0,""
591,"(Middle clinoid process)",2,feature,,n/a,0,""
592,"Hypophyseal fossa",2,feature,,n/a,0,""
593,"(Craniopharyngeal canal)",2,feature,,n/a,0,""
594,"Dorsum sellae",2,structure,other,none,0,""
595,"Posterior clinoid process",2,feature,,n/a,0,""
596,"Carotid sulcus",2,feature,,n/a,0,""
597,"Sphenoidal lingula",2,structure,other,none,0,""
598,"Sphenoidal crest",2,feature,,n/a,0,""
599,"Sphenoidal rostrum",2,structure,other,none,0,""
600,"Sinus of sphenoidal bone",2,structure,bone / cartilage / joint,none,0,""
601,"Opening of sinus of sphenoidal bone",2,structure,bone / cartilage / joint,none,0,""
602,"Septum of sphenoidal sinuses",2,structure,other,none,0,""
603,"Sphenoidal concha",2,structure,other,none,0,""
604,"Lesser wing",2,structure,other,none,0,""
605,"Optic canal",2,feature,,n/a,0,""
606,"Infraoptic tubercle",2,feature,,n/a,0,""
607,"Anterior clinoid process",2,feature,,n/a,0,""
608,"(Caroticoclinoid foramen)",2,feature,,n/a,0,""
609,"Crista alaris",2,structure,other,none,0,""
610,"Greater wing",2,structure,other,none,0,""
611,"Cerebral surface of greater wing",2,feature,,n/a,0,""
612,"Temporal surface of greater wing",2,feature,,n/a,0,""
613,"Infratemporal surface of greater wing",2,feature,,n/a,0,""
614,"Infratemporal crest",2,feature,,n/a,0,""
615,"Maxillary surface of greater wing",2,feature,,n/a,0,""
616,"Orbital surface of greater wing",2,feature,,n/a,0,""
617,"Zygomatic margin of greater wing",2,feature,,n/a,0,""
618,"Frontal margin of greater wing",2,feature,,n/a,0,""
619,"Parietal margin of greater wing",2,feature,,n/a,0,""
620,"Squamosal margin of greater wing",2,feature,,n/a,0,""
621,"Foramen rotundum",2,feature,,n/a,0,""
622,"Foramen ovale",2,feature,,n/a,0,""
623,"(Sphenoidal emissary foramen)",2,feature,,n/a,0,""
624,"Foramen spinosum",2,feature,,n/a,0,""
625,"(Foramen petrosum)",2,feature,,n/a,0,""
626,"Spine of sphenoid bone",2,feature,,n/a,0,""
627,"Sulcus of auditory tube",2,feature,,n/a,0,""
628,"Pterygoid process",2,feature,,n/a,0,""
629,"Lateral pterygoid plate",2,structure,other,none,0,""
630,"Medial pterygoid plate",2,structure,other,none,0,""
631,"Pterygoid notch",2,feature,,n/a,0,""
632,"Pterygoid fossa",2,feature,,n/a,0,""
633,"Scaphoid fossa",2,feature,,n/a,0,""
634,"Vaginal process of sphenoid bone",2,feature,,n/a,0,""
635,"Palatovaginal groove",2,feature,,n/a,0,""
636,"Vomerovaginal groove",2,feature,,n/a,0,""
637,"Pterygoid hamulus",2,structure,other,none,0,""
638,"Groove of pterygoid hamulus",2,feature,,n/a,0,""
639,"Pterygoid canal",2,feature,,n/a,0,""
640,"Pterygospinous process",2,feature,,n/a,0,""
641,"Temporal bone",2,structure,bone / cartilage / joint,exact,2,"male:left-temporal-bone male:right-temporal-bone"
642,"Petrous part of temporal bone",2,structure,bone / cartilage / joint,none,0,""
643,"Occipital margin of temporal bone",2,feature,,n/a,0,""
644,"Mastoid process",2,feature,,n/a,0,""
645,"Mastoid antrum",2,structure,other,none,0,""
646,"Mastoid cells",2,structure,other,none,0,""
647,"Mastoid notch",2,feature,,n/a,0,""
648,"Groove for occipital artery",2,feature,,n/a,0,""
649,"Mastoid foramen",2,feature,,n/a,0,""
650,"Apex of petrous part",2,feature,,n/a,0,""
651,"Carotid canal",2,feature,,n/a,0,""
652,"External opening of carotid canal",2,feature,,n/a,0,""
653,"Internal opening of carotid canal",2,feature,,n/a,0,""
654,"Caroticotympanic canaliculi",2,structure,other,none,0,""
655,"Musculotubal canal",2,feature,,n/a,0,""
656,"Semicanal for tensor tympani",2,structure,other,none,0,""
657,"Semicanal for auditory tube",2,structure,other,none,0,""
658,"Septum of musculotubal canal",2,feature,,n/a,0,""
659,"Anterior surface of petrous part",2,feature,,n/a,0,""
660,"Tegmen tympani",2,structure,other,none,0,""
661,"Arcuate eminence",2,feature,,n/a,0,""
662,"Hiatus for greater petrosal nerve",2,feature,,n/a,0,""
663,"Groove for greater petrosal nerve",2,feature,,n/a,0,""
664,"Hiatus for lesser petrosal nerve",2,feature,,n/a,0,""
665,"Groove for lesser petrosal nerve",2,feature,,n/a,0,""
666,"Trigeminal impression",2,feature,,n/a,0,""
667,"Petrous ridge",2,feature,,n/a,0,""
668,"Groove for superior petrosal sinus",2,feature,,n/a,0,""
669,"Posterior surface of petrous part",2,feature,,n/a,0,""
670,"Internal acoustic opening",2,structure,other,none,0,""
671,"Internal acoustic meatus",2,feature,,n/a,0,""
672,"Subarcuate fossa",2,feature,,n/a,0,""
673,"Vestibular canaliculus",2,feature,,n/a,0,""
674,"Opening of vestibular canaliculus",2,feature,,n/a,0,""
675,"Posterior border of petrous part",2,feature,,n/a,0,""
676,"Jugular notch of temporal bone",2,feature,,n/a,0,""
677,"Inferior surface of petrous part",2,feature,,n/a,0,""
678,"Jugular fossa",2,feature,,n/a,0,""
679,"Cochlear canaliculus",2,feature,,n/a,0,""
680,"Opening of cochlear canaliculus",2,feature,,n/a,0,""
681,"Mastoid canaliculus",2,feature,,n/a,0,""
682,"Intrajugular process of temporal bone",2,feature,,n/a,0,""
683,"Styloid process of temporal bone",2,feature,,n/a,0,""
684,"Stylomastoid foramen",2,feature,,n/a,0,""
685,"Inferior tympanic canaliculus",2,feature,,n/a,0,""
686,"Petrosal fossula",2,structure,other,none,0,""
687,"Bony tympanic cavity",2,space,,n/a,0,""
688,"Facial canal",2,feature,,n/a,0,""
689,"Geniculum of facial canal",2,feature,,n/a,0,""
690,"Posterior tympanic canaliculus",2,feature,,n/a,0,""
691,"Anterior tympanic canaliculus",2,feature,,n/a,0,""
692,"Bony labyrinth",2,structure,eye / ear / sense organ,none,0,""
693,"Tympanic part of temporal bone",2,structure,bone / cartilage / joint,none,0,""
694,"Tympanic ring",2,structure,eye / ear / sense organ,none,0,""
695,"Bony external acoustic opening",2,structure,other,none,0,""
696,"Bony external acoustic meatus",2,feature,,n/a,0,""
697,"Greater tympanic spine",2,feature,,n/a,0,""
698,"Lesser tympanic spine",2,feature,,n/a,0,""
699,"Tympanic sulcus",2,feature,,n/a,0,""
700,"Tympanic notch",2,feature,,n/a,0,""
701,"Sheath of styloid process",2,feature,,n/a,0,""
702,"Squamous part of temporal bone",2,structure,bone / cartilage / joint,none,0,""
703,"Parietal border of temporal bone",2,feature,,n/a,0,""
704,"Parietal notch",2,feature,,n/a,0,""
705,"Sphenoidal margin of temporal bone",2,feature,,n/a,0,""
706,"Temporal surface of temporal bone",2,feature,,n/a,0,""
707,"Groove for middle temporal artery",2,feature,,n/a,0,""
708,"Zygomatic process of temporal bone",2,feature,,n/a,0,""
709,"Supramastoid crest",2,feature,,n/a,0,""
710,"Suprameatal fovea",2,feature,,n/a,0,""
711,"(Suprameatal spine)",2,feature,,n/a,0,""
712,"Mandibular fossa",2,feature,,n/a,0,""
713,"Articular surface of mandibular fossa",2,feature,,n/a,0,""
714,"Articular tubercle",2,feature,,n/a,0,""
715,"Articular eminence",2,feature,,n/a,0,""
716,"Cerebral surface of squamous part of temporal bone",2,feature,,n/a,0,""
717,"Petrotympanic fissure",2,feature,,n/a,0,""
718,"Petrosquamous fissure",2,feature,,n/a,0,""
719,"Tympanosquamous fissure",2,feature,,n/a,0,""
720,"Tympanomastoid fissure",2,feature,,n/a,0,""
721,"Ethmoid bone",2,structure,bone / cartilage / joint,exact,1,"male:ethmoid-bone"
722,"Cribriform plate",2,structure,other,none,0,""
723,"Cribriform foramina",2,feature,,n/a,0,""
724,"Crista galli",2,structure,other,none,0,""
725,"Ala of crista galli",2,structure,other,none,0,""
726,"Perpendicular plate of ethmoid bone",2,structure,bone / cartilage / joint,none,0,""
727,"Ethmoidal labyrinth",2,structure,eye / ear / sense organ,none,0,""
728,"Cells of ethmoid bone",2,structure,bone / cartilage / joint,partial,6,"male:left-anterior-cells-of-ethmoid-bone male:right-anterior-cells-of-ethmoid-bone male:left-middle-cells-of-ethmoid-bone male:right-middle-cells-of-ethmoid-bone"
729,"Anterior cells of ethmoid bone",2,structure,bone / cartilage / joint,exact,2,"male:left-anterior-cells-of-ethmoid-bone male:right-anterior-cells-of-ethmoid-bone"
730,"Middle cells of ethmoid bone",2,structure,bone / cartilage / joint,exact,2,"male:left-middle-cells-of-ethmoid-bone male:right-middle-cells-of-ethmoid-bone"
731,"Posterior cells of ethmoid bone",2,structure,bone / cartilage / joint,exact,2,"male:left-posterior-cells-of-ethmoid-bone male:right-posterior-cells-of-ethmoid-bone"
732,"Orbital plate of ethmoidal labyrinth",2,structure,eye / ear / sense organ,none,0,""
733,"(Bony supreme nasal concha)",2,structure,other,none,0,""
734,"Bony superior nasal concha",2,structure,other,none,0,""
735,"Bony middle nasal concha",2,structure,other,none,0,""
736,"Bony ethmoidal bulla",2,structure,other,none,0,""
737,"Uncinate process of ethmoid bone",2,feature,,n/a,0,""
738,"Bony ethmoidal infundibulum",2,structure,other,none,0,""
739,"Bony semilunar hiatus",2,feature,,n/a,0,""
740,"Inferior nasal concha bone",2,structure,bone / cartilage / joint,exact,2,"male:left-inferior-nasal-concha-bone male:right-inferior-nasal-concha-bone"
741,"Lacrimal process",2,feature,,n/a,0,""
742,"Maxillary process of inferior nasal concha",2,feature,,n/a,0,""
743,"Ethmoidal process",2,feature,,n/a,0,""
744,"Lacrimal bone",2,structure,bone / cartilage / joint,exact,2,"male:left-lacrimal-bone male:right-lacrimal-bone"
745,"Posterior lacrimal crest",2,feature,,n/a,0,""
746,"Lacrimal groove of lacrimal bone",2,feature,,n/a,0,""
747,"Lacrimal hamulus",2,structure,other,none,0,""
748,"Nasal bone",2,structure,bone / cartilage / joint,exact,2,"male:left-nasal-bone male:right-nasal-bone"
749,"Ethmoidal groove",2,feature,,n/a,0,""
750,"Nasal foramen",2,feature,,n/a,0,""
751,"Vomer",2,structure,other,exact,1,"male:vomer"
752,"Ala of vomer",2,structure,other,none,0,""
753,"Vomerine groove",2,feature,,n/a,0,""
754,"Vomerine crest of choana",2,feature,,n/a,0,""
755,"Cuneiform part of vomer",2,structure,other,none,0,""
756,"Maxilla",2,structure,bone / cartilage / joint,exact,2,"male:left-maxilla male:right-maxilla"
757,"Body of maxilla",2,feature,,n/a,0,""
758,"Orbital surface of maxilla",2,feature,,n/a,0,""
759,"Infraorbital canal",2,feature,,n/a,0,""
760,"Infraorbital groove",2,feature,,n/a,0,""
761,"Maxillary part of orbital margin",2,feature,,n/a,0,""
762,"Anterior surface of maxilla",2,feature,,n/a,0,""
763,"Infraorbital foramen",2,feature,,n/a,0,""
764,"Canine fossa",2,feature,,n/a,0,""
765,"Nasal notch",2,feature,,n/a,0,""
766,"Anterior nasal spine",2,feature,,n/a,0,""
767,"Infratemporal surface of maxilla",2,feature,,n/a,0,""
768,"Alveolar foramina",2,feature,,n/a,0,""
769,"Posterior superior alveolar foramina",2,feature,,n/a,0,""
770,"Middle superior alveolar foramen",2,feature,,n/a,0,""
771,"Anterior superior alveolar foramen",2,feature,,n/a,0,""
772,"Alveolar canals",2,structure,other,none,0,""
773,"Maxillary tuberosity",2,feature,,n/a,0,""
774,"Nasal surface of maxilla",2,feature,,n/a,0,""
775,"Lacrimal groove of maxilla",2,feature,,n/a,0,""
776,"Conchal crest of maxilla",2,feature,,n/a,0,""
777,"Lacrimal margin of maxilla",2,feature,,n/a,0,""
778,"Hiatus of maxilla",2,feature,,n/a,0,""
779,"Greater palatine groove of maxilla",2,feature,,n/a,0,""
780,"Sinus of maxilla",2,structure,bone / cartilage / joint,none,0,""
781,"Frontal process of maxilla",2,feature,,n/a,0,""
782,"Anterior lacrimal crest",2,feature,,n/a,0,""
783,"Lacrimal notch",2,feature,,n/a,0,""
784,"Ethmoidal crest of maxilla",2,feature,,n/a,0,""
785,"Zygomatic process of maxilla",2,feature,,n/a,0,""
786,"Palatine process",2,feature,,n/a,0,""
787,"Nasal crest of maxilla",2,feature,,n/a,0,""
788,"Incisive canals",2,structure,other,none,0,""
789,"Palatine spines",2,structure,other,none,0,""
790,"Palatine grooves",2,structure,other,none,0,""
791,"Alveolar process",2,feature,,n/a,0,""
792,"Alveolar arch of maxilla",2,feature,,n/a,0,""
793,"Dental alveoli of maxilla",2,structure,bone / cartilage / joint,none,0,""
794,"Interalveolar septa of maxilla",2,structure,bone / cartilage / joint,none,0,""
795,"Interradicular septa of maxilla",2,structure,bone / cartilage / joint,none,0,""
796,"Alveolar yokes of maxilla",2,structure,bone / cartilage / joint,none,0,""
797,"Incisive foramina",2,feature,,n/a,0,""
798,"Palatine bone",2,structure,bone / cartilage / joint,exact,2,"male:left-palatine-bone male:right-palatine-bone"
799,"Perpendicular plate of palatine bone",2,structure,bone / cartilage / joint,none,0,""
800,"Nasal surface of perpendicular plate",2,feature,,n/a,0,""
801,"Maxillary surface of palatine bone",2,feature,,n/a,0,""
802,"Sphenopalatine notch",2,feature,,n/a,0,""
803,"Greater palatine groove of palatine bone",2,feature,,n/a,0,""
804,"Pyramidal process",2,feature,,n/a,0,""
805,"Lesser palatine canals",2,structure,other,none,0,""
806,"Conchal crest of palatine bone",2,feature,,n/a,0,""
807,"Maxillary process of palatine bone",2,feature,,n/a,0,""
808,"Ethmoidal crest of palatine bone",2,feature,,n/a,0,""
809,"Orbital process",2,feature,,n/a,0,""
810,"Sphenoidal process",2,feature,,n/a,0,""
811,"Horizontal plate of palatine bone",2,structure,bone / cartilage / joint,none,0,""
812,"Nasal surface of horizontal plate",2,feature,,n/a,0,""
813,"Palatine surface of palatine bone",2,feature,,n/a,0,""
814,"Lesser palatine foramina",2,feature,,n/a,0,""
815,"Posterior nasal spine",2,feature,,n/a,0,""
816,"Nasal crest of palatine bone",2,feature,,n/a,0,""
817,"Palatine crest",2,feature,,n/a,0,""
818,"Zygomatic bone",2,structure,bone / cartilage / joint,exact,2,"male:left-zygomatic-bone male:right-zygomatic-bone"
819,"(Os japonicum)",2,structure,other,none,0,""
820,"Lateral surface of zygomatic bone",2,feature,,n/a,0,""
821,"Temporal surface of zygomatic bone",2,feature,,n/a,0,""
822,"Orbital surface of zygomatic bone",2,feature,,n/a,0,""
823,"Temporal process of zygomatic bone",2,feature,,n/a,0,""
824,"Frontal process of zygomatic bone",2,feature,,n/a,0,""
825,"Orbital tubercle",2,feature,,n/a,0,""
826,"(Marginal tubercle)",2,feature,,n/a,0,""
827,"Zygomaticoorbital foramen",2,feature,,n/a,0,""
828,"Zygomaticofacial foramen",2,feature,,n/a,0,""
829,"Zygomaticotemporal foramen",2,feature,,n/a,0,""
830,"Accessory bones of cranium",2,structure,other,none,0,""
831,"(Sutural bone)",2,structure,bone / cartilage / joint,none,0,""
832,"(Interparietal bone)",2,structure,bone / cartilage / joint,none,0,""
833,"(Premaxilla)",2,structure,other,none,0,""
834,"EXTRACRANIAL BONES OF HEAD",2,heading,,n/a,0,""
835,"Mandible",2,structure,bone / cartilage / joint,exact,1,"male:mandible"
836,"Body of mandible",2,feature,,n/a,0,""
837,"Base of mandible",2,feature,,n/a,0,""
838,"(Mandibular symphysis)",2,structure,bone / cartilage / joint,none,0,""
839,"Gnathion",2,structure,other,none,0,""
840,"Mental protuberance",2,structure,other,none,0,""
841,"Mental tubercle",2,feature,,n/a,0,""
842,"Superior mental spine",2,feature,,n/a,0,""
843,"Inferior mental spine",2,feature,,n/a,0,""
844,"Genion",2,structure,other,none,0,""
845,"Mental foramen",2,feature,,n/a,0,""
846,"Oblique line of mandible",2,feature,,n/a,0,""
847,"Digastric fossa",2,feature,,n/a,0,""
848,"Mylohyoid line",2,feature,,n/a,0,""
849,"(Mandibular torus)",2,structure,other,none,0,""
850,"Sublingual fossa",2,feature,,n/a,0,""
851,"Submandibular fossa",2,feature,,n/a,0,""
852,"Alveolar part of mandible",2,structure,bone / cartilage / joint,none,0,""
853,"Alveolar arch of mandible",2,feature,,n/a,0,""
854,"Dental alveoli of mandible",2,structure,bone / cartilage / joint,none,0,""
855,"Interalveolar septa of mandible",2,structure,bone / cartilage / joint,none,0,""
856,"Interradicular septa of mandible",2,structure,bone / cartilage / joint,none,0,""
857,"Alveolar yokes of mandible",2,structure,bone / cartilage / joint,none,0,""
858,"Retromolar triangle",2,space,,n/a,0,""
859,"Retromolar fossa",2,feature,,n/a,0,""
860,"Ramus of mandible",2,structure,bone / cartilage / joint,none,0,""
861,"Angle of mandible",2,feature,,n/a,0,""
862,"Gonion",2,structure,other,none,0,""
863,"(Masseteric tuberosity)",2,feature,,n/a,0,""
864,"(Pterygoid tuberosity)",2,feature,,n/a,0,""
865,"Inferior alveolar foramen",2,feature,,n/a,0,""
866,"Lingula",2,structure,other,partial,1,"male:lingula-of-cerebellum"
867,"Mandibular canal",2,feature,,n/a,0,""
868,"Mylohyoid groove",2,feature,,n/a,0,""
869,"Coronoid process of mandible",2,feature,,n/a,0,""
870,"Temporal crest",2,feature,,n/a,0,""
871,"Mandibular notch",2,feature,,n/a,0,""
872,"Condylar process",2,feature,,n/a,0,""
873,"Mandibular condyle",2,feature,,n/a,0,""
874,"Neck of mandible",2,feature,,n/a,0,""
875,"Pterygoid fovea",2,feature,,n/a,0,""
876,"Hyoid bone",2,structure,bone / cartilage / joint,exact,2,"male:hyoid-bone male:hyoid-bone-2"
877,"Body of hyoid bone",2,feature,,n/a,0,""
878,"Lesser horn of hyoid bone",2,structure,bone / cartilage / joint,none,0,""
879,"Greater horn of hyoid bone",2,structure,bone / cartilage / joint,none,0,""
880,"AUDITORY OSSICLES",2,heading,,n/a,0,""
881,"Malleus",2,structure,eye / ear / sense organ,exact,2,"male:left-malleus male:right-malleus"
882,"Handle of malleus",2,structure,eye / ear / sense organ,none,0,""
883,"Head of malleus",2,feature,,n/a,0,""
884,"Articular facet of head of malleus",2,feature,,n/a,0,""
885,"Neck of malleus",2,feature,,n/a,0,""
886,"Lateral process of malleus",2,feature,,n/a,0,""
887,"Anterior process of malleus",2,feature,,n/a,0,""
888,"Incus",2,structure,eye / ear / sense organ,exact,2,"male:left-incus male:right-incus"
889,"Body of incus",2,feature,,n/a,0,""
890,"Articular facet for malleus",2,feature,,n/a,0,""
891,"Long limb of incus",2,structure,eye / ear / sense organ,none,0,""
892,"Lenticular process of incus",2,feature,,n/a,0,""
893,"Articular facet for stapes",2,feature,,n/a,0,""
894,"Short limb of incus",2,structure,eye / ear / sense organ,none,0,""
895,"Stapes",2,structure,eye / ear / sense organ,exact,2,"male:left-stapes male:right-stapes"
896,"Head of stapes",2,feature,,n/a,0,""
897,"Articular facet of head of stapes",2,feature,,n/a,0,""
898,"Anterior limb of stapes",2,structure,eye / ear / sense organ,none,0,""
899,"Posterior limb of stapes",2,structure,eye / ear / sense organ,none,0,""
900,"Base of stapes",2,feature,,n/a,0,""
901,"TEETH",2,structure,other,none,0,""
902,"Maxillary dental arch",2,structure,other,none,0,""
903,"Mandibular dental arch",2,structure,other,none,0,""
904,"(Diastema)",2,structure,other,none,0,""
905,"Anterior teeth",2,structure,other,none,0,""
906,"Incisor tooth",2,structure,other,partial,8,"male:left-lower-central-secondary-incisor-tooth male:left-lower-lateral-secondary-incisor-tooth male:left-upper-central-secondary-incisor-tooth male:left-upper-lateral-secondary-incisor-tooth"
907,"Canine tooth",2,structure,other,partial,4,"male:left-lower-secondary-canine-tooth male:left-upper-secondary-canine-tooth male:right-lower-secondary-canine-tooth male:right-upper-secondary-canine-tooth"
908,"Posterior teeth",2,structure,other,none,0,""
909,"Premolar tooth",2,structure,other,partial,8,"male:left-lower-first-secondary-premolar-tooth male:left-lower-second-secondary-premolar-tooth male:left-upper-first-secondary-premolar-tooth male:left-upper-second-secondary-premolar-tooth"
910,"Molar tooth",2,structure,other,partial,16,"male:left-lower-first-secondary-molar-tooth male:left-lower-second-secondary-molar-tooth male:left-upper-first-secondary-molar-tooth male:left-upper-second-secondary-molar-tooth"
911,"Third molar tooth",2,structure,other,none,0,""
912,"Deciduous teeth",2,structure,other,none,0,""
913,"Permanent teeth",2,structure,other,none,0,""
914,"Tooth",2,abstract,,n/a,0,""
915,"Crown of tooth",2,structure,other,none,0,""
916,"Occlusal surface of tooth",2,feature,,n/a,0,""
917,"Vestibular surface of tooth",2,feature,,n/a,0,""
918,"Labial surface of tooth",2,feature,,n/a,0,""
919,"Buccal surface of tooth",2,feature,,n/a,0,""
920,"Palatal surface of tooth",2,feature,,n/a,0,""
921,"Lingual surface of tooth",2,feature,,n/a,0,""
922,"Approximal surface of tooth",2,feature,,n/a,0,""
923,"Mesial surface of tooth",2,feature,,n/a,0,""
924,"Distal surface of tooth",2,feature,,n/a,0,""
925,"Cusp of tooth",2,structure,other,none,0,""
926,"Neck of tooth",2,feature,,n/a,0,""
927,"Root of tooth",2,feature,,n/a,0,""
928,"Root apex",2,structure,other,none,0,""
929,"Accessory root",2,structure,other,none,0,""
930,"Pulp cavity",2,space,,n/a,0,""
931,"Pulp cavity of crown",2,space,,n/a,0,""
932,"Root canal",2,feature,,n/a,0,""
933,"Apical foramen",2,feature,,n/a,0,""
934,"Dental pulp",2,structure,other,none,0,""
935,"Crown pulp",2,structure,other,none,0,""
936,"Root pulp",2,structure,other,none,0,""
937,"Dentin",2,structure,other,none,0,""
938,"Enamel",2,structure,other,none,0,""
939,"NASAL CARTILAGES",2,heading,,n/a,0,""
940,"Major alar cartilage",2,structure,bone / cartilage / joint,exact,2,"male:right-major-alar-cartilage male:left-major-alar-cartilage"
941,"Medial crus of major alar cartilage",2,structure,bone / cartilage / joint,none,0,""
942,"Mobile part of nasal septum",2,structure,other,none,0,""
943,"Lateral crus of major alar cartilage",2,structure,bone / cartilage / joint,none,0,""
944,"Minor alar cartilages",2,structure,other,none,0,""
945,"Accessory nasal cartilages",2,abstract,,n/a,0,""
946,"Nasal septal cartilage",2,structure,bone / cartilage / joint,exact,1,"male:septal-nasal-cartilage"
947,"Lateral process of nasal septal cartilage",2,feature,,n/a,0,""
948,"Posterior process of nasal septal cartilage",2,feature,,n/a,0,""
949,"Vomeronasal cartilage",2,structure,bone / cartilage / joint,none,0,""
950,"CARTILAGES OF EAR",2,heading,,n/a,0,""
951,"Auricular cartilage",2,structure,bone / cartilage / joint,none,0,""
952,"Spine of helix",2,feature,,n/a,0,""
953,"Tail of helix",2,structure,other,none,0,""
954,"Isthmus of auricular cartilage",2,structure,bone / cartilage / joint,none,0,""
955,"Terminal notch of auricle",2,feature,,n/a,0,""
956,"Fissura antitragohelicina",2,structure,other,none,0,""
957,"Groove of crus of helix",2,feature,,n/a,0,""
958,"Cartilage of external acoustic meatus",2,feature,,n/a,0,""
959,"Notch in cartilage of external acoustic meatus",2,feature,,n/a,0,""
960,"Tragal lamina",2,structure,other,none,0,""
961,"Cartilage of auditory tube",2,structure,bone / cartilage / joint,none,0,""
962,"Medial lamina of cartilage of auditory tube",2,structure,bone / cartilage / joint,none,0,""
963,"Lateral lamina of cartilage of auditory tube",2,structure,bone / cartilage / joint,none,0,""
964,"LARYNGEAL CARTILAGES",2,heading,,n/a,0,""
965,"Epiglottic cartilage",2,structure,bone / cartilage / joint,exact,1,"female:epiglottic-cartilage"
966,"Stalk of epiglottis",2,structure,other,none,0,""
967,"Thyroid cartilage",2,structure,bone / cartilage / joint,exact,2,"male:thyroid female:thyroid-cartilage"
968,"Laryngeal prominence",2,structure,other,none,0,""
969,"Superior thyroid notch",2,feature,,n/a,0,""
970,"Inferior thyroid notch",2,feature,,n/a,0,""
971,"Lamina of thyroid cartilage",2,structure,bone / cartilage / joint,none,0,""
972,"Superior thyroid tubercle",2,feature,,n/a,0,""
973,"Inferior thyroid tubercle",2,feature,,n/a,0,""
974,"Oblique line of thyroid cartilage",2,feature,,n/a,0,""
975,"Superior horn of thyroid cartilage",2,structure,bone / cartilage / joint,none,0,""
976,"Inferior horn of thyroid cartilage",2,structure,bone / cartilage / joint,none,0,""
977,"(Thyroid foramen)",2,feature,,n/a,0,""
978,"Cricoid cartilage",2,structure,bone / cartilage / joint,exact,3,"male:cricoid-cartilage male:cricoid-cartilage-2 female:f-cricoid-cartilage"
979,"Arch of cricoid cartilage",2,feature,,n/a,0,""
980,"Lamina of cricoid cartilage",2,structure,bone / cartilage / joint,none,0,""
981,"Arytenoid articular surface",2,feature,,n/a,0,""
982,"Thyroid articular surface",2,feature,,n/a,0,""
983,"Arytenoid cartilage",2,structure,bone / cartilage / joint,exact,4,"male:left-arytenoid-cartilage male:right-arytenoid-cartilage female:f-right-arytenoid-cartilage female:f-left-arytenoid-cartilage"
984,"Base of arytenoid cartilage",2,feature,,n/a,0,""
985,"Articular surface of arytenoid cartilage",2,feature,,n/a,0,""
986,"Vocal process",2,feature,,n/a,0,""
987,"Muscular process",2,feature,,n/a,0,""
988,"Anterolateral surface of arytenoid cartilage",2,feature,,n/a,0,""
989,"Arcuate crest",2,feature,,n/a,0,""
990,"Colliculus of arytenoid cartilage",2,structure,bone / cartilage / joint,none,0,""
991,"Oblong fovea",2,feature,,n/a,0,""
992,"Triangular fovea",2,feature,,n/a,0,""
993,"Medial surface of arytenoid cartilage",2,feature,,n/a,0,""
994,"Posterior surface of arytenoid cartilage",2,feature,,n/a,0,""
995,"Apex of arytenoid cartilage",2,feature,,n/a,0,""
996,"Minor laryngeal cartilages",2,structure,other,none,0,""
997,"Corniculate cartilage",2,structure,bone / cartilage / joint,exact,4,"male:left-corniculate-cartilage male:right-corniculate-cartilage female:f-left-corniculate-cartilage female:f-right-corniculate-cartilage"
998,"Cuneiform cartilage",2,structure,bone / cartilage / joint,exact,2,"male:left-cuneiform-cartilage male:right-cuneiform-cartilage"
999,"(Triticeal cartilage)",2,structure,bone / cartilage / joint,none,0,""
1000,"(Sesamoid cartilage of larynx)",2,structure,bone / cartilage / joint,none,0,""
1001,"VERTEBRAL COLUMN",2,heading,,n/a,0,""
1002,"Primary curvatures",2,structure,other,none,0,""
1003,"Thoracic kyphosis",2,structure,other,none,0,""
1004,"Sacral kyphosis",2,structure,other,none,0,""
1005,"Secondary curvatures",2,structure,other,none,0,""
1006,"Cervical lordosis",2,structure,other,none,0,""
1007,"Lumbar lordosis",2,structure,other,none,0,""
1008,"(Scoliosis)",2,structure,other,none,0,""
1009,"Vertebral canal",2,feature,,n/a,0,""
1010,"Bones of vertebral column",2,structure,other,none,0,""
1011,"Vertebra",2,abstract,,n/a,0,""
1012,"Vertebral body",2,structure,other,none,0,""
1013,"Intervertebral surface",2,feature,,n/a,0,""
1014,"Annular epiphysis",2,structure,other,none,0,""
1015,"Vertebral arch",2,structure,other,none,0,""
1016,"Pedicle of vertebral arch",2,structure,other,none,0,""
1017,"Lamina of vertebral arch",2,structure,other,none,0,""
1018,"Pars interarticularis of vertebral arch",2,structure,other,none,0,""
1019,"Intervertebral foramen",2,feature,,n/a,0,""
1020,"Superior vertebral notch",2,feature,,n/a,0,""
1021,"Inferior vertebral notch",2,feature,,n/a,0,""
1022,"Vertebral foramen",2,feature,,n/a,0,""
1023,"Spinous process",2,feature,,n/a,0,""
1024,"Transverse process",2,feature,,n/a,0,""
1025,"Lateral part of transverse process",2,feature,,n/a,0,""
1026,"Costal part of transverse process",2,feature,,n/a,0,""
1027,"Superior articular process of vertebra",2,feature,,n/a,0,""
1028,"Superior articular facet of vertebra",2,feature,,n/a,0,""
1029,"Inferior articular process of vertebra",2,feature,,n/a,0,""
1030,"Inferior articular facet of vertebra",2,feature,,n/a,0,""
1031,"CERVICAL VERTEBRAE",2,structure,other,partial,25,"male:third-cervical-vertebra male:fourth-cervical-vertebra male:fifth-cervical-vertebra male:sixth-cervical-vertebra"
1032,"Cervical vertebra",2,structure,bone / cartilage / joint,partial,25,"male:third-cervical-vertebra male:fourth-cervical-vertebra male:fifth-cervical-vertebra male:sixth-cervical-vertebra"
1033,"Uncinate process of vertebra",2,feature,,n/a,0,""
1034,"Foramen transversarium",2,feature,,n/a,0,""
1035,"Anterior tubercle of transverse process",2,feature,,n/a,0,""
1036,"Posterior tubercle of transverse process",2,feature,,n/a,0,""
1037,"Groove for spinal nerve",2,feature,,n/a,0,""
1038,"Atlas",2,structure,other,exact,1,"male:atlas"
1039,"Lateral mass",2,structure,other,none,0,""
1040,"Superior articular surface of atlas",2,feature,,n/a,0,""
1041,"Inferior articular surface of atlas",2,feature,,n/a,0,""
1042,"Transverse ligament tubercle",2,feature,,n/a,0,""
1043,"Anterior arch of atlas",2,feature,,n/a,0,""
1044,"Facet for dens",2,feature,,n/a,0,""
1045,"Anterior tubercle of atlas",2,feature,,n/a,0,""
1046,"Posterior arch of atlas",2,feature,,n/a,0,""
1047,"Groove for vertebral artery",2,feature,,n/a,0,""
1048,"(Canal for vertebral artery)",2,feature,,n/a,0,""
1049,"Posterior tubercle of atlas",2,feature,,n/a,0,""
1050,"Axis",2,feature,,n/a,0,""
1051,"Dens axis",2,feature,,n/a,0,""
1052,"Apex of dens axis",2,feature,,n/a,0,""
1053,"Anterior articular facet of dens axis",2,feature,,n/a,0,""
1054,"Posterior articular facet of dens axis",2,feature,,n/a,0,""
1055,"Vertebra C6",2,structure,bone / cartilage / joint,exact,1,"male:vertebra-c6"
1056,"Carotid tubercle",2,feature,,n/a,0,""
1057,"Vertebra prominens",2,structure,bone / cartilage / joint,exact,1,"male:vertebra-c7"
1058,"THORACIC VERTEBRAE",2,structure,other,partial,59,"male:tenth-thoracic-vertebra male:eleventh-thoracic-vertebra male:twelfth-thoracic-vertebra male:first-thoracic-vertebra"
1059,"Thoracic vertebra",2,structure,bone / cartilage / joint,partial,59,"male:tenth-thoracic-vertebra male:eleventh-thoracic-vertebra male:twelfth-thoracic-vertebra male:first-thoracic-vertebra"
1060,"Superior costal facet",2,feature,,n/a,0,""
1061,"Inferior costal facet",2,feature,,n/a,0,""
1062,"Transverse costal facets",2,structure,other,none,0,""
1063,"First thoracic vertebra",2,structure,bone / cartilage / joint,exact,1,"male:first-thoracic-vertebra"
1064,"(Uncinate process of first thoracic vertebra)",2,feature,,n/a,0,""
1065,"Lower thoracic vertebra",2,structure,bone / cartilage / joint,none,0,""
1066,"Costal facet",2,feature,,n/a,0,""
1067,"LUMBAR VERTEBRAE",2,structure,other,partial,28,"male:first-lumbar-vertebra male:second-lumbar-vertebra male:third-lumbar-vertebra male:fourth-lumbar-vertebra"
1068,"Lumbar vertebra",2,structure,bone / cartilage / joint,partial,28,"male:first-lumbar-vertebra male:second-lumbar-vertebra male:third-lumbar-vertebra male:fourth-lumbar-vertebra"
1069,"Accessory process",2,feature,,n/a,0,""
1070,"Mammillary process",2,feature,,n/a,0,""
1071,"SACRUM",2,structure,bone / cartilage / joint,exact,1,"male:sacrum"
1072,"Base of sacrum",2,feature,,n/a,0,""
1073,"Promontory",2,structure,other,none,0,""
1074,"Ala of sacrum",2,structure,bone / cartilage / joint,none,0,""
1075,"Superior articular process of sacrum",2,feature,,n/a,0,""
1076,"Lateral part of sacrum",2,structure,bone / cartilage / joint,none,0,""
1077,"Auricular surface of sacrum",2,feature,,n/a,0,""
1078,"Sacral tuberosity",2,feature,,n/a,0,""
1079,"Pelvic surface of sacrum",2,feature,,n/a,0,""
1080,"Transverse ridges",2,structure,other,none,0,""
1081,"Intervertebral foramina",2,feature,,n/a,0,""
1082,"Anterior sacral foramina",2,feature,,n/a,0,""
1083,"Dorsal surface of sacrum",2,feature,,n/a,0,""
1084,"Median sacral crest",2,feature,,n/a,0,""
1085,"Posterior sacral foramina",2,feature,,n/a,0,""
1086,"Intermediate sacral crest",2,feature,,n/a,0,""
1087,"Lateral sacral crest",2,feature,,n/a,0,""
1088,"Sacral horn",2,structure,other,none,0,""
1089,"Sacral canal",2,feature,,n/a,0,""
1090,"Sacral hiatus",2,feature,,n/a,0,""
1091,"Apex of sacrum",2,feature,,n/a,0,""
1092,"COCCYX",2,structure,bone / cartilage / joint,exact,2,"male:coccyx female:coccyx"
1093,"Base of coccyx",2,feature,,n/a,0,""
1094,"Coccygeal horn",2,structure,other,none,0,""
1095,"Apex of coccyx",2,feature,,n/a,0,""
1096,"THORACIC SKELETON",2,heading,,n/a,0,""
1097,"Cavity of bony thorax",2,space,,n/a,0,""
1098,"Superior thoracic aperture",2,feature,,n/a,0,""
1099,"Inferior thoracic aperture",2,feature,,n/a,0,""
1100,"Pulmonary groove",2,feature,,n/a,0,""
1101,"Costal arch",2,structure,other,none,0,""
1102,"Intercostal space",2,space,,n/a,0,""
1103,"Infrasternal angle",2,structure,other,none,0,""
1104,"Bones of thorax",2,structure,other,none,0,""
1105,"RIBS",2,heading,,n/a,0,""
1106,"True ribs",2,structure,other,none,0,""
1107,"First rib",2,structure,bone / cartilage / joint,exact,2,"male:left-first-rib male:right-first-rib"
1108,"Scalene tubercle",2,feature,,n/a,0,""
1109,"Groove for subclavian artery",2,feature,,n/a,0,""
1110,"Groove for subclavian vein",2,feature,,n/a,0,""
1111,"Second rib",2,structure,bone / cartilage / joint,exact,2,"male:left-second-rib male:right-second-rib"
1112,"Tuberosity for serratus anterior muscle",2,feature,,n/a,0,""
1113,"False ribs",2,structure,other,none,0,""
1114,"Floating ribs",2,structure,other,none,0,""
1115,"Supernumerary ribs",2,structure,other,none,0,""
1116,"(Cervical rib)",2,structure,bone / cartilage / joint,none,0,""
1117,"(Lumbar rib)",2,structure,bone / cartilage / joint,none,0,""
1118,"Rib",2,abstract,,n/a,0,""
1119,"Head of rib",2,feature,,n/a,0,""
1120,"Articular facet on head of rib",2,feature,,n/a,0,""
1121,"Crest on head of rib",2,feature,,n/a,0,""
1122,"Neck of rib",2,feature,,n/a,0,""
1123,"Crest on neck of rib",2,feature,,n/a,0,""
1124,"Body of rib",2,feature,,n/a,0,""
1125,"Tubercle of rib",2,feature,,n/a,0,""
1126,"Articular facet on tubercle of rib",2,feature,,n/a,0,""
1127,"Angle of rib",2,feature,,n/a,0,""
1128,"Costal groove",2,feature,,n/a,0,""
1129,"STERNUM",2,structure,bone / cartilage / joint,exact,1,"female:hra10-vh-f-sternum"
1130,"Manubrium of sternum",2,structure,bone / cartilage / joint,exact,1,"male:manubrium-of-sternum"
1131,"Clavicular notch",2,feature,,n/a,0,""
1132,"Jugular notch of sternum",2,feature,,n/a,0,""
1133,"Sternal angle",2,structure,other,none,0,""
1134,"Body of sternum",2,feature,,n/a,0,""
1135,"Xiphoid process",2,feature,,n/a,0,""
1136,"Costal notches",2,structure,other,none,0,""
1137,"ACCESSORY BONES OF THORAX",2,heading,,n/a,0,""
1138,"(Suprasternal bones)",2,structure,other,none,0,""
1139,"Costal cartilages",2,structure,other,partial,34,"male:left-first-costal-cartilage male:left-second-costal-cartilage male:left-third-costal-cartilage male:left-fourth-costal-cartilage"
1140,"Costal cartilage",2,structure,bone / cartilage / joint,partial,34,"male:left-first-costal-cartilage male:left-second-costal-cartilage male:left-third-costal-cartilage male:left-fourth-costal-cartilage"
1141,"BONES OF UPPER LIMB",2,heading,,n/a,0,""
1142,"Bones of pectoral girdle",2,structure,other,none,0,""
1143,"SCAPULA",2,structure,bone / cartilage / joint,exact,2,"male:left-scapula male:right-scapula"
1144,"Costal surface of scapula",2,feature,,n/a,0,""
1145,"Subscapular fossa",2,feature,,n/a,0,""
1146,"Posterior surface of scapula",2,feature,,n/a,0,""
1147,"Spine of scapula",2,feature,,n/a,0,""
1148,"Deltoid tubercle",2,feature,,n/a,0,""
1149,"Spinoglenoid notch",2,feature,,n/a,0,""
1150,"Supraspinous fossa",2,feature,,n/a,0,""
1151,"Infraspinous fossa",2,feature,,n/a,0,""
1152,"Acromion",2,structure,other,none,0,""
1153,"Clavicular facet",2,feature,,n/a,0,""
1154,"Acromial angle",2,structure,other,none,0,""
1155,"Medial border of scapula",2,feature,,n/a,0,""
1156,"Superior angle of scapula",2,feature,,n/a,0,""
1157,"Superior border of scapula",2,feature,,n/a,0,""
1158,"Scapular notch",2,feature,,n/a,0,""
1159,"Coracoid process",2,feature,,n/a,0,""
1160,"Lateral angle of scapula",2,feature,,n/a,0,""
1161,"Glenoid process of scapula",2,feature,,n/a,0,""
1162,"Glenoid fossa",2,feature,,n/a,0,""
1163,"Supraglenoid tubercle",2,feature,,n/a,0,""
1164,"Infraglenoid tubercle",2,feature,,n/a,0,""
1165,"Neck of scapula",2,feature,,n/a,0,""
1166,"Lateral border of scapula",2,feature,,n/a,0,""
1167,"Inferior angle of scapula",2,feature,,n/a,0,""
1168,"CLAVICLE",2,structure,bone / cartilage / joint,exact,2,"male:left-clavicle male:clavicle-scapula"
1169,"Sternal end",2,structure,other,none,0,""
1170,"Sternal articular surface",2,feature,,n/a,0,""
1171,"Impression for costoclavicular ligament",2,feature,,n/a,0,""
1172,"Body of clavicle",2,feature,,n/a,0,""
1173,"Groove for subclavius muscle",2,feature,,n/a,0,""
1174,"Acromial end",2,structure,other,none,0,""
1175,"Acromial facet",2,feature,,n/a,0,""
1176,"Tuberosity for coracoclavicular ligament",2,feature,,n/a,0,""
1177,"Conoid tubercle",2,feature,,n/a,0,""
1178,"Trapezoid line",2,feature,,n/a,0,""
1179,"Bones of free part of upper limb",2,structure,other,none,0,""
1180,"HUMERUS",2,structure,bone / cartilage / joint,exact,2,"male:left-humerus male:humerus"
1181,"Head of humerus",2,feature,,n/a,0,""
1182,"Anatomical neck of humerus",2,feature,,n/a,0,""
1183,"Surgical neck of humerus",2,feature,,n/a,0,""
1184,"Greater tubercle",2,feature,,n/a,0,""
1185,"Lesser tubercle",2,feature,,n/a,0,""
1186,"Intertubercular sulcus",2,feature,,n/a,0,""
1187,"Crest of greater tubercle",2,feature,,n/a,0,""
1188,"Crest of lesser tubercle",2,feature,,n/a,0,""
1189,"Body of humerus",2,feature,,n/a,0,""
1190,"Anteromedial surface of humerus",2,feature,,n/a,0,""
1191,"Anterior border of humerus",2,feature,,n/a,0,""
1192,"Anterolateral surface of humerus",2,feature,,n/a,0,""
1193,"Deltoid tuberosity",2,feature,,n/a,0,""
1194,"Lateral border of humerus",2,feature,,n/a,0,""
1195,"Lateral supracondylar ridge",2,feature,,n/a,0,""
1196,"Posterior surface of humerus",2,feature,,n/a,0,""
1197,"Radial groove",2,feature,,n/a,0,""
1198,"Medial border of humerus",2,feature,,n/a,0,""
1199,"Medial supracondylar ridge",2,feature,,n/a,0,""
1200,"(Supracondylar process)",2,feature,,n/a,0,""
1201,"Condyle of humerus",2,feature,,n/a,0,""
1202,"Capitulum of humerus",2,structure,bone / cartilage / joint,none,0,""
1203,"Trochlea of humerus",2,structure,bone / cartilage / joint,none,0,""
1204,"Olecranon fossa",2,feature,,n/a,0,""
1205,"Coronoid fossa",2,feature,,n/a,0,""
1206,"Radial fossa",2,feature,,n/a,0,""
1207,"Medial epicondyle of humerus",2,feature,,n/a,0,""
1208,"Groove for ulnar nerve",2,feature,,n/a,0,""
1209,"Lateral epicondyle of humerus",2,feature,,n/a,0,""
1210,"RADIUS",2,heading,,n/a,0,""
1211,"Head of radius",2,feature,,n/a,0,""
1212,"Articular facet of head of radius",2,feature,,n/a,0,""
1213,"Articular circumference of head of radius",2,feature,,n/a,0,""
1214,"Neck of radius",2,feature,,n/a,0,""
1215,"Body of radius",2,feature,,n/a,0,""
1216,"Radial tuberosity",2,feature,,n/a,0,""
1217,"Anterior surface of radius",2,feature,,n/a,0,""
1218,"Interosseous border of radius",2,feature,,n/a,0,""
1219,"Posterior surface of radius",2,feature,,n/a,0,""
1220,"Posterior border of radius",2,feature,,n/a,0,""
1221,"Lateral surface of radius",2,feature,,n/a,0,""
1222,"Pronator tuberosity",2,feature,,n/a,0,""
1223,"Anterior border of radius",2,feature,,n/a,0,""
1224,"Suprastyloid crest",2,feature,,n/a,0,""
1225,"Radial styloid process",2,feature,,n/a,0,""
1226,"Dorsal radial tubercle",2,feature,,n/a,0,""
1227,"Grooves for extensor tendons",2,structure,other,none,0,""
1228,"Ulnar notch",2,feature,,n/a,0,""
1229,"Carpal articular surface",2,feature,,n/a,0,""
1230,"ULNA",2,structure,bone / cartilage / joint,exact,2,"male:left-ulna male:right-ulna"
1231,"Olecranon",2,structure,other,none,0,""
1232,"Coronoid process of ulna",2,feature,,n/a,0,""
1233,"Tuberosity of ulna",2,feature,,n/a,0,""
1234,"Radial notch",2,feature,,n/a,0,""
1235,"Trochlear notch",2,feature,,n/a,0,""
1236,"Sublime tubercle",2,feature,,n/a,0,""
1237,"Body of ulna",2,feature,,n/a,0,""
1238,"Supinator crest",2,feature,,n/a,0,""
1239,"Anterior surface of ulna",2,feature,,n/a,0,""
1240,"Interosseous border of ulna",2,feature,,n/a,0,""
1241,"Posterior surface of ulna",2,feature,,n/a,0,""
1242,"Posterior border of ulna",2,feature,,n/a,0,""
1243,"Medial surface of ulna",2,feature,,n/a,0,""
1244,"Anterior border of ulna",2,feature,,n/a,0,""
1245,"Head of ulna",2,feature,,n/a,0,""
1246,"Articular circumference of head of ulna",2,feature,,n/a,0,""
1247,"Ulnar styloid process",2,feature,,n/a,0,""
1248,"BONES OF HAND",2,heading,,n/a,0,""
1249,"Carpal bones",2,structure,bone / cartilage / joint,none,0,""
1250,"Scaphoid bone",2,structure,bone / cartilage / joint,exact,2,"male:right-scaphoid-bone male:left-scaphoid-bone"
1251,"Tubercle of scaphoid bone",2,feature,,n/a,0,""
1252,"Lunate bone",2,structure,bone / cartilage / joint,exact,2,"male:left-lunate-bone male:right-lunate-bone"
1253,"Triquetrum bone",2,structure,bone / cartilage / joint,exact,2,"male:left-triquetrum-bone male:right-triquetrum-bone"
1254,"Pisiform bone",2,structure,bone / cartilage / joint,exact,2,"male:left-pisiform-bone male:right-pisiform-bone"
1255,"Trapezium bone",2,structure,bone / cartilage / joint,exact,2,"male:left-trapezium-bone male:right-trapezium-bone"
1256,"Tubercle of trapezium bone",2,feature,,n/a,0,""
1257,"Trapezoid bone",2,structure,bone / cartilage / joint,exact,2,"male:left-trapezoid-bone male:right-trapezoid-bone"
1258,"Capitate bone",2,structure,bone / cartilage / joint,exact,2,"male:left-capitate-bone male:right-capitate-bone"
1259,"Hamate bone",2,structure,bone / cartilage / joint,exact,2,"male:left-hamate-bone male:right-hamate-bone"
1260,"Hook of hamate bone",2,structure,bone / cartilage / joint,none,0,""
1261,"Carpal groove",2,feature,,n/a,0,""
1262,"Accessory carpal bones",2,abstract,,n/a,0,""
1263,"(Os centrale)",2,structure,other,none,0,""
1264,"Metacarpal bones",2,structure,bone / cartilage / joint,partial,10,"male:left-first-metacarpal-bone male:left-second-metacarpal-bone male:left-third-metacarpal-bone male:left-fourth-metacarpal-bone"
1265,"Metacarpal bone",2,structure,bone / cartilage / joint,partial,10,"male:left-first-metacarpal-bone male:left-second-metacarpal-bone male:left-third-metacarpal-bone male:left-fourth-metacarpal-bone"
1266,"Metacarpal base",2,structure,bone / cartilage / joint,partial,2,"male:left-base-of-peduncle male:right-base-of-peduncle"
1267,"Body of metacarpal bone",2,feature,,n/a,0,""
1268,"Head of metacarpal bone",2,feature,,n/a,0,""
1269,"Third metacarpal bone",2,structure,bone / cartilage / joint,exact,2,"male:left-third-metacarpal-bone male:right-third-metacarpal-bone"
1270,"Styloid process of third metacarpal bone",2,feature,,n/a,0,""
1271,"Phalanges of hand",2,structure,other,none,0,""
1272,"Phalanx of hand",2,structure,bone / cartilage / joint,partial,28,"male:left-distal-phalanx-of-fifth-finger-of-hand male:right-distal-phalanx-of-fifth-finger-of-hand male:left-distal-phalanx-of-first-finger-of-hand male:right-distal-phalanx-of-first-finger-of-hand"
1273,"Base of phalanx of hand",2,feature,,n/a,0,""
1274,"Body of phalanx of hand",2,feature,,n/a,0,""
1275,"Head of phalanx of hand",2,feature,,n/a,0,""
1276,"Trochlea of phalanx of hand",2,structure,bone / cartilage / joint,none,0,""
1277,"Proximal phalanx of hand",2,structure,bone / cartilage / joint,partial,10,"male:left-proximal-phalanx-of-fifth-finger-of-hand male:right-proximal-phalanx-of-fifth-finger-of-hand male:left-proximal-phalanx-of-first-finger-of-hand male:right-proximal-phalanx-of-first-finger-of-hand"
1278,"Middle phalanx of hand",2,structure,bone / cartilage / joint,partial,8,"male:left-middle-phalanx-of-fifth-finger-of-hand male:right-middle-phalanx-of-fifth-finger-of-hand male:left-middle-phalanx-of-fourth-finger-of-hand male:right-middle-phalanx-of-fourth-finger-of-hand"
1279,"Distal phalanx of hand",2,structure,bone / cartilage / joint,partial,10,"male:left-distal-phalanx-of-fifth-finger-of-hand male:right-distal-phalanx-of-fifth-finger-of-hand male:left-distal-phalanx-of-first-finger-of-hand male:right-distal-phalanx-of-first-finger-of-hand"
1280,"Tuberosity of distal phalanx of hand",2,feature,,n/a,0,""
1281,"Sesamoid bones of hand",2,structure,other,none,0,""
1282,"BONY PELVIS",2,heading,,n/a,0,""
1283,"Cavity of bony pelvis",2,space,,n/a,0,""
1284,"Pubic arch",2,structure,other,none,0,""
1285,"Subpubic angle",2,structure,other,none,0,""
1286,"Greater pelvis",2,structure,other,none,0,""
1287,"Lesser pelvis",2,structure,other,none,0,""
1288,"Linea terminalis",2,structure,other,none,0,""
1289,"Pelvic inlet",2,structure,other,none,0,""
1290,"Pelvic outlet",2,structure,other,none,0,""
1291,"Axis of pelvis",2,feature,,n/a,0,""
1292,"Transverse diameter",2,structure,other,none,0,""
1293,"Oblique diameter",2,structure,other,none,0,""
1294,"Conjugate diameters",2,structure,other,none,0,""
1295,"Anatomical conjugate",2,structure,other,none,0,""
1296,"Obstetrical conjugate",2,structure,other,none,0,""
1297,"Diagonal conjugate",2,structure,other,none,0,""
1298,"Straight conjugate",2,structure,other,none,0,""
1299,"Median conjugate",2,structure,other,none,0,""
1300,"External conjugate",2,structure,other,none,0,""
1301,"Interspinous distance",2,structure,other,none,0,""
1302,"Intercristal distance",2,structure,other,none,0,""
1303,"Intertrochanteric distance",2,structure,other,none,0,""
1304,"Pelvic inclination",2,structure,other,none,0,""
1305,"BONES OF LOWER LIMB",2,heading,,n/a,0,""
1306,"Bones of pelvic girdle",2,structure,other,none,0,""
1307,"HIP BONE",2,structure,bone / cartilage / joint,exact,2,"male:right-hip-bone male:left-hip-bone"
1308,"Acetabulum",2,structure,other,none,0,""
1309,"Acetabular margin",2,feature,,n/a,0,""
1310,"Acetabular fossa",2,feature,,n/a,0,""
1311,"Acetabular notch",2,feature,,n/a,0,""
1312,"Lunate surface",2,feature,,n/a,0,""
1313,"Ischiopubic ramus",2,structure,other,none,0,""
1314,"Obturator foramen",2,feature,,n/a,0,""
1315,"Greater sciatic notch",2,feature,,n/a,0,""
1316,"Greater sciatic foramen",2,feature,,n/a,0,""
1317,"Ilium",2,structure,bone / cartilage / joint,none,0,""
1318,"Body of ilium",2,feature,,n/a,0,""
1319,"Supraacetabular groove",2,feature,,n/a,0,""
1320,"Arcuate line of ilium",2,feature,,n/a,0,""
1321,"Ala of ilium",2,structure,bone / cartilage / joint,none,0,""
1322,"Iliac crest",2,feature,,n/a,0,""
1323,"Outer lip of iliac crest",2,feature,,n/a,0,""
1324,"Iliac tubercle",2,feature,,n/a,0,""
1325,"Intermediate zone",2,structure,other,none,0,""
1326,"Inner lip of iliac crest",2,feature,,n/a,0,""
1327,"Anterior superior iliac spine",2,feature,,n/a,0,""
1328,"Anterior inferior iliac spine",2,feature,,n/a,0,""
1329,"Posterior superior iliac spine",2,feature,,n/a,0,""
1330,"Posterior inferior iliac spine",2,feature,,n/a,0,""
1331,"Iliac fossa",2,feature,,n/a,0,""
1332,"Gluteal surface of ilium",2,feature,,n/a,0,""
1333,"Anterior gluteal line",2,feature,,n/a,0,""
1334,"Posterior gluteal line",2,feature,,n/a,0,""
1335,"Inferior gluteal line",2,feature,,n/a,0,""
1336,"Sacropelvic surface of ilium",2,feature,,n/a,0,""
1337,"Auricular surface of ilium",2,feature,,n/a,0,""
1338,"Iliac tuberosity",2,feature,,n/a,0,""
1339,"Ischium",2,structure,bone / cartilage / joint,none,0,""
1340,"Body of ischium",2,feature,,n/a,0,""
1341,"Ramus of ischium",2,structure,bone / cartilage / joint,none,0,""
1342,"Ischial tuberosity",2,feature,,n/a,0,""
1343,"Ischial spine",2,feature,,n/a,0,""
1344,"Lesser sciatic notch",2,feature,,n/a,0,""
1345,"Lesser sciatic foramen",2,feature,,n/a,0,""
1346,"Pubis",2,structure,bone / cartilage / joint,none,0,""
1347,"Body of pubis",2,feature,,n/a,0,""
1348,"Pubic tubercle",2,feature,,n/a,0,""
1349,"Symphyseal surface of pubis",2,feature,,n/a,0,""
1350,"Pubic crest",2,feature,,n/a,0,""
1351,"Superior pubic ramus",2,structure,other,none,0,""
1352,"Iliopubic eminence",2,feature,,n/a,0,""
1353,"Pecten pubis",2,structure,bone / cartilage / joint,none,0,""
1354,"Obturator crest",2,feature,,n/a,0,""
1355,"Obturator groove",2,feature,,n/a,0,""
1356,"Anterior obturator tubercle",2,feature,,n/a,0,""
1357,"(Posterior obturator tubercle)",2,feature,,n/a,0,""
1358,"Inferior pubic ramus",2,structure,other,none,0,""
1359,"Bones of free part of lower limb",2,structure,other,none,0,""
1360,"FEMUR",2,structure,bone / cartilage / joint,exact,4,"male:left-femur male:femur female:right-femur female:f-left-femur"
1361,"Head of femur",2,feature,,n/a,0,""
1362,"Fovea for ligament of head of femur",2,feature,,n/a,0,""
1363,"Neck of femur",2,feature,,n/a,0,""
1364,"Greater trochanter",2,feature,,n/a,0,""
1365,"Trochanteric fossa",2,feature,,n/a,0,""
1366,"Lesser trochanter",2,feature,,n/a,0,""
1367,"(Third trochanter)",2,feature,,n/a,0,""
1368,"Intertrochanteric line",2,feature,,n/a,0,""
1369,"Intertrochanteric crest",2,feature,,n/a,0,""
1370,"Quadrate tubercle",2,feature,,n/a,0,""
1371,"Body of femur",2,feature,,n/a,0,""
1372,"Linea aspera",2,structure,other,none,0,""
1373,"Lateral lip of linea aspera",2,structure,other,none,0,""
1374,"Medial lip of linea aspera",2,structure,other,none,0,""
1375,"Pectineal line of femur",2,feature,,n/a,0,""
1376,"Gluteal tuberosity",2,feature,,n/a,0,""
1377,"Popliteal surface of femur",2,feature,,n/a,0,""
1378,"Medial supracondylar line",2,feature,,n/a,0,""
1379,"Lateral supracondylar line",2,feature,,n/a,0,""
1380,"Medial condyle of femur",2,feature,,n/a,0,""
1381,"Medial epicondyle of femur",2,feature,,n/a,0,""
1382,"Adductor tubercle",2,feature,,n/a,0,""
1383,"Lateral condyle of femur",2,feature,,n/a,0,""
1384,"Lateral epicondyle of femur",2,feature,,n/a,0,""
1385,"Groove for popliteus muscle",2,feature,,n/a,0,""
1386,"Patellar surface of femur",2,feature,,n/a,0,""
1387,"Intercondylar fossa",2,feature,,n/a,0,""
1388,"Intercondylar line",2,feature,,n/a,0,""
1389,"SESAMOID BONES OF KNEE",2,heading,,n/a,0,""
1390,"Patella",2,structure,bone / cartilage / joint,exact,4,"male:left-patella male:right-patella female:f-right-patella female:f-left-patella"
1391,"Base of patella",2,feature,,n/a,0,""
1392,"Apex of patella",2,feature,,n/a,0,""
1393,"Articular surface of patella",2,feature,,n/a,0,""
1394,"Anterior surface of patella",2,feature,,n/a,0,""
1395,"(Fabella)",2,structure,other,none,0,""
1396,"(Cyamella)",2,structure,other,none,0,""
1397,"TIBIA",2,structure,bone / cartilage / joint,exact,4,"male:left-tibia male:right-tibia female:f-right-tibia female:f-left-tibia"
1398,"Tibial plateau",2,structure,other,none,0,""
1399,"Superior articular surfaces of tibia",2,structure,bone / cartilage / joint,none,0,""
1400,"Articular surface of medial condyle",2,feature,,n/a,0,""
1401,"Superior articular surface of lateral condyle",2,feature,,n/a,0,""
1402,"Intercondylar area",2,structure,other,none,0,""
1403,"Anterior intercondylar area",2,structure,other,none,0,""
1404,"Posterior intercondylar area",2,structure,other,none,0,""
1405,"Intercondylar eminence",2,feature,,n/a,0,""
1406,"Medial intercondylar tubercle",2,feature,,n/a,0,""
1407,"Lateral intercondylar tubercle",2,feature,,n/a,0,""
1408,"Medial condyle of tibia",2,feature,,n/a,0,""
1409,"Lateral condyle of tibia",2,feature,,n/a,0,""
1410,"Fibular articular facet",2,feature,,n/a,0,""
1411,"Tubercle of iliotibial tract",2,feature,,n/a,0,""
1412,"Body of tibia",2,feature,,n/a,0,""
1413,"Tibial tuberosity",2,feature,,n/a,0,""
1414,"Medial surface of tibia",2,feature,,n/a,0,""
1415,"Medial border of tibia",2,feature,,n/a,0,""
1416,"Posterior surface of tibia",2,feature,,n/a,0,""
1417,"Soleal line",2,feature,,n/a,0,""
1418,"Interosseous border of tibia",2,feature,,n/a,0,""
1419,"Lateral surface of tibia",2,feature,,n/a,0,""
1420,"Anterior border of tibia",2,feature,,n/a,0,""
1421,"Medial malleolus",2,structure,other,partial,2,"male:left-subcutaneous-bursa-of-medial-malleolus male:right-subcutaneous-bursa-of-medial-malleolus"
1422,"Malleolar groove of tibia",2,feature,,n/a,0,""
1423,"Articular facet of medial malleolus",2,feature,,n/a,0,""
1424,"Posterior malleolus",2,structure,other,none,0,""
1425,"Fibular notch",2,feature,,n/a,0,""
1426,"Inferior articular surface of tibia",2,feature,,n/a,0,""
1427,"FIBULA",2,structure,bone / cartilage / joint,exact,4,"male:left-fibula male:right-fibula female:f-right-fibula female:f-left-fibula"
1428,"Head of fibula",2,feature,,n/a,0,""
1429,"Articular facet of head of fibula",2,feature,,n/a,0,""
1430,"Apex of head of fibula",2,feature,,n/a,0,""
1431,"Neck of fibula",2,feature,,n/a,0,""
1432,"Body of fibula",2,feature,,n/a,0,""
1433,"Lateral surface of fibula",2,feature,,n/a,0,""
1434,"Anterior border of fibula",2,feature,,n/a,0,""
1435,"Medial surface of fibula",2,feature,,n/a,0,""
1436,"Anteromedial surface of fibula",2,feature,,n/a,0,""
1437,"Interosseous crest of fibula",2,feature,,n/a,0,""
1438,"Posteromedial surface of fibula",2,feature,,n/a,0,""
1439,"Medial border of fibula",2,feature,,n/a,0,""
1440,"Posterior surface of fibula",2,feature,,n/a,0,""
1441,"Posterior border of fibula",2,feature,,n/a,0,""
1442,"Lateral malleolus",2,structure,other,partial,2,"male:left-subcutaneous-bursa-of-lateral-malleolus male:right-subcutaneous-bursa-of-lateral-malleolus"
1443,"Articular facet of lateral malleolus",2,feature,,n/a,0,""
1444,"Malleolar fossa",2,feature,,n/a,0,""
1445,"Malleolar groove of fibula",2,feature,,n/a,0,""
1446,"BONES OF FOOT",2,heading,,n/a,0,""
1447,"Tarsal bones",2,structure,bone / cartilage / joint,none,0,""
1448,"Talus",2,structure,other,exact,2,"male:left-talus male:right-talus"
1449,"Head of talus",2,feature,,n/a,0,""
1450,"Navicular articular surface",2,feature,,n/a,0,""
1451,"Facet for plantar calcaneonavicular ligament",2,feature,,n/a,0,""
1452,"Facet for calcaneonavicular part of bifurcate ligament",2,feature,,n/a,0,""
1453,"Anterior facet for calcaneus",2,feature,,n/a,0,""
1454,"Neck of talus",2,feature,,n/a,0,""
1455,"Middle facet for calcaneus",2,feature,,n/a,0,""
1456,"Talar sulcus",2,feature,,n/a,0,""
1457,"Body of talus",2,feature,,n/a,0,""
1458,"Trochlea of talus",2,structure,other,none,0,""
1459,"Superior facet of talus",2,feature,,n/a,0,""
1460,"Lateral malleolar facet",2,feature,,n/a,0,""
1461,"Lateral process of talus",2,feature,,n/a,0,""
1462,"Medial malleolar facet",2,feature,,n/a,0,""
1463,"Posterior process of talus",2,feature,,n/a,0,""
1464,"Groove for tendon of flexor longus hallucis of talus",2,feature,,n/a,0,""
1465,"Lateral tubercle",2,feature,,n/a,0,""
1466,"Medial tubercle",2,feature,,n/a,0,""
1467,"Posterior calcaneal articular facet",2,feature,,n/a,0,""
1468,"Calcaneus",2,structure,other,exact,2,"male:left-calcaneus male:right-calcaneus"
1469,"Calcaneal tuberosity",2,feature,,n/a,0,""
1470,"Medial process of calcaneal tuberosity",2,feature,,n/a,0,""
1471,"Lateral process of calcaneal tuberosity",2,feature,,n/a,0,""
1472,"Calcaneal tubercle",2,feature,,n/a,0,""
1473,"Sustentaculum tali",2,structure,other,none,0,""
1474,"Groove for tendon of flexor longus hallucis of calcaneus",2,feature,,n/a,0,""
1475,"Calcaneal sulcus",2,feature,,n/a,0,""
1476,"Tarsal sinus",2,structure,bone / cartilage / joint,none,0,""
1477,"Anterior talar articular surface",2,feature,,n/a,0,""
1478,"Middle talar articular surface",2,feature,,n/a,0,""
1479,"Posterior talar articular surface",2,feature,,n/a,0,""
1480,"Groove for tendon of fibularis longus muscle of calcaneus",2,feature,,n/a,0,""
1481,"Fibular trochlea",2,structure,other,none,0,""
1482,"Articular surface for cuboid",2,feature,,n/a,0,""
1483,"Anterior process of calcaneus",2,feature,,n/a,0,""
1484,"Navicular bone",2,structure,bone / cartilage / joint,exact,2,"male:left-navicular-bone male:right-navicular-bone"
1485,"Tuberosity of navicular bone",2,feature,,n/a,0,""
1486,"Medial cuneiform bone",2,structure,bone / cartilage / joint,exact,2,"male:left-medial-cuneiform-bone male:right-medial-cuneiform-bone"
1487,"Intermediate cuneiform bone",2,structure,bone / cartilage / joint,exact,2,"male:left-intermediate-cuneiform-bone male:right-intermediate-cuneiform-bone"
1488,"Lateral cuneiform bone",2,structure,bone / cartilage / joint,exact,2,"male:left-lateral-cuneiform-bone male:right-lateral-cuneiform-bone"
1489,"Cuboid bone",2,structure,bone / cartilage / joint,exact,2,"male:left-cuboid-bone male:right-cuboid-bone"
1490,"Groove for tendon of fibularis longus muscle of cuboid bone",2,feature,,n/a,0,""
1491,"Tuberosity of cuboid bone",2,feature,,n/a,0,""
1492,"Calcaneal process",2,feature,,n/a,0,""
1493,"Accessory tarsal bones",2,abstract,,n/a,0,""
1494,"(Os trigonum)",2,structure,other,none,0,""
1495,"Metatarsal bones",2,structure,bone / cartilage / joint,partial,10,"male:left-first-metatarsal-bone male:left-second-metatarsal-bone male:left-third-metatarsal-bone male:left-fourth-metatarsal-bone"
1496,"Metatarsal bone",2,structure,bone / cartilage / joint,partial,10,"male:left-first-metatarsal-bone male:left-second-metatarsal-bone male:left-third-metatarsal-bone male:left-fourth-metatarsal-bone"
1497,"Base of metatarsal bone",2,feature,,n/a,0,""
1498,"Body of metatarsal bone",2,feature,,n/a,0,""
1499,"Head of metatarsal bone",2,feature,,n/a,0,""
1500,"First metatarsal bone",2,structure,bone / cartilage / joint,exact,2,"male:left-first-metatarsal-bone male:right-first-metatarsal-bone"
1501,"Tuberosity of first metatarsal bone",2,feature,,n/a,0,""
1502,"Fifth metatarsal bone",2,structure,bone / cartilage / joint,exact,2,"male:left-fifth-metatarsal-bone male:right-fifth-metatarsal-bone"
1503,"Tuberosity of fifth metatarsal bone",2,feature,,n/a,0,""
1504,"Phalanges of foot",2,structure,other,none,0,""
1505,"Phalanx of foot",2,structure,bone / cartilage / joint,partial,28,"male:left-distal-phalanx-of-fifth-finger-of-foot male:right-distal-phalanx-of-fifth-finger-of-foot male:left-distal-phalanx-of-first-finger-of-foot male:right-distal-phalanx-of-first-finger-of-foot"
1506,"Base of phalanx of foot",2,feature,,n/a,0,""
1507,"Body of phalanx of foot",2,feature,,n/a,0,""
1508,"Head of phalanx of foot",2,feature,,n/a,0,""
1509,"Trochlea of phalanx of foot",2,structure,bone / cartilage / joint,none,0,""
1510,"Proximal phalanx of foot",2,structure,bone / cartilage / joint,partial,10,"male:left-proximal-phalanx-of-fifth-finger-of-foot male:right-proximal-phalanx-of-fifth-finger-of-foot male:left-proximal-phalanx-of-first-finger-of-foot male:right-proximal-phalanx-of-first-finger-of-foot"
1511,"Middle phalanx of foot",2,structure,bone / cartilage / joint,partial,8,"male:left-middle-phalanx-of-fifth-finger-of-foot male:right-middle-phalanx-of-fifth-finger-of-foot male:left-middle-phalanx-of-fourth-finger-of-foot male:right-middle-phalanx-of-fourth-finger-of-foot"
1512,"Distal phalanx of foot",2,structure,bone / cartilage / joint,partial,10,"male:left-distal-phalanx-of-fifth-finger-of-foot male:right-distal-phalanx-of-fifth-finger-of-foot male:left-distal-phalanx-of-first-finger-of-foot male:right-distal-phalanx-of-first-finger-of-foot"
1513,"Tuberosity of distal phalanx of foot",2,feature,,n/a,0,""
1514,"Sesamoid bones of foot",2,structure,other,exact,4,"male:sesamoid-bone-of-left-foot male:sesamoid-bone-of-left-foot-2 male:sesamoid-bone-of-right-foot male:sesamoid-bone-of-right-foot-2"
1515,"JOINTS",3,heading,,n/a,0,""
1516,"Joint",3,abstract,,n/a,0,""
1517,"Fibrous joints",3,abstract,,n/a,0,""
1518,"Syndesmoses",3,structure,other,none,0,""
1519,"Interosseous ligament",3,structure,ligament / capsule,partial,24,"male:left-capitohamate-interosseous-ligament male:right-capitohamate-interosseous-ligament male:left-cuneocuboid-interosseous-ligament male:right-cuneocuboid-interosseous-ligament"
1520,"Interosseous membrane",3,structure,other,partial,4,"male:interosseous-membrane-of-right-leg male:interosseous-membrane-of-left-leg male:interosseous-membrane-of-right-forearm male:interosseous-membrane-of-left-forearm"
1521,"Gomphosis",3,structure,other,none,0,""
1522,"Sutures",3,structure,other,none,0,""
1523,"Plane suture",3,feature,,n/a,0,""
1524,"Limbous suture",3,structure,bone / cartilage / joint,none,0,""
1525,"Serrate suture",3,structure,bone / cartilage / joint,none,0,""
1526,"Denticulate suture",3,structure,bone / cartilage / joint,none,0,""
1527,"Schindylesis",3,structure,other,none,0,""
1528,"Cartilaginous joints",3,abstract,,n/a,0,""
1529,"Synchondroses",3,structure,other,none,0,""
1530,"Epiphyseal cartilage",3,structure,bone / cartilage / joint,none,0,""
1531,"Symphysis",3,structure,bone / cartilage / joint,partial,2,"male:pubic-symphysis male:sacrococcygeal-symphysis"
1532,"Synostosis",3,structure,other,none,0,""
1533,"Synovial joint",3,abstract,,n/a,0,""
1534,"Articular cavity",3,space,,n/a,0,""
1535,"Synovial fluid",3,structure,other,none,0,""
1536,"Articular capsule",3,structure,ligament / capsule,partial,32,"male:left-articular-capsule-of-acromioclavicular-joint male:right-articular-capsule-of-acromioclavicular-joint male:left-articular-capsule-of-elbow-joint male:right-articular-capsule-of-elbow-joint"
1537,"Fibrous layer of articular capsule",3,structure,ligament / capsule,none,0,""
1538,"Synovial membrane of articular capsule",3,structure,ligament / capsule,none,0,""
1539,"Synovial fold",3,structure,other,none,0,""
1540,"Synovial villus",3,structure,other,none,0,""
1541,"Articular fibrocartilage",3,structure,other,none,0,""
1542,"Articular labrum",3,structure,ligament / capsule,none,0,""
1543,"Articular disc",3,structure,other,partial,8,"male:left-articular-disc-of-acromioclavicular-joint male:right-articular-disc-of-acromioclavicular-joint male:left-articular-disc-of-distal-radio-ulnar-joint male:right-articular-disc-of-distal-radio-ulnar-joint"
1544,"Meniscus",3,structure,ligament / capsule,partial,12,"male:left-anterior-meniscotibial-ligament-lateral-meniscus male:right-anterior-meniscotibial-ligament-lateral-meniscus male:left-anterior-meniscotibial-ligament-medial-meniscus male:right-anterior-meniscotibial-ligament-medial-meniscus"
1545,"Accessory ligaments",3,structure,ligament / capsule,none,0,""
1546,"Intracapsular ligament",3,structure,ligament / capsule,none,0,""
1547,"Capsular ligament",3,structure,ligament / capsule,none,0,""
1548,"Extracapsular ligament",3,structure,ligament / capsule,none,0,""
1549,"Articular recess",3,space,,n/a,0,""
1550,"Synarthrosis",3,structure,other,none,0,""
1551,"Amphiarthrosis",3,structure,other,none,0,""
1552,"Diarthrosis",3,structure,other,none,0,""
1553,"Simple joint",3,abstract,,n/a,0,""
1554,"Complex joint",3,structure,bone / cartilage / joint,none,0,""
1555,"Plane joint",3,feature,,n/a,0,""
1556,"Cylindrical joints",3,structure,other,none,0,""
1557,"Pivot joint",3,structure,bone / cartilage / joint,none,0,""
1558,"Hinge joint",3,structure,bone / cartilage / joint,none,0,""
1559,"Bicondylar joint",3,structure,bone / cartilage / joint,none,0,""
1560,"Saddle joint",3,structure,bone / cartilage / joint,none,0,""
1561,"Ellipsoid joint",3,structure,bone / cartilage / joint,none,0,""
1562,"Ball and socket joint",3,structure,bone / cartilage / joint,none,0,""
1563,"JOINTS OF SKULL",3,heading,,n/a,0,""
1564,"CRANIAL FIBROUS JOINTS",3,heading,,n/a,0,""
1565,"Cranial syndesmoses",3,structure,other,none,0,""
1566,"Pterygospinous ligament",3,structure,ligament / capsule,exact,2,"male:left-pterygospinous-ligament male:right-pterygospinous-ligament"
1567,"Stylohyoid ligament",3,structure,ligament / capsule,exact,2,"male:left-stylohyoid-ligament male:right-stylohyoid-ligament"
1568,"Sphenomandibular ligament",3,structure,ligament / capsule,exact,2,"male:left-sphenomandibular-ligament male:right-sphenomandibular-ligament"
1569,"Stylomandibular ligament",3,structure,ligament / capsule,exact,2,"male:left-stylomandibular-ligament male:right-stylomandibular-ligament"
1570,"Ligaments of auricle",3,structure,ligament / capsule,none,0,""
1571,"Anterior ligament of auricle",3,structure,ligament / capsule,none,0,""
1572,"Superior ligament of auricle",3,structure,ligament / capsule,none,0,""
1573,"Posterior ligament of auricle",3,structure,ligament / capsule,none,0,""
1574,"Cranial sutures",3,structure,other,none,0,""
1575,"Coronal suture",3,structure,bone / cartilage / joint,none,0,""
1576,"Sagittal suture",3,structure,bone / cartilage / joint,none,0,""
1577,"Lambdoid suture",3,structure,bone / cartilage / joint,none,0,""
1578,"Occipitomastoid suture",3,structure,bone / cartilage / joint,none,0,""
1579,"(Accessory occipital suture)",3,structure,bone / cartilage / joint,none,0,""
1580,"Sphenofrontal suture",3,structure,bone / cartilage / joint,none,0,""
1581,"Sphenoethmoidal suture",3,structure,bone / cartilage / joint,none,0,""
1582,"Sphenosquamous suture",3,structure,bone / cartilage / joint,none,0,""
1583,"Sphenoparietal suture",3,structure,bone / cartilage / joint,none,0,""
1584,"Squamous suture",3,structure,bone / cartilage / joint,none,0,""
1585,"(Frontal suture)",3,structure,bone / cartilage / joint,none,0,""
1586,"Parietomastoid suture",3,structure,bone / cartilage / joint,none,0,""
1587,"(Squamomastoid suture)",3,structure,bone / cartilage / joint,none,0,""
1588,"Frontonasal suture",3,structure,bone / cartilage / joint,none,0,""
1589,"Frontoethmoidal suture",3,structure,bone / cartilage / joint,none,0,""
1590,"Frontomaxillary suture",3,structure,bone / cartilage / joint,none,0,""
1591,"Frontolacrimal suture",3,structure,bone / cartilage / joint,none,0,""
1592,"Frontozygomatic suture",3,structure,bone / cartilage / joint,none,0,""
1593,"Zygomaticomaxillary suture",3,structure,bone / cartilage / joint,none,0,""
1594,"Ethmoidomaxillary suture",3,structure,bone / cartilage / joint,none,0,""
1595,"Ethmoidolacrimal suture",3,structure,bone / cartilage / joint,none,0,""
1596,"Sphenovomerine suture",3,structure,bone / cartilage / joint,none,0,""
1597,"Sphenozygomatic suture",3,structure,bone / cartilage / joint,none,0,""
1598,"Sphenomaxillary suture",3,structure,bone / cartilage / joint,none,0,""
1599,"Temporozygomatic suture",3,structure,bone / cartilage / joint,none,0,""
1600,"Internasal suture",3,structure,bone / cartilage / joint,none,0,""
1601,"Nasomaxillary suture",3,structure,bone / cartilage / joint,none,0,""
1602,"Lacrimomaxillary suture",3,structure,bone / cartilage / joint,none,0,""
1603,"Lacrimoconchal suture",3,structure,bone / cartilage / joint,none,0,""
1604,"Intermaxillary suture",3,structure,bone / cartilage / joint,none,0,""
1605,"(Incisive suture)",3,structure,bone / cartilage / joint,none,0,""
1606,"Palatomaxillary suture",3,structure,bone / cartilage / joint,none,0,""
1607,"Palatoethmoidal suture",3,structure,bone / cartilage / joint,none,0,""
1608,"Median palatine suture",3,structure,bone / cartilage / joint,none,0,""
1609,"Transverse palatine suture",3,structure,bone / cartilage / joint,none,0,""
1610,"Dentoalveolar syndesmosis",3,structure,other,none,0,""
1611,"Periodontal ligament",3,structure,ligament / capsule,none,0,""
1612,"Cement",3,structure,other,none,0,""
1613,"CRANIAL CARTILAGINOUS JOINTS",3,heading,,n/a,0,""
1614,"Cranial synchondroses",3,structure,other,none,0,""
1615,"Sphenooccipital synchondrosis",3,structure,other,none,0,""
1616,"Sphenopetrosal synchondrosis",3,structure,other,none,0,""
1617,"Petrooccipital synchondrosis",3,structure,other,none,0,""
1618,"(Posterior intraoccipital synchondrosis)",3,structure,other,none,0,""
1619,"(Anterior intraoccipital synchondrosis)",3,structure,other,none,0,""
1620,"Sphenoethmoidal synchondrosis",3,structure,other,none,0,""
1621,"CRANIAL SYNOVIAL JOINTS",3,heading,,n/a,0,""
1622,"Temporomandibular joint",3,structure,bone / cartilage / joint,partial,4,"male:left-articular-capsule-of-temporomandibular-joint male:right-articular-capsule-of-temporomandibular-joint male:left-articular-disc-of-temporomandibular-joint male:right-articular-disc-of-temporomandibular-joint"
1623,"Articular disc of temporomandibular joint",3,structure,bone / cartilage / joint,exact,2,"male:left-articular-disc-of-temporomandibular-joint male:right-articular-disc-of-temporomandibular-joint"
1624,"Lateral temporomandibular ligament",3,structure,ligament / capsule,exact,2,"male:left-lateral-temporomandibular-ligament male:right-lateral-temporomandibular-ligament"
1625,"Medial temporomandibular ligament",3,structure,ligament / capsule,none,0,""
1626,"Superior synovial membrane of temporomandibular joint",3,structure,bone / cartilage / joint,none,0,""
1627,"Inferior synovial membrane of temporomandibular joint",3,structure,bone / cartilage / joint,none,0,""
1628,"Superior cavity of temporomandibular joint",3,space,,n/a,0,""
1629,"Inferior cavity of temporomandibular joint",3,space,,n/a,0,""
1630,"Atlantooccipital joint",3,structure,bone / cartilage / joint,none,0,""
1631,"Anterior atlantooccipital membrane",3,structure,other,none,0,""
1632,"(Anterior atlantooccipital ligament)",3,structure,ligament / capsule,none,0,""
1633,"Posterior atlantooccipital membrane",3,structure,other,none,0,""
1634,"Lateral atlantooccipital ligament",3,structure,ligament / capsule,none,0,""
1635,"JOINTS OF AUDITORY OSSICLES",3,heading,,n/a,0,""
1636,"FIBROUS JOINTS OF AUDITORY OSSICLES",3,heading,,n/a,0,""
1637,"Tympanostapedial syndesmosis",3,structure,other,none,0,""
1638,"Ligaments of auditory ossicles",3,structure,ligament / capsule,none,0,""
1639,"Anterior ligament of malleus",3,structure,ligament / capsule,none,0,""
1640,"Superior ligament of malleus",3,structure,ligament / capsule,none,0,""
1641,"Lateral ligament of malleus",3,structure,ligament / capsule,none,0,""
1642,"Superior ligament of incus",3,structure,ligament / capsule,none,0,""
1643,"Posterior ligament of incus",3,structure,ligament / capsule,none,0,""
1644,"Stapedial membrane",3,structure,other,none,0,""
1645,"Annular ligament of stapes",3,structure,ligament / capsule,none,0,""
1646,"ARTICULATIONS OF AUDITORY OSSICLES",3,heading,,n/a,0,""
1647,"Incudomallear joint",3,structure,bone / cartilage / joint,none,0,""
1648,"Incudostapedial joint",3,structure,bone / cartilage / joint,none,0,""
1649,"LARYNGEAL JOINTS",3,heading,,n/a,0,""
1650,"FIBROUS JOINTS OF LARYNX",3,heading,,n/a,0,""
1651,"Thyrohyoid membrane",3,structure,other,exact,2,"male:left-thyrohyoid-membrane male:right-thyrohyoid-membrane"
1652,"Median thyrohyoid ligament",3,structure,ligament / capsule,exact,1,"male:median-thyrohyoid-ligament"
1653,"Lateral thyrohyoid ligament",3,structure,ligament / capsule,exact,2,"male:left-lateral-thyrohyoid-ligament male:right-lateral-thyrohyoid-ligament"
1654,"Ligaments of epiglottis",3,structure,ligament / capsule,none,0,""
1655,"Thyroepiglottic ligament",3,structure,ligament / capsule,exact,1,"male:intrinsic-ligament-of-larynx"
1656,"Hyoepiglottic ligament",3,structure,ligament / capsule,exact,1,"male:extrinsic-ligament-of-larynx"
1657,"Fibroelastic membrane of larynx",3,structure,viscus (thorax / abdomen / pelvis),none,0,""
1658,"Quadrangular membrane",3,structure,other,exact,2,"male:left-quadrangular-membrane male:right-quadrangular-membrane"
1659,"Vestibular ligament",3,structure,ligament / capsule,none,0,""
1660,"Conus elasticus",3,structure,other,exact,2,"male:left-conus-elasticus male:right-conus-elasticus"
1661,"Vocal ligament",3,structure,ligament / capsule,exact,2,"male:left-vocal-ligament male:right-vocal-ligament"
1662,"Median cricothyroid ligament",3,structure,ligament / capsule,exact,1,"male:median-cricothyroid-ligament"
1663,"Cricotracheal ligament",3,structure,ligament / capsule,none,0,""
1664,"SYNOVIAL JOINTS OF LARYNX",3,heading,,n/a,0,""
1665,"Cricothyroid joint",3,structure,bone / cartilage / joint,none,0,""
1666,"Ceratocricoid ligament",3,structure,ligament / capsule,none,0,""
1667,"Cricoarytenoid joint",3,structure,bone / cartilage / joint,none,0,""
1668,"Cricoarytenoid ligament",3,structure,ligament / capsule,none,0,""
1669,"Cricopharyngeal ligament",3,structure,ligament / capsule,exact,2,"male:left-cricopharyngeal-ligament male:right-cricopharyngeal-ligament"
1670,"JOINTS OF VERTEBRAL COLUMN",3,heading,,n/a,0,""
1671,"FIBROUS JOINTS OF VERTEBRAL COLUMN",3,heading,,n/a,0,""
1672,"Anterior atlantoaxial membrane",3,structure,other,none,0,""
1673,"Posterior atlantoaxial membrane",3,structure,other,none,0,""
1674,"Interspinous ligaments",3,structure,ligament / capsule,exact,1,"male:interspinous-ligaments"
1675,"Ligamenta flava",3,structure,other,exact,1,"male:ligamenta-flava"
1676,"Intertransverse ligaments",3,structure,ligament / capsule,none,0,""
1677,"Supraspinous ligament",3,structure,ligament / capsule,exact,1,"male:supraspinous-ligament"
1678,"Nuchal ligament",3,structure,ligament / capsule,exact,1,"male:nuchal-ligament"
1679,"Anterior longitudinal ligament",3,structure,ligament / capsule,exact,1,"male:anterior-longitudinal-ligament"
1680,"Posterior longitudinal ligament",3,structure,ligament / capsule,exact,1,"male:posterior-longitudinal-ligament"
1681,"Intercornual ligament",3,structure,ligament / capsule,exact,2,"male:left-intercornual-ligament male:right-intercornual-ligament"
1682,"CARTILAGINOUS JOINTS OF VERTEBRAL COLUMN",3,heading,,n/a,0,""
1683,"Intervertebral symphysis",3,structure,bone / cartilage / joint,none,0,""
1684,"Intervertebral disc",3,structure,other,partial,23,"male:intervertebral-disc-c2-c3 male:intervertebral-disc-c3-c4 male:intervertebral-disc-c4-c5 male:intervertebral-disc-c5-c6"
1685,"Anulus fibrosus",3,structure,other,none,0,""
1686,"Nucleus pulposus",3,structure,brain / spinal cord / meninges,partial,47,"male:nucleus-pulposus-c2-c3 male:nucleus-pulposus-c3-c4 male:nucleus-pulposus-c4-c5 male:nucleus-pulposus-c5-c6"
1687,"Lumbosacral symphysis",3,structure,bone / cartilage / joint,none,0,""
1688,"Sacrococcygeal joint",3,structure,bone / cartilage / joint,none,0,""
1689,"Superficial posterior sacrococcygeal ligament",3,structure,ligament / capsule,none,0,""
1690,"Deep posterior sacrococcygeal ligament",3,structure,ligament / capsule,none,0,""
1691,"Anterior sacrococcygeal ligament",3,structure,ligament / capsule,none,0,""
1692,"Lateral sacrococcygeal ligament",3,structure,ligament / capsule,none,0,""
1693,"SYNOVIAL JOINTS OF VERTEBRAL COLUMN",3,heading,,n/a,0,""
1694,"Median atlantoaxial joint",3,structure,bone / cartilage / joint,none,0,""
1695,"Alar ligaments",3,structure,ligament / capsule,none,0,""
1696,"(Transverse occitpital ligament)",3,structure,ligament / capsule,none,0,""
1697,"Apical ligament of dens",3,structure,ligament / capsule,none,0,""
1698,"Anterior atlantodental ligament",3,structure,ligament / capsule,none,0,""
1699,"Cruciform ligament",3,structure,ligament / capsule,none,0,""
1700,"Longitudinal bands of cruciform ligament",3,structure,ligament / capsule,none,0,""
1701,"Superior longitudinal band of cruciform ligament",3,structure,ligament / capsule,none,0,""
1702,"Inferior longitudinal band of cruciform ligament",3,structure,ligament / capsule,none,0,""
1703,"Transverse ligament of atlas",3,structure,ligament / capsule,none,0,""
1704,"Tectorial membrane of cervical vertebral column",3,structure,other,none,0,""
1705,"Lateral atlantoaxial joint",3,structure,bone / cartilage / joint,none,0,""
1706,"Uncovertebral joints",3,structure,other,none,0,""
1707,"Zygapophyseal joints",3,structure,other,none,0,""
1708,"THORACIC JOINTS",3,heading,,n/a,0,""
1709,"FIBROUS JOINTS OF THORAX",3,heading,,n/a,0,""
1710,"External intercostal membrane",3,structure,other,exact,2,"male:left-external-intercostal-membrane male:right-external-intercostal-membrane"
1711,"Internal intercostal membrane",3,structure,other,exact,2,"male:left-internal-intercostal-membrane male:right-internal-intercostal-membrane"
1712,"CARTILAGINOUS JOINTS OF THORAX",3,heading,,n/a,0,""
1713,"Sternochondral synchondrosis of first rib",3,structure,bone / cartilage / joint,none,0,""
1714,"Costochondral joints",3,structure,other,none,0,""
1715,"Cartilaginous joints of sternum",3,structure,bone / cartilage / joint,none,0,""
1716,"Xiphisternal joint",3,structure,bone / cartilage / joint,none,0,""
1717,"Manubriosternal joint",3,structure,bone / cartilage / joint,none,0,""
1718,"(Manubriosternal synchondrosis)",3,structure,other,none,0,""
1719,"SYNOVIAL JOINTS OF THORAX",3,heading,,n/a,0,""
1720,"Costovertebral joints",3,structure,other,none,0,""
1721,"Joint of head of rib",3,feature,,n/a,0,""
1722,"Radiate ligament of head of rib",3,feature,,n/a,0,""
1723,"Intraarticular ligament of head of rib",3,feature,,n/a,0,""
1724,"Costotransverse joint",3,structure,bone / cartilage / joint,none,0,""
1725,"Costotransverse ligament",3,structure,ligament / capsule,exact,2,"male:left-costotransverse-ligament male:right-costotransverse-ligament"
1726,"Superior costotransverse ligament",3,structure,ligament / capsule,none,0,""
1727,"Lateral costotransverse ligament",3,structure,ligament / capsule,none,0,""
1728,"Lumbocostal ligament",3,structure,ligament / capsule,none,0,""
1729,"Costotransverse foramen",3,feature,,n/a,0,""
1730,"Sternochondral joints",3,structure,other,none,0,""
1731,"Intraarticular sternochondral ligament",3,structure,ligament / capsule,none,0,""
1732,"Radiate sternochondral ligaments",3,structure,ligament / capsule,none,0,""
1733,"Sternal membrane",3,structure,other,none,0,""
1734,"Xiphichondral ligaments",3,structure,ligament / capsule,none,0,""
1735,"Interchondral joints",3,structure,other,none,0,""
1736,"Interchondral ligaments",3,structure,ligament / capsule,none,0,""
1737,"JOINTS OF UPPER LIMB",3,heading,,n/a,0,""
1738,"Joints of pectoral girdle",3,structure,other,none,0,""
1739,"FIBROUS JOINTS OF PECTORAL GIRDLE",3,heading,,n/a,0,""
1740,"Coracoacromial ligament",3,structure,ligament / capsule,exact,2,"male:left-coraco-acromial-ligament male:right-coraco-acromial-ligament"
1741,"Superior transverse scapular ligament",3,structure,ligament / capsule,exact,2,"male:left-superior-transverse-scapular-ligament male:right-superior-transverse-scapular-ligament"
1742,"(Inferior transverse scapular ligament)",3,structure,ligament / capsule,exact,2,"male:left-inferior-transverse-scapular-ligament male:right-inferior-transverse-scapular-ligament"
1743,"SYNOVIAL JOINTS OF PECTORAL GIRDLE",3,heading,,n/a,0,""
1744,"Acromioclavicular joint",3,structure,bone / cartilage / joint,partial,4,"male:left-articular-capsule-of-acromioclavicular-joint male:right-articular-capsule-of-acromioclavicular-joint male:left-articular-disc-of-acromioclavicular-joint male:right-articular-disc-of-acromioclavicular-joint"
1745,"Acromioclavicular ligament",3,structure,ligament / capsule,exact,2,"male:left-acromioclavicular-ligament male:right-acromioclavicular-ligament"
1746,"Articular disc of acromioclavicular joint",3,structure,bone / cartilage / joint,exact,2,"male:left-articular-disc-of-acromioclavicular-joint male:right-articular-disc-of-acromioclavicular-joint"
1747,"Coracoclavicular ligament",3,structure,ligament / capsule,none,0,""
1748,"Trapezoid ligament",3,structure,ligament / capsule,exact,2,"male:left-trapezoid-ligament male:right-trapezoid-ligament"
1749,"Conoid ligament",3,structure,ligament / capsule,exact,2,"male:left-conoid-ligament male:right-conoid-ligament"
1750,"Sternoclavicular joint",3,structure,bone / cartilage / joint,partial,4,"male:left-articular-capsule-of-sternoclavicular-joint male:right-articular-capsule-of-sternoclavicular-joint male:left-articular-disc-of-sternoclavicular-joint male:right-articular-disc-of-sternoclavicular-joint"
1751,"Articular disc of sternoclavicular joint",3,structure,bone / cartilage / joint,exact,2,"male:left-articular-disc-of-sternoclavicular-joint male:right-articular-disc-of-sternoclavicular-joint"
1752,"Medial cavity of the sternoclavicular joint",3,space,,n/a,0,""
1753,"Lateral cavity of the sternoclavicular joint",3,space,,n/a,0,""
1754,"Anterior sternoclavicular ligament",3,structure,ligament / capsule,exact,2,"male:left-anterior-sternoclavicular-ligament male:right-anterior-sternoclavicular-ligament"
1755,"Posterior sternoclavicular ligament",3,structure,ligament / capsule,exact,2,"male:left-posterior-sternoclavicular-ligament male:right-posterior-sternoclavicular-ligament"
1756,"Costoclavicular ligament",3,structure,ligament / capsule,exact,2,"male:left-costoclavicular-ligament male:right-costoclavicular-ligament"
1757,"Interclavicular ligament",3,structure,ligament / capsule,exact,2,"male:left-interclavicular-ligament male:right-interclavicular-ligament"
1758,"Joints of free upper limb",3,structure,other,none,0,""
1759,"FIBROUS JOINTS OF FREE UPPER LIMB",3,heading,,n/a,0,""
1760,"Radioulnar syndesmoses",3,structure,other,none,0,""
1761,"Interosseous membrane of forearm",3,structure,other,exact,2,"male:interosseous-membrane-of-right-forearm male:interosseous-membrane-of-left-forearm"
1762,"Oblique cord",3,structure,other,exact,2,"male:left-oblique-cord male:right-oblique-cord"
1763,"SYNOVIAL JOINTS OF FREE UPPER LIMB",3,heading,,n/a,0,""
1764,"Glenohumeral joint",3,structure,bone / cartilage / joint,partial,2,"male:left-articular-capsule-of-glenohumeral-joint male:right-articular-capsule-of-glenohumeral-joint"
1765,"Glenoid labrum",3,structure,ligament / capsule,exact,2,"male:left-glenoid-labrum male:right-glenoid-labrum"
1766,"Glenohumeral ligaments",3,structure,ligament / capsule,partial,6,"male:left-inferior-glenohumeral-ligament male:right-inferior-glenohumeral-ligament male:left-middle-glenohumeral-ligament male:right-middle-glenohumeral-ligament"
1767,"Superior glenohumeral ligament",3,structure,ligament / capsule,exact,2,"male:left-superior-glenohumeral-ligament male:right-superior-glenohumeral-ligament"
1768,"Middle glenohumeral ligament",3,structure,ligament / capsule,exact,2,"male:left-middle-glenohumeral-ligament male:right-middle-glenohumeral-ligament"
1769,"Inferior glenohumeral ligament",3,structure,ligament / capsule,exact,2,"male:left-inferior-glenohumeral-ligament male:right-inferior-glenohumeral-ligament"
1770,"Coracohumeral ligament",3,structure,ligament / capsule,exact,2,"male:left-coracohumeral-ligament male:right-coracohumeral-ligament"
1771,"Transverse humeral ligament",3,structure,ligament / capsule,exact,2,"male:left-transverse-humeral-ligament male:right-transverse-humeral-ligament"
1772,"Elbow joint",3,structure,bone / cartilage / joint,partial,2,"male:left-articular-capsule-of-elbow-joint male:right-articular-capsule-of-elbow-joint"
1773,"Humeroulnar joint",3,structure,bone / cartilage / joint,none,0,""
1774,"Humeroradial joint",3,structure,bone / cartilage / joint,none,0,""
1775,"Proximal radioulnar joint",3,structure,bone / cartilage / joint,none,0,""
1776,"Ulnar collateral ligament",3,structure,ligament / capsule,exact,2,"male:left-ulnar-collateral-ligament male:right-ulnar-collateral-ligament"
1777,"Radial collateral ligament",3,structure,ligament / capsule,exact,2,"male:left-radial-collateral-ligament male:right-radial-collateral-ligament"
1778,"Annular ligament of radius",3,structure,ligament / capsule,exact,2,"male:left-annular-ligament-of-radius male:right-annular-ligament-of-radius"
1779,"Quadrate ligament",3,structure,ligament / capsule,exact,2,"male:left-quadrate-ligament male:right-quadrate-ligament"
1780,"Sacciform recess of elbow joint",3,space,,n/a,0,""
1781,"Distal radioulnar joint",3,structure,bone / cartilage / joint,partial,2,"male:left-articular-disc-of-distal-radio-ulnar-joint male:right-articular-disc-of-distal-radio-ulnar-joint"
1782,"Articular disc of distal radioulnar joint",3,structure,bone / cartilage / joint,exact,2,"male:left-articular-disc-of-distal-radio-ulnar-joint male:right-articular-disc-of-distal-radio-ulnar-joint"
1783,"Sacciform recess of distal radioulnar joint",3,space,,n/a,0,""
1784,"Dorsal radioulnar ligament",3,structure,ligament / capsule,exact,2,"male:left-dorsal-radio-ulnar-ligament male:right-dorsal-radio-ulnar-ligament"
1785,"Palmar radioulnar ligament",3,structure,ligament / capsule,exact,2,"male:left-palmar-radio-ulnar-ligament male:right-palmar-radio-ulnar-ligament"
1786,"Radiocarpal joint",3,structure,bone / cartilage / joint,partial,2,"male:left-articular-capsule-of-radiocarpal-joint male:right-articular-capsule-of-radiocarpal-joint"
1787,"Dorsal radiocarpal ligament",3,structure,ligament / capsule,exact,2,"male:left-dorsal-radiocarpal-ligament male:right-dorsal-radiocarpal-ligament"
1788,"Palmar radiocarpal ligament",3,structure,ligament / capsule,none,0,""
1789,"Radioscaphocapitate ligament",3,structure,ligament / capsule,exact,2,"male:left-radioscaphocapitate-ligament male:right-radioscaphocapitate-ligament"
1790,"(Radiocapitate ligament)",3,structure,ligament / capsule,exact,2,"male:left-radiocapitate-ligament male:right-radiocapitate-ligament"
1791,"Long radiolunate ligament",3,structure,ligament / capsule,none,0,""
1792,"Short radiolunate ligament",3,structure,ligament / capsule,none,0,""
1793,"Radioscapholunate ligament",3,structure,ligament / capsule,none,0,""
1794,"Dorsal ulnocarpal ligament",3,structure,ligament / capsule,exact,2,"male:left-dorsal-ulnocarpal-ligament male:right-dorsal-ulnocarpal-ligament"
1795,"Palmar ulnocarpal ligament",3,structure,ligament / capsule,none,0,""
1796,"Ulnocapitate ligament",3,structure,ligament / capsule,exact,2,"male:left-ulnocapitate-ligament male:right-ulnocapitate-ligament"
1797,"Ulnolunate ligament",3,structure,ligament / capsule,exact,2,"male:left-ulnolunate-ligament male:right-ulnolunate-ligament"
1798,"Ulnotriquetral ligament",3,structure,ligament / capsule,exact,2,"male:left-ulnotriquetral-ligament male:right-ulnotriquetral-ligament"
1799,"Ulnopisiform ligament",3,structure,ligament / capsule,exact,2,"male:ulnopisiform-ligament male:left-ulnopisiform-ligament"
1800,"Ulnar collateral ligament of wrist joint",3,structure,ligament / capsule,exact,2,"male:left-ulnar-collateral-ligament-of-wrist-joint male:right-ulnar-collateral-ligament-of-wrist-joint"
1801,"Radial collateral ligament of wrist joint",3,structure,ligament / capsule,exact,2,"male:left-radial-collateral-ligament-of-wrist-joint male:right-radial-collateral-ligament-of-wrist-joint"
1802,"Joints of hand",3,structure,other,none,0,""
1803,"Intercarpal joints",3,structure,other,none,0,""
1804,"Midcarpal joint",3,structure,bone / cartilage / joint,none,0,""
1805,"Radiate carpal ligament",3,structure,ligament / capsule,exact,2,"male:left-radiate-carpal-ligament male:right-radiate-carpal-ligament"
1806,"Dorsal intercarpal ligaments",3,structure,ligament / capsule,exact,2,"male:left-dorsal-intercarpal-ligaments male:right-dorsal-intercarpal-ligaments"
1807,"Dorsal scaphotriquetral ligament",3,structure,ligament / capsule,exact,2,"male:left-dorsal-scaphotriquetral-ligament male:right-dorsal-scaphotriquetral-ligament"
1808,"Palmar intercarpal ligaments",3,structure,ligament / capsule,none,0,""
1809,"Scaphotrapeziotrapezoidal ligament",3,structure,ligament / capsule,exact,2,"male:left-scaphotrapeziotrapezoidal-ligament male:right-scaphotrapeziotrapezoidal-ligament"
1810,"Scaphocapitate ligament",3,structure,ligament / capsule,exact,2,"male:left-scaphocapitate-ligament male:right-scaphocapitate-ligament"
1811,"Palmar scaphotriquetral ligament",3,structure,ligament / capsule,exact,2,"male:left-palmar-scaphotriquetral-ligament male:right-palmar-scaphotriquetral-ligament"
1812,"Triquetrocapitate ligament",3,structure,ligament / capsule,exact,2,"male:left-triquetrocapitate-ligament male:right-triquetrocapitate-ligament"
1813,"Triquetrohamate ligament",3,structure,ligament / capsule,exact,2,"male:left-triquetrohamate-ligament male:right-triquetrohamate-ligament"
1814,"Pisotriquetral ligament",3,structure,ligament / capsule,exact,2,"male:left-pisotriquetral-ligament male:right-pisotriquetral-ligament"
1815,"Palmar capitohamate ligament",3,structure,ligament / capsule,exact,2,"male:left-palmar-capitohamate-ligament male:right-palmar-capitohamate-ligament"
1816,"Palmar trapezoideocapitate ligament",3,structure,ligament / capsule,exact,2,"male:left-palmar-trapezoideocapitate-ligament male:right-palmar-trapezoideocapitate-ligament"
1817,"Palmar lunotriquetral ligament",3,structure,ligament / capsule,exact,2,"male:left-palmar-lunotriquetral-ligament male:right-palmar-lunotriquetral-ligament"
1818,"Interosseous intercarpal ligaments",3,structure,ligament / capsule,none,0,""
1819,"Scapholunate interosseous ligament",3,structure,ligament / capsule,exact,2,"male:left-scapholunate-interosseous-ligament male:right-scapholunate-interosseous-ligament"
1820,"Trapeziotrapezoidal interosseous ligament",3,structure,ligament / capsule,exact,2,"male:left-trapeziotrapezoidal-interosseous-ligament male:right-trapeziotrapezoidal-interosseous-ligament"
1821,"Capitohamate interosseous ligament",3,structure,ligament / capsule,exact,2,"male:left-capitohamate-interosseous-ligament male:right-capitohamate-interosseous-ligament"
1822,"Trapezoideocapitate interosseous ligament",3,structure,ligament / capsule,exact,2,"male:left-trapezoideocapitate-interosseous-ligament male:right-trapezoideocapitate-interosseous-ligament"
1823,"Lunotriquetral interosseous ligament",3,structure,ligament / capsule,exact,2,"male:left-lunotriquetral-interosseous-ligament male:right-lunotriquetral-interosseous-ligament"
1824,"Pisiform joint",3,structure,bone / cartilage / joint,none,0,""
1825,"Pisohamate ligament",3,structure,ligament / capsule,exact,2,"male:left-pisohamate-ligament male:right-pisohamate-ligament"
1826,"Pisometacarpal ligament",3,structure,ligament / capsule,exact,2,"male:left-pisometacarpal-ligament male:right-pisometacarpal-ligament"
1827,"Carpometacarpal joints",3,structure,other,none,0,""
1828,"Dorsal carpometacarpal ligaments",3,structure,ligament / capsule,exact,2,"male:left-dorsal-carpometacarpal-ligaments male:right-dorsal-carpometacarpal-ligaments"
1829,"Palmar carpometacarpal ligaments",3,structure,ligament / capsule,exact,2,"male:left-palmar-carpometacarpal-ligaments male:right-palmar-carpometacarpal-ligaments"
1830,"Carpometacarpal joint of thumb",3,structure,bone / cartilage / joint,none,0,""
1831,"Intermetacarpal joints",3,structure,other,none,0,""
1832,"Dorsal metacarpal ligaments",3,structure,ligament / capsule,exact,2,"male:left-dorsal-metacarpal-ligaments male:right-dorsal-metacarpal-ligaments"
1833,"Palmar metacarpal ligaments",3,structure,ligament / capsule,exact,2,"male:left-palmar-metacarpal-ligaments male:right-palmar-metacarpal-ligaments"
1834,"Interosseous metacarpal ligaments",3,structure,ligament / capsule,exact,2,"male:left-interosseous-metacarpal-ligaments male:right-interosseous-metacarpal-ligaments"
1835,"Metacarpophalangeal joints",3,structure,other,partial,2,"male:left-articular-capsules-of-metacarpophalangeal-joints male:right-articular-capsules-of-metacarpophalangeal-joints"
1836,"Collateral metacarpophalangeal ligaments",3,structure,ligament / capsule,exact,2,"male:left-collateral-metacarpophalangeal-ligaments male:right-collateral-metacarpophalangeal-ligaments"
1837,"Palmar metacarpophalangeal ligaments",3,structure,ligament / capsule,none,0,""
1838,"Deep transverse metacarpal ligament",3,structure,ligament / capsule,exact,2,"male:left-deep-transverse-metacarpal-ligament male:right-deep-transverse-metacarpal-ligament"
1839,"Interphalangeal joints of hand",3,structure,other,none,0,""
1840,"Proximal interphalangeal joints of hand",3,structure,other,none,0,""
1841,"Distal interphalangeal joints of hand",3,structure,other,none,0,""
1842,"Interphalangeal joint of thumb",3,structure,bone / cartilage / joint,none,0,""
1843,"Collateral interphalangeal ligaments of hand",3,structure,ligament / capsule,exact,2,"male:left-collateral-interphalangeal-ligaments-of-hand male:right-collateral-interphalangeal-ligaments-of-hand"
1844,"Palmar interphalangeal ligaments",3,structure,ligament / capsule,exact,2,"male:left-palmar-interphalangeal-ligaments male:right-palmar-interphalangeal-ligaments"
1845,"JOINTS OF LOWER LIMB",3,heading,,n/a,0,""
1846,"Joints of pelvic girdle",3,structure,other,none,0,""
1847,"FIBROUS JOINTS OF PELVIC GIRDLE",3,heading,,n/a,0,""
1848,"Obturator membrane",3,structure,other,exact,2,"male:left-obturator-membrane male:right-obturator-membrane"
1849,"Obturator canal",3,feature,,n/a,0,""
1850,"Sacrotuberous ligament",3,structure,ligament / capsule,exact,2,"male:left-sacrotuberous-ligament male:right-sacrotuberous-ligament"
1851,"Falciform process",3,feature,,n/a,0,""
1852,"Sacrospinous ligament",3,structure,ligament / capsule,exact,2,"male:left-sacrospinous-ligament male:right-sacrospinous-ligament"
1853,"Iliolumbar ligament",3,structure,ligament / capsule,exact,2,"male:left-iliolumbar-ligament male:right-iliolumbar-ligament"
1854,"CARTILAGINOUS JOINTS OF PELVIC GIRDLE",3,heading,,n/a,0,""
1855,"Pubic symphysis",3,structure,bone / cartilage / joint,exact,1,"male:pubic-symphysis"
1856,"Interpubic disc",3,structure,other,exact,1,"male:interpubic-disc"
1857,"Superior pubic ligament",3,structure,ligament / capsule,exact,1,"male:superior-pubic-ligament"
1858,"Inferior pubic ligament",3,structure,ligament / capsule,exact,1,"male:inferior-pubic-ligament"
1859,"Triradiate cartilage",3,structure,bone / cartilage / joint,exact,2,"male:left-triradiate-cartilage male:right-triradiate-cartilage"
1860,"SYNOVIAL JOINTS OF PELVIC GIRDLE",3,heading,,n/a,0,""
1861,"Sacroiliac joint",3,structure,bone / cartilage / joint,none,0,""
1862,"Anterior sacroiliac ligament",3,structure,ligament / capsule,exact,2,"male:left-anterior-sacro-iliac-ligament male:right-anterior-sacro-iliac-ligament"
1863,"Interosseous sacroiliac ligament",3,structure,ligament / capsule,exact,2,"male:left-interosseous-sacro-iliac-ligament male:right-interosseous-sacro-iliac-ligament"
1864,"Posterior sacroiliac ligament",3,structure,ligament / capsule,exact,2,"male:left-posterior-sacro-iliac-ligament male:right-posterior-sacro-iliac-ligament"
1865,"Joints of free lower limb",3,structure,other,none,0,""
1866,"FIBROUS JOINTS OF FREE LOWER LIMB",3,heading,,n/a,0,""
1867,"Interosseous membrane of leg",3,structure,other,exact,2,"male:interosseous-membrane-of-right-leg male:interosseous-membrane-of-left-leg"
1868,"Tibiofibular syndesmosis",3,structure,other,none,0,""
1869,"Anterior tibiofibular ligament",3,structure,ligament / capsule,exact,2,"male:left-anterior-tibiofibular-ligament male:right-anterior-tibiofibular-ligament"
1870,"Posterior tibiofibular ligament",3,structure,ligament / capsule,exact,2,"male:left-posterior-tibiofibular-ligament male:right-posterior-tibiofibular-ligament"
1871,"Transverse tibiofibular ligament",3,structure,ligament / capsule,exact,2,"male:left-transverse-tibiofibular-ligament male:right-transverse-tibiofibular-ligament"
1872,"SYNOVIAL JOINTS OF FREE LOWER LIMB",3,heading,,n/a,0,""
1873,"Hip joint",3,structure,bone / cartilage / joint,partial,2,"male:left-articular-capsule-of-hip-joint male:right-articular-capsule-of-hip-joint"
1874,"Zona orbicularis",3,structure,other,none,0,""
1875,"Iliofemoral ligament",3,structure,ligament / capsule,partial,4,"male:left-descending-part-of-iliofemoral-ligament male:right-descending-part-of-iliofemoral-ligament male:left-transverse-part-of-iliofemoral-ligament male:right-transverse-part-of-iliofemoral-ligament"
1876,"Transverse part of iliofemoral ligament",3,structure,ligament / capsule,exact,2,"male:left-transverse-part-of-iliofemoral-ligament male:right-transverse-part-of-iliofemoral-ligament"
1877,"Descending part of iliofemoral ligament",3,structure,ligament / capsule,exact,2,"male:left-descending-part-of-iliofemoral-ligament male:right-descending-part-of-iliofemoral-ligament"
1878,"Ischiofemoral ligament",3,structure,ligament / capsule,exact,2,"male:left-ischiofemoral-ligament male:right-ischiofemoral-ligament"
1879,"Pubofemoral ligament",3,structure,ligament / capsule,exact,2,"male:left-pubofemoral-ligament male:right-pubofemoral-ligament"
1880,"Acetabular labrum",3,structure,ligament / capsule,exact,2,"male:left-acetabular-labrum male:right-acetabular-labrum"
1881,"Transverse acetabular ligament",3,structure,ligament / capsule,exact,2,"male:left-transverse-acetabular-ligament male:right-transverse-acetabular-ligament"
1882,"Ligament of head of femur",3,feature,,n/a,0,""
1883,"Knee joint",3,structure,bone / cartilage / joint,partial,4,"male:left-articular-capsule-of-knee-joint male:right-articular-capsule-of-knee-joint female:articular-disk-of-knee-joint female:articular-disk-of-knee-joint-2"
1884,"Patellar part of knee joint",3,structure,bone / cartilage / joint,none,0,""
1885,"Lateral meniscus",3,structure,ligament / capsule,exact,2,"male:left-lateral-meniscus male:right-lateral-meniscus"
1886,"Anterior meniscofemoral ligament",3,structure,ligament / capsule,none,0,""
1887,"Posterior meniscofemoral ligament",3,structure,ligament / capsule,none,0,""
1888,"Medial meniscus",3,structure,ligament / capsule,exact,2,"male:left-medial-meniscus male:right-medial-meniscus"
1889,"Transverse ligament of knee",3,structure,ligament / capsule,exact,2,"male:left-transverse-ligament-of-knee male:right-transverse-ligament-of-knee"
1890,"Anterior cruciate ligament",3,structure,ligament / capsule,exact,4,"male:left-anterior-cruciate-ligament male:right-anterior-cruciate-ligament female:right-anterior-cruciate-ligament female:left-anterior-cruciate-ligament"
1891,"Posterior cruciate ligament",3,structure,ligament / capsule,exact,4,"male:left-posterior-cruciate-ligament male:right-posterior-cruciate-ligament female:right-posterior-cruciate-ligament female:left-posterior-cruciate-ligament"
1892,"Infrapatellar synovial fold",3,structure,other,none,0,""
1893,"Alar folds",3,structure,other,none,0,""
1894,"Ligamentum mucosum",3,structure,other,none,0,""
1895,"Fibular collateral ligament",3,structure,ligament / capsule,exact,4,"male:left-fibular-collateral-ligament male:right-fibular-collateral-ligament female:right-fibular-collateral-ligament female:left-fibular-collateral-ligament"
1896,"Tibial collateral ligament",3,structure,ligament / capsule,exact,2,"female:right-tibial-collateral-ligament female:left-tibial-collateral-ligament"
1897,"Superficial part of tibial collateral ligament",3,structure,ligament / capsule,exact,2,"male:left-superficial-part-of-tibial-collateral-ligament male:right-superficial-part-of-tibial-collateral-ligament"
1898,"Deep part of tibial collateral ligament",3,structure,ligament / capsule,exact,2,"male:left-deep-part-of-tibial-collateral-ligament male:right-deep-part-of-tibial-collateral-ligament"
1899,"Oblique popliteal ligament",3,structure,ligament / capsule,exact,2,"male:left-oblique-popliteal-ligament male:right-oblique-popliteal-ligament"
1900,"Arcuate popliteal ligament",3,structure,ligament / capsule,exact,2,"male:left-arcuate-popliteal-ligament male:right-arcuate-popliteal-ligament"
1901,"Lateral meniscotibial ligament",3,structure,ligament / capsule,partial,4,"male:left-anterior-meniscotibial-ligament-lateral-meniscus male:right-anterior-meniscotibial-ligament-lateral-meniscus male:left-posterior-meniscotibial-ligament-lateral-meniscus male:right-posterior-meniscotibial-ligament-lateral-meniscus"
1902,"Medial meniscotibial ligament",3,structure,ligament / capsule,partial,4,"male:left-anterior-meniscotibial-ligament-medial-meniscus male:right-anterior-meniscotibial-ligament-medial-meniscus male:left-posterior-meniscotibial-ligament-medial-meniscus male:right-posterior-meniscotibial-ligament-medial-meniscus"
1903,"Medial patellofemoral ligament",3,structure,ligament / capsule,none,0,""
1904,"Meniscopatellar ligament",3,structure,ligament / capsule,exact,2,"male:left-meniscopatellar-ligament male:right-meniscopatellar-ligament"
1905,"Patellotibial ligament",3,structure,ligament / capsule,none,0,""
1906,"Popliteofibular ligament",3,structure,ligament / capsule,exact,2,"male:left-popliteofibular-ligament male:right-popliteofibular-ligament"
1907,"Fabellofibular ligament",3,structure,ligament / capsule,none,0,""
1908,"Infrapatellar fat pad",3,structure,skin / fascia / soft tissue,exact,2,"male:left-infrapatellar-fat-pad male:right-infrapatellar-fat-pad"
1909,"Superior tibiofibular joint",3,structure,bone / cartilage / joint,partial,2,"male:left-articular-capsule-of-superior-tibiofibular-joint male:right-articular-capsule-of-superior-tibiofibular-joint"
1910,"Anterior ligament of fibular head",3,structure,ligament / capsule,exact,2,"male:left-anterior-ligament-of-fibular-head male:right-anterior-ligament-of-fibular-head"
1911,"Posterior ligament of fibular head",3,structure,ligament / capsule,exact,2,"male:left-posterior-ligament-of-fibular-head male:right-posterior-ligament-of-fibular-head"
1912,"Ankle joint",3,structure,bone / cartilage / joint,none,0,""
1913,"Medial collateral ligament",3,structure,ligament / capsule,none,0,""
1914,"Tibionavicular ligament",3,structure,ligament / capsule,exact,2,"male:left-tibionavicular-ligament male:right-tibionavicular-ligament"
1915,"Tibiocalcaneal ligament",3,structure,ligament / capsule,exact,2,"male:left-tibiocalcaneal-ligament male:right-tibiocalcaneal-ligament"
1916,"Anterior tibiotalar ligament",3,structure,ligament / capsule,none,0,""
1917,"Posterior tibiotalar ligament",3,structure,ligament / capsule,exact,2,"male:left-posterior-tibiotalar-ligament male:right-posterior-tibiotalar-ligament"
1918,"Lateral collateral ligament",3,structure,ligament / capsule,none,0,""
1919,"Anterior talofibular ligament",3,structure,ligament / capsule,exact,2,"male:left-anterior-talofibular-ligament male:right-anterior-talofibular-ligament"
1920,"Posterior talofibular ligament",3,structure,ligament / capsule,exact,2,"male:left-posterior-talofibular-ligament male:right-posterior-talofibular-ligament"
1921,"Calcaneofibular ligament",3,structure,ligament / capsule,exact,2,"male:left-calcaneofibular-ligament male:right-calcaneofibular-ligament"
1922,"Joints of foot",3,structure,other,partial,4,"male:left-articular-capsules-of-distal-interphalangeal-joints-of-foot male:right-articular-capsules-of-distal-interphalangeal-joints-of-foot male:left-articular-capsules-of-proximal-interphalangeal-joints-of-foot male:right-articular-capsules-of-proximal-interphalangeal-joints-of-foot"
1923,"Intertarsal joints",3,structure,other,none,0,""
1924,"Subtalar joint",3,structure,bone / cartilage / joint,none,0,""
1925,"Lateral talocalcaneal ligament",3,structure,ligament / capsule,exact,2,"male:left-lateral-talocalcaneal-ligament male:right-lateral-talocalcaneal-ligament"
1926,"Medial talocalcaneal ligament",3,structure,ligament / capsule,exact,2,"male:left-medial-talocalcaneal-ligament male:right-medial-talocalcaneal-ligament"
1927,"Posterior talocalcaneal ligament",3,structure,ligament / capsule,exact,2,"male:left-posterior-talocalcaneal-ligament male:right-posterior-talocalcaneal-ligament"
1928,"Talocalcaneal interosseous ligament",3,structure,ligament / capsule,exact,2,"male:left-talocalcaneal-interosseous-ligament male:right-talocalcaneal-interosseous-ligament"
1929,"Anterior talocalcaneal ligament",3,structure,ligament / capsule,exact,2,"male:left-anterior-talocalcaneal-ligament male:right-anterior-talocalcaneal-ligament"
1930,"Transverse tarsal joint",3,structure,bone / cartilage / joint,none,0,""
1931,"Bifurcate ligament",3,structure,ligament / capsule,none,0,""
1932,"Calcaneonavicular ligament",3,structure,ligament / capsule,exact,2,"male:left-calcaneonavicular-ligament male:right-calcaneonavicular-ligament"
1933,"Calcaneocuboid ligament",3,structure,ligament / capsule,exact,2,"male:left-calcaneocuboid-ligament male:right-calcaneocuboid-ligament"
1934,"Long plantar ligament",3,structure,ligament / capsule,exact,2,"male:right-long-plantar-ligament male:left-long-plantar-ligament"
1935,"Talocalcaneonavicular joint",3,structure,bone / cartilage / joint,none,0,""
1936,"Talonavicular ligament",3,structure,ligament / capsule,exact,2,"male:left-talonavicular-ligament male:right-talonavicular-ligament"
1937,"Plantar calcaneonavicular ligament",3,structure,ligament / capsule,exact,2,"male:left-plantar-calcaneonavicular-ligament male:right-plantar-calcaneonavicular-ligament"
1938,"Calcaneocuboid joint",3,structure,bone / cartilage / joint,none,0,""
1939,"Dorsal calcaneocuboid ligament",3,structure,ligament / capsule,exact,2,"male:left-dorsal-calcaneocuboid-ligament male:right-dorsal-calcaneocuboid-ligament"
1940,"Plantar calcaneocuboid ligament",3,structure,ligament / capsule,exact,2,"male:left-plantar-calcaneocuboid-ligament male:right-plantar-calcaneocuboid-ligament"
1941,"Cuneonavicular joint",3,structure,bone / cartilage / joint,none,0,""
1942,"Dorsal cuneonavicular ligaments",3,structure,ligament / capsule,exact,2,"male:left-dorsal-cuneonavicular-ligaments male:right-dorsal-cuneonavicular-ligaments"
1943,"Plantar cuneonavicular ligaments",3,structure,ligament / capsule,exact,2,"male:left-plantar-cuneonavicular-ligaments male:right-plantar-cuneonavicular-ligaments"
1944,"Cuneocuboid joint",3,structure,bone / cartilage / joint,none,0,""
1945,"Cuneocuboid interosseous ligament",3,structure,ligament / capsule,exact,2,"male:left-cuneocuboid-interosseous-ligament male:right-cuneocuboid-interosseous-ligament"
1946,"Dorsal cuneocuboid ligament",3,structure,ligament / capsule,exact,2,"male:left-dorsal-cuneocuboid-ligament male:right-dorsal-cuneocuboid-ligament"
1947,"Plantar cuneocuboid ligament",3,structure,ligament / capsule,exact,2,"male:left-plantar-cuneocuboid-ligament male:right-plantar-cuneocuboid-ligament"
1948,"Cuboideonavicular joint",3,structure,bone / cartilage / joint,none,0,""
1949,"Dorsal cuboideonavicular ligament",3,structure,ligament / capsule,exact,2,"male:left-dorsal-cuboideonavicular-ligament male:right-dorsal-cuboideonavicular-ligament"
1950,"Plantar cuboideonavicular ligaments",3,structure,ligament / capsule,exact,2,"male:left-plantar-cuboideonavicular-ligament male:right-plantar-cuboideonavicular-ligament"
1951,"Intercuneiform joints",3,structure,other,none,0,""
1952,"Intercuneiform interosseous ligaments",3,structure,ligament / capsule,exact,2,"male:left-intercuneiform-interosseous-ligaments male:right-intercuneiform-interosseous-ligaments"
1953,"Dorsal intercuneiform ligaments",3,structure,ligament / capsule,exact,2,"male:left-dorsal-intercuneiform-ligaments male:right-dorsal-intercuneiform-ligaments"
1954,"Plantar intercuneiform ligaments",3,structure,ligament / capsule,exact,2,"male:left-plantar-intercuneiform-ligaments male:right-plantar-intercuneiform-ligaments"
1955,"Tarsometatarsal joints",3,structure,other,none,0,""
1956,"Dorsal tarsometatarsal ligaments",3,structure,ligament / capsule,exact,2,"male:left-dorsal-tarsometatarsal-ligaments male:right-dorsal-tarsometatarsal-ligaments"
1957,"Plantar tarsometatarsal ligaments",3,structure,ligament / capsule,exact,2,"male:left-plantar-tarsometatarsal-ligaments male:right-plantar-tarsometatarsal-ligaments"
1958,"Cuneometatarsal interosseous ligaments",3,structure,ligament / capsule,exact,2,"male:left-cuneometatarsal-interosseous-ligaments male:right-cuneometatarsal-interosseous-ligaments"
1959,"Intermetatarsal joints",3,structure,other,none,0,""
1960,"Metatarsal interosseous ligaments",3,structure,ligament / capsule,exact,2,"male:left-metatarsal-interosseous-ligaments male:right-metatarsal-interosseous-ligaments"
1961,"Dorsal metatarsal ligaments",3,structure,ligament / capsule,exact,2,"male:left-dorsal-metatarsal-ligaments male:right-dorsal-metatarsal-ligaments"
1962,"Plantar metatarsal ligaments",3,structure,ligament / capsule,exact,2,"male:left-plantar-metatarsal-ligaments male:right-plantar-metatarsal-ligaments"
1963,"Intersesamoid ligament",3,structure,ligament / capsule,exact,2,"male:left-intersesamoid-ligament male:right-intersesamoid-ligament"
1964,"Metatarsophalangeal joints",3,structure,other,partial,2,"male:left-articular-capsules-of-metatarsophalangeal-joints male:right-articular-capsules-of-metatarsophalangeal-joints"
1965,"Collateral metatarsophalangeal ligaments",3,structure,ligament / capsule,exact,2,"male:left-collateral-metatarsophalangeal-ligaments male:right-collateral-metatarsophalangeal-ligaments"
1966,"Plantar metatarsophalangeal ligaments",3,structure,ligament / capsule,exact,2,"male:left-plantar-metatarsophalangeal-ligaments male:right-plantar-metatarsophalangeal-ligaments"
1967,"Deep transverse metatarsal ligament",3,structure,ligament / capsule,exact,2,"male:left-deep-transverse-metatarsal-ligament male:right-deep-transverse-metatarsal-ligament"
1968,"Interphalangeal joints of foot",3,structure,other,partial,4,"male:left-articular-capsules-of-distal-interphalangeal-joints-of-foot male:right-articular-capsules-of-distal-interphalangeal-joints-of-foot male:left-articular-capsules-of-proximal-interphalangeal-joints-of-foot male:right-articular-capsules-of-proximal-interphalangeal-joints-of-foot"
1969,"Proximal interphalangeal joints of foot",3,structure,other,partial,2,"male:left-articular-capsules-of-proximal-interphalangeal-joints-of-foot male:right-articular-capsules-of-proximal-interphalangeal-joints-of-foot"
1970,"Distal interphalangeal joints of foot",3,structure,other,partial,2,"male:left-articular-capsules-of-distal-interphalangeal-joints-of-foot male:right-articular-capsules-of-distal-interphalangeal-joints-of-foot"
1971,"Interphalageal joint of great toe",3,structure,bone / cartilage / joint,none,0,""
1972,"Collateral interphalangeal ligaments of foot",3,structure,ligament / capsule,exact,2,"male:left-collateral-interphalangeal-ligaments-of-foot male:right-collateral-interphalangeal-ligaments-of-foot"
1973,"Plantar interphalangeal ligaments",3,structure,ligament / capsule,exact,2,"male:left-plantar-interphalangeal-ligaments male:right-plantar-interphalangeal-ligaments"
1974,"Muscular system",4,structure,muscle / tendon,none,0,""
1975,"MUSCLES",4,heading,,n/a,0,""
1976,"Skeletal muscle",4,abstract,,n/a,0,""
1977,"Striated cutaneous muscle",4,abstract,,n/a,0,""
1978,"Striated visceral muscle",4,abstract,,n/a,0,""
1979,"Fusiform muscle",4,abstract,,n/a,0,""
1980,"Flat muscle",4,abstract,,n/a,0,""
1981,"Straight muscle",4,abstract,,n/a,0,""
1982,"Triangular muscle",4,abstract,,n/a,0,""
1983,"Quadrate muscle",4,abstract,,n/a,0,""
1984,"Two-bellied muscle",4,abstract,,n/a,0,""
1985,"Two-headed muscle",4,abstract,,n/a,0,""
1986,"Three-headed muscle",4,abstract,,n/a,0,""
1987,"Four-headed muscle",4,abstract,,n/a,0,""
1988,"Unipennate muscle",4,abstract,,n/a,0,""
1989,"Bipennate muscle",4,abstract,,n/a,0,""
1990,"Multipennate muscle",4,abstract,,n/a,0,""
1991,"Orbicular muscle",4,abstract,,n/a,0,""
1992,"Sphincter muscle",4,abstract,,n/a,0,""
1993,"Dilator muscle",4,abstract,,n/a,0,""
1994,"Muscle",4,abstract,,n/a,0,""
1995,"Head of muscle",4,feature,,n/a,0,""
1996,"Belly of muscle",4,structure,muscle / tendon,partial,4,"male:left-anterior-belly-of-digastric-muscle male:right-anterior-belly-of-digastric-muscle male:left-posterior-belly-of-digastric-muscle male:right-posterior-belly-of-digastric-muscle"
1997,"Attachment",4,structure,other,none,0,""
1998,"Superior attachment",4,structure,other,none,0,""
1999,"Inferior attachment",4,structure,other,none,0,""
2000,"Medial attachment",4,structure,other,none,0,""
2001,"Lateral attachment",4,structure,other,none,0,""
2002,"Proximal attachment",4,structure,other,none,0,""
2003,"Distal attachment",4,structure,other,none,0,""
2004,"Fixed end",4,structure,other,none,0,""
2005,"Mobile end",4,structure,other,none,0,""
2006,"Muscle fascicle",4,structure,muscle / tendon,none,0,""
2007,"Endomysium",4,structure,other,none,0,""
2008,"Perimysium",4,structure,other,none,0,""
2009,"Epimysium",4,structure,other,none,0,""
2010,"Tendon",4,abstract,,n/a,0,""
2011,"Intermediate tendon",4,structure,muscle / tendon,exact,1,"male:right-intermediate-tendon"
2012,"Aponeurosis",4,structure,muscle / tendon,partial,6,"male:left-epicranial-aponeurosis male:right-epicranial-aponeurosis male:left-palmar-aponeurosis male:right-palmar-aponeurosis"
2013,"Tendinous arch",4,structure,other,partial,4,"male:tendinous-arch-of-levator-ani male:tendinous-arch-of-levator-ani-2 male:tendinous-arch-of-levator-ani-3 male:tendinous-arch-of-levator-ani-4"
2014,"Muscular trochlea",4,structure,muscle / tendon,none,0,""
2015,"FASCIA",4,abstract,,n/a,0,""
2016,"Fascia of muscles",4,structure,muscle / tendon,partial,38,"male:left-antebrachial-fascia male:right-antebrachial-fascia male:left-anterior-layer-of-thoracolumbar-fascia male:right-anterior-layer-of-thoracolumbar-fascia"
2017,"Investing fascia",4,structure,skin / fascia / soft tissue,partial,4,"male:left-investing-abdominal-fascia male:right-investing-abdominal-fascia male:left-superficial-investing-cervical-fascia male:right-superficial-investing-cervical-fascia"
2018,"Fascia of individual muscle",4,structure,muscle / tendon,partial,26,"male:left-common-flexor-tendon-sheath male:right-common-flexor-tendon-sheath male:left-common-tendon-sheath-of-fibularis-muscles male:right-common-tendon-sheath-of-fibularis-muscles"
2019,"Intermuscular septum",4,structure,other,partial,14,"male:left-anterior-intermuscular-septum-of-leg male:right-anterior-intermuscular-septum-of-leg male:left-lateral-femoral-intermuscular-septum male:right-lateral-femoral-intermuscular-septum"
2020,"Compartment",4,space,,n/a,0,""
2021,"Retinaculum",4,structure,ligament / capsule,partial,18,"male:flexor-retinaculum-of-right-wrist male:flexor-retinaculum-of-left-wrist male:left-extensor-retinaculum-of-wrist male:right-extensor-retinaculum-of-wrist"
2022,"Fascia of body cavities",4,space,,n/a,0,""
2023,"Parietal fascia",4,structure,skin / fascia / soft tissue,none,0,""
2024,"Visceral fascia",4,structure,skin / fascia / soft tissue,none,0,""
2025,"Extraperitoneal fascia",4,structure,skin / fascia / soft tissue,none,0,""
2026,"Extraperitoneal ligament",4,structure,ligament / capsule,none,0,""
2027,"SYNOVIAL BURSAE",4,structure,other,none,0,""
2028,"Synovial bursa",4,structure,skin / fascia / soft tissue,none,0,""
2029,"Fibrous layer of synovial bursa",4,structure,skin / fascia / soft tissue,none,0,""
2030,"Synovial layer of synovial bursa",4,structure,skin / fascia / soft tissue,none,0,""
2031,"Subcutaneous bursa",4,structure,skin / fascia / soft tissue,partial,16,"male:left-subcutaneous-acromial-bursa male:right-subcutaneous-acromial-bursa male:left-subcutaneous-calcaneal-bursa male:right-subcutaneous-calcaneal-bursa"
2032,"Submuscular bursa",4,structure,skin / fascia / soft tissue,none,0,""
2033,"Subfascial bursa",4,structure,skin / fascia / soft tissue,none,0,""
2034,"Subtendinous bursa",4,structure,skin / fascia / soft tissue,partial,26,"male:left-lateral-subtendinous-bursa-of-gastrocnemius-muscle male:right-lateral-subtendinous-bursa-of-gastrocnemius-muscle male:left-medial-subtendinous-bursa-of-gastrocnemius-muscle male:right-medial-subtendinous-bursa-of-gastrocnemius-muscle"
2035,"TENDON SHEATHS",4,heading,,n/a,0,""
2036,"Fibrous sheath",4,structure,skin / fascia / soft tissue,partial,2,"male:left-cruciform-part-of-fibrous-sheath-of-digit-of-hand male:right-cruciform-part-of-fibrous-sheath-of-digit-of-hand"
2037,"Synovial sheath",4,structure,skin / fascia / soft tissue,partial,2,"male:left-synovial-sheaths-of-digits-of-hand male:right-synovial-sheaths-of-digits-of-hand"
2038,"Vinculum tendinis",4,structure,other,none,0,""
2039,"CRANIAL PART OF MUSCULAR SYSTEM",4,heading,,n/a,0,""
2040,"MUSCLES OF HEAD",4,heading,,n/a,0,""
2041,"Extraocular muscles",4,structure,muscle / tendon,none,0,""
2042,"Superior rectus muscle",4,structure,muscle / tendon,exact,4,"male:left-superior-rectus male:right-superior-rectus female:f-left-superior-rectus female:f-right-superior-rectus"
2043,"Inferior rectus muscle",4,structure,muscle / tendon,exact,4,"male:left-inferior-rectus male:right-inferior-rectus female:f-left-inferior-rectus female:f-right-inferior-rectus"
2044,"Medial rectus muscle",4,structure,muscle / tendon,exact,4,"male:left-medial-rectus male:right-medial-rectus female:f-left-medial-rectus female:f-right-medial-rectus"
2045,"Lateral rectus muscle",4,structure,muscle / tendon,exact,4,"male:left-lateral-rectus male:right-lateral-rectus female:f-left-lateral-rectus female:f-right-lateral-rectus"
2046,"Check ligament of lateral rectus muscle",4,structure,muscle / tendon,exact,2,"male:check-ligament-of-left-lateral-rectus male:check-ligament-of-right-lateral-rectus"
2047,"Common tendinous ring",4,structure,other,exact,2,"male:left-common-tendinous-ring male:right-common-tendinous-ring"
2048,"Superior oblique muscle",4,structure,muscle / tendon,exact,4,"male:left-superior-oblique male:right-superior-oblique female:f-left-superior-oblique female:f-right-superior-oblique"
2049,"Trochlea of superior oblique muscle",4,structure,muscle / tendon,exact,2,"male:trochlea-of-left-superior-oblique male:trochlea-of-right-superior-oblique"
2050,"Tendinous sheath of superior oblique muscle",4,structure,muscle / tendon,none,0,""
2051,"Inferior oblique muscle",4,structure,muscle / tendon,exact,4,"male:left-inferior-oblique male:right-inferior-oblique female:f-left-inferior-oblique female:f-right-inferior-oblique"
2052,"Levator palpebrae superioris",4,structure,other,exact,2,"male:left-levator-palpebrae-superioris male:right-levator-palpebrae-superioris"
2053,"Superficial muscles of head",4,structure,muscle / tendon,partial,4,"male:superficial-head-of-right-flexor-pollicis-brevis male:superficial-head-of-left-flexor-pollicis-brevis male:left-superficial-head-of-pronator-teres male:right-superficial-head-of-pronator-teres"
2054,"Epicranius muscle",4,structure,muscle / tendon,none,0,""
2055,"Occipitofrontalis muscle",4,structure,muscle / tendon,none,0,""
2056,"Frontal belly of occipitofrontalis muscle",4,structure,muscle / tendon,none,0,""
2057,"Occipital belly of occipitofrontalis muscle",4,structure,muscle / tendon,none,0,""
2058,"Temporoparietalis muscle",4,structure,muscle / tendon,exact,2,"male:left-temporoparietalis-muscle male:right-temporoparietalis-muscle"
2059,"Epicranial aponeurosis",4,structure,muscle / tendon,exact,2,"male:left-epicranial-aponeurosis male:right-epicranial-aponeurosis"
2060,"Facial muscles",4,structure,muscle / tendon,partial,12,"male:left-common-facial-vein male:right-common-facial-vein male:left-facial-artery male:right-facial-artery"
2061,"Procerus muscle",4,structure,muscle / tendon,exact,2,"male:left-procerus-muscle male:right-procerus-muscle"
2062,"Nasalis muscle",4,structure,muscle / tendon,exact,2,"male:left-nasalis-muscle male:right-nasalis-muscle"
2063,"Transverse part of nasalis muscle",4,structure,muscle / tendon,none,0,""
2064,"Alar part of nasalis muscle",4,structure,muscle / tendon,none,0,""
2065,"Depressor septi nasi",4,structure,other,exact,2,"male:left-depressor-septi-nasi male:right-depressor-septi-nasi"
2066,"Orbicularis oculi muscle",4,structure,muscle / tendon,partial,4,"male:left-orbital-part-of-orbicularis-oculi male:right-orbital-part-of-orbicularis-oculi male:left-palpebral-part-of-orbicularis-oculi male:right-palpebral-part-of-orbicularis-oculi"
2067,"Palpebral part of orbicularis oculi",4,structure,other,exact,2,"male:left-palpebral-part-of-orbicularis-oculi male:right-palpebral-part-of-orbicularis-oculi"
2068,"Ciliary bundle of orbicularis oculi",4,structure,other,none,0,""
2069,"Deep palpebral part of orbicularis oculi muscle",4,structure,muscle / tendon,none,0,""
2070,"Orbital part of orbicularis oculi",4,structure,other,exact,2,"male:left-orbital-part-of-orbicularis-oculi male:right-orbital-part-of-orbicularis-oculi"
2071,"Corrugator supercilii",4,structure,other,exact,2,"male:left-corrugator-supercilii male:right-corrugator-supercilii"
2072,"Depressor supercilii",4,structure,other,none,0,""
2073,"Orbicularis oris muscle",4,structure,muscle / tendon,exact,2,"male:left-orbicularis-oris-muscle male:right-orbicularis-oris-muscle"
2074,"Marginal part of orbicularis oris muscle",4,structure,muscle / tendon,none,0,""
2075,"Labial part of orbicularis oris muscle",4,structure,muscle / tendon,none,0,""
2076,"Depressor anguli oris",4,structure,other,exact,2,"male:left-depressor-anguli-oris male:right-depressor-anguli-oris"
2077,"Transversus menti muscle",4,structure,muscle / tendon,none,0,""
2078,"Risorius muscle",4,structure,muscle / tendon,exact,2,"male:left-risorius-muscle male:right-risorius-muscle"
2079,"Zygomaticus major muscle",4,structure,muscle / tendon,exact,2,"male:left-zygomaticus-major-muscle male:right-zygomaticus-major-muscle"
2080,"Zygomaticus minor muscle",4,structure,muscle / tendon,exact,2,"male:left-zygomaticus-minor-muscle male:right-zygomaticus-minor-muscle"
2081,"Levator labii superioris",4,structure,other,exact,2,"male:left-levator-labii-superioris male:right-levator-labii-superioris"
2082,"Levator nasolabialis",4,structure,other,exact,2,"male:left-levator-nasolabialis male:right-levator-nasolabialis"
2083,"Depressor labii inferioris",4,structure,other,exact,2,"male:left-depressor-labii-inferioris male:right-depressor-labii-inferioris"
2084,"Levator anguli oris",4,structure,other,exact,2,"male:left-levator-anguli-oris male:right-levator-anguli-oris"
2085,"Modiolus of angulus oris",4,structure,other,none,0,""
2086,"Bucinator",4,structure,other,exact,2,"male:left-bucinator male:right-bucinator"
2087,"Mentalis muscle",4,structure,muscle / tendon,exact,2,"male:left-mentalis-muscle male:right-mentalis-muscle"
2088,"Extrinsic auricular muscles",4,structure,muscle / tendon,none,0,""
2089,"Auricularis anterior muscle",4,structure,muscle / tendon,none,0,""
2090,"Auricularis superior muscle",4,structure,muscle / tendon,none,0,""
2091,"Auricularis posterior muscle",4,structure,muscle / tendon,none,0,""
2092,"Intrinsic auricular muscles",4,structure,muscle / tendon,none,0,""
2093,"Helicis major muscle",4,structure,muscle / tendon,none,0,""
2094,"Helicis minor muscle",4,structure,muscle / tendon,none,0,""
2095,"Tragicus muscle",4,structure,muscle / tendon,none,0,""
2096,"(Muscle of terminal notch)",4,feature,,n/a,0,""
2097,"Pyramidal muscle of auricle",4,structure,muscle / tendon,none,0,""
2098,"Antitragicus muscle",4,structure,muscle / tendon,none,0,""
2099,"Transverse muscle of auricle",4,structure,muscle / tendon,none,0,""
2100,"Oblique muscle of auricle",4,structure,muscle / tendon,none,0,""
2101,"Muscles of auditory ossicles",4,structure,muscle / tendon,none,0,""
2102,"Tensor tympani",4,structure,other,none,0,""
2103,"Stapedius muscle",4,structure,muscle / tendon,none,0,""
2104,"Masticatory muscles",4,structure,muscle / tendon,none,0,""
2105,"Masseter",4,structure,other,partial,4,"male:left-deep-part-of-masseter male:right-deep-part-of-masseter male:left-superficial-part-of-masseter male:right-superficial-part-of-masseter"
2106,"Superficial part of masseter",4,structure,other,exact,2,"male:left-superficial-part-of-masseter male:right-superficial-part-of-masseter"
2107,"Deep part of masseter",4,structure,other,exact,2,"male:left-deep-part-of-masseter male:right-deep-part-of-masseter"
2108,"Temporalis muscle",4,structure,muscle / tendon,exact,2,"male:left-temporalis-muscle male:right-temporalis-muscle"
2109,"Lateral pterygoid muscle",4,structure,muscle / tendon,partial,4,"male:left-inferior-head-of-lateral-pterygoid-muscle male:right-inferior-head-of-lateral-pterygoid-muscle male:left-superior-head-of-lateral-pterygoid-muscle male:right-superior-head-of-lateral-pterygoid-muscle"
2110,"Superior head of lateral pterygoid muscle",4,feature,,n/a,0,""
2111,"Inferior head of lateral pterygoid muscle",4,feature,,n/a,0,""
2112,"(Pterygoideus proprius muscle)",4,structure,muscle / tendon,none,0,""
2113,"Medial pterygoid muscle",4,structure,muscle / tendon,exact,2,"male:left-medial-pterygoid-muscle male:right-medial-pterygoid-muscle"
2114,"Deep head of medial pterygoid muscle",4,feature,,n/a,0,""
2115,"Superficial head of medial pterygoid muscle",4,feature,,n/a,0,""
2116,"Muscles of tongue",4,structure,muscle / tendon,exact,1,"male:tongue"
2117,"Genioglossus muscle",4,structure,muscle / tendon,exact,2,"male:left-genioglossus male:right-genioglossus"
2118,"Hyoglossus muscle",4,structure,muscle / tendon,exact,2,"male:left-hyoglossus male:right-hyoglossus"
2119,"Chondroglossus muscle",4,structure,muscle / tendon,none,0,""
2120,"Ceratoglossus muscle",4,structure,muscle / tendon,none,0,""
2121,"Styloglossus muscle",4,structure,muscle / tendon,none,0,""
2122,"Superior longitudinal lingual muscle",4,structure,muscle / tendon,none,0,""
2123,"Inferior longitudinal lingual muscle",4,structure,muscle / tendon,none,0,""
2124,"Transversus linguae muscle",4,structure,muscle / tendon,none,0,""
2125,"Verticalis linguae muscle",4,structure,muscle / tendon,none,0,""
2126,"Muscles of soft palate",4,structure,muscle / tendon,partial,1,"female:hra10-vh-f-mucosa-of-soft-palate"
2127,"Palatine aponeurosis",4,structure,muscle / tendon,none,0,""
2128,"Levator veli palatini",4,structure,other,exact,2,"male:left-levator-veli-palatini male:right-levator-veli-palatini"
2129,"Tensor veli palatini",4,structure,other,exact,2,"male:left-tensor-veli-palatini male:right-tensor-veli-palatini"
2130,"Musculus uvulae",4,structure,other,none,0,""
2131,"Palatoglossus muscle",4,structure,muscle / tendon,none,0,""
2132,"Palatopharyngeus muscle",4,structure,muscle / tendon,exact,2,"male:left-palatopharyngeus male:right-palatopharyngeus"
2133,"Anterior fascicle of palatopharyngeus muscle",4,structure,muscle / tendon,none,0,""
2134,"Posterior fascicle of palatopharyngeus muscle",4,structure,muscle / tendon,none,0,""
2135,"FASCIA OF HEAD",4,heading,,n/a,0,""
2136,"Masseteric fascia",4,structure,skin / fascia / soft tissue,exact,2,"male:left-masseteric-fascia male:right-masseteric-fascia"
2137,"Parotid fascia",4,structure,skin / fascia / soft tissue,none,0,""
2138,"Temporal fascia",4,structure,skin / fascia / soft tissue,partial,2,"male:left-superficial-layer-of-temporal-fascia male:right-superficial-layer-of-temporal-fascia"
2139,"Superficial layer of temporal fascia",4,structure,skin / fascia / soft tissue,exact,2,"male:left-superficial-layer-of-temporal-fascia male:right-superficial-layer-of-temporal-fascia"
2140,"Deep layer of temporal fascia",4,structure,skin / fascia / soft tissue,none,0,""
2141,"Buccal fat pad",4,structure,skin / fascia / soft tissue,none,0,""
2142,"Juxtaoral organ",4,structure,other,none,0,""
2143,"BURSAE OF HEAD",4,heading,,n/a,0,""
2144,"Bursa of tensor veli palatini",4,structure,skin / fascia / soft tissue,none,0,""
2145,"CERVICAL PART OF MUSCULAR SYSTEM",4,heading,,n/a,0,""
2146,"MUSCLES OF NECK",4,heading,,n/a,0,""
2147,"Platysma",4,structure,other,exact,2,"male:left-platysma male:right-platysma"
2148,"Longus colli muscle",4,structure,muscle / tendon,exact,2,"male:left-longus-colli-muscle male:right-longus-colli-muscle"
2149,"Longus capitis muscle",4,structure,muscle / tendon,exact,2,"male:left-longus-capitis male:right-longus-capitis"
2150,"Rectus anterior capitis muscle",4,structure,muscle / tendon,exact,2,"male:left-rectus-capitis-anterior male:right-rectus-capitis-anterior"
2151,"Rectus lateralis capitis muscle",4,structure,muscle / tendon,exact,2,"male:left-rectus-capitis-lateralis male:right-rectus-capitis-lateralis"
2152,"Scalenus anterior muscle",4,structure,muscle / tendon,exact,2,"male:left-scalenus-anterior male:right-scalenus-anterior"
2153,"Scalenus medius muscle",4,structure,muscle / tendon,exact,2,"male:left-scalenus-medius male:right-scalenus-medius"
2154,"Scalenus posterior muscle",4,structure,muscle / tendon,exact,2,"male:left-scalenus-posterior male:right-scalenus-posterior"
2155,"(Scalenus minimus muscle)",4,structure,muscle / tendon,none,0,""
2156,"Sternocleidomastoid muscle",4,structure,muscle / tendon,exact,2,"male:left-sternocleidomastoid male:right-sternocleidomastoid"
2157,"Sternal head of sternocleidomastoid muscle",4,feature,,n/a,0,""
2158,"Clavicular head of sternocleidomastoid muscle",4,feature,,n/a,0,""
2159,"Suprahyoid muscles",4,structure,muscle / tendon,none,0,""
2160,"Digastric muscle",4,structure,muscle / tendon,exact,5,"male:left-digastric male:right-digastric male:left-digastric-2 male:left-digastric-3"
2161,"Anterior belly of digastric muscle",4,structure,muscle / tendon,exact,2,"male:left-anterior-belly-of-digastric-muscle male:right-anterior-belly-of-digastric-muscle"
2162,"Intermediate tendon of digastric muscle",4,structure,muscle / tendon,exact,2,"male:left-intermediate-tendon-of-digastric-muscle male:right-intermediate-tendon-of-digastric-muscle"
2163,"Posterior belly of digastric muscle",4,structure,muscle / tendon,exact,2,"male:left-posterior-belly-of-digastric-muscle male:right-posterior-belly-of-digastric-muscle"
2164,"Stylohyoid muscle",4,structure,muscle / tendon,exact,2,"male:left-stylohyoid male:right-stylohyoid"
2165,"Mylohyoid muscle",4,structure,muscle / tendon,exact,2,"male:left-mylohyoid male:right-mylohyoid"
2166,"Geniohyoid muscle",4,structure,muscle / tendon,exact,2,"male:left-geniohyoid male:right-geniohyoid"
2167,"Infrahyoid muscles",4,structure,muscle / tendon,none,0,""
2168,"Sternohyoid muscle",4,structure,muscle / tendon,exact,2,"male:left-sternohyoid male:right-sternohyoid"
2169,"Omohyoid muscle",4,structure,muscle / tendon,exact,2,"male:left-omohyoid male:right-omohyoid"
2170,"Superior belly of omohyoid muscle",4,structure,muscle / tendon,none,0,""
2171,"Intermediate tendon of omohyoid muscle",4,structure,muscle / tendon,none,0,""
2172,"Inferior belly of omohyoid muscle",4,structure,muscle / tendon,none,0,""
2173,"Sternothyroid muscle",4,structure,muscle / tendon,exact,2,"male:left-sternothyroid male:right-sternothyroid"
2174,"Thyrohyoid muscle",4,structure,muscle / tendon,exact,2,"male:left-thyrohyoid male:right-thyrohyoid"
2175,"(Levator glandulae thyroideae)",4,structure,other,none,0,""
2176,"Pharyngeal muscles",4,structure,muscle / tendon,partial,9,"male:left-ascending-pharyngeal-artery male:right-ascending-pharyngeal-artery male:left-inferior-pharyngeal-constrictor male:right-middle-pharyngeal-constrictor"
2177,"Pharyngeal raphe",4,structure,ligament / capsule,exact,1,"male:pharyngeal-raphe"
2178,"Pterygomandibular raphe",4,structure,ligament / capsule,exact,2,"male:left-pterygomandibular-raphe male:right-pterygomandibular-raphe"
2179,"Superior pharyngeal constrictor",4,structure,other,exact,2,"male:left-superior-pharyngeal-constrictor male:right-superior-pharyngeal-constrictor"
2180,"Pterygopharyngeal part of superior pharyngeal constrictor",4,structure,other,none,0,""
2181,"Buccopharyngeal part of superior pharyngeal constrictor",4,structure,other,none,0,""
2182,"Mylopharyngeal part of superior pharyngeal constrictor",4,structure,other,none,0,""
2183,"Glossopharyngeal part of superior pharyngeal constrictor",4,structure,other,none,0,""
2184,"Middle pharyngeal constrictor",4,structure,other,exact,2,"male:right-middle-pharyngeal-constrictor male:left-middle-pharyngeal-constrictor"
2185,"Chondropharyngeal part of middle pharyngeal constrictor",4,structure,other,none,0,""
2186,"Ceratopharyngeal part of middle pharyngeal constrictor",4,structure,other,none,0,""
2187,"Inferior pharyngeal constrictor",4,structure,other,exact,2,"male:left-inferior-pharyngeal-constrictor male:right-inferior-pharyngeal-constrictor"
2188,"Thyropharyngeal part of inferior pharyngeal constrictor",4,structure,other,none,0,""
2189,"Cricopharyngeal part of inferior pharyngeal constrictor",4,structure,other,none,0,""
2190,"Stylopharyngeus muscle",4,structure,muscle / tendon,exact,2,"male:left-stylopharyngeus male:right-stylopharyngeus"
2191,"Salpingopharyngeus muscle",4,structure,muscle / tendon,exact,2,"male:left-salpingopharyngeus male:right-salpingopharyngeus"
2192,"Laryngeal muscles",4,structure,muscle / tendon,none,0,""
2193,"Cricothyroid muscle",4,structure,muscle / tendon,partial,5,"male:oblique-part-of-left-cricothyroid male:straight-part-of-left-cricothyroid male:median-cricothyroid-ligament male:oblique-part-of-right-cricothyroid"
2194,"Straight part of cricothyroid muscle",4,abstract,,n/a,0,""
2195,"Oblique part of cricothyroid muscle",4,structure,muscle / tendon,exact,2,"male:oblique-part-of-left-cricothyroid male:oblique-part-of-right-cricothyroid"
2196,"Posterior cricoarytentoid muscle",4,structure,muscle / tendon,exact,2,"male:left-posterior-crico-arytenoid male:right-posterior-crico-arytenoid"
2197,"(Ceratocricoid muscle)",4,structure,muscle / tendon,none,0,""
2198,"Lateral cricoarytenoid muscle",4,structure,muscle / tendon,exact,2,"male:left-lateral-crico-arytenoid male:right-lateral-crico-arytenoid"
2199,"Thyroarytenoid muscle",4,structure,muscle / tendon,exact,4,"male:left-thyro-arytenoid male:left-thyro-arytenoid-2 male:right-thyro-arytenoid male:right-thyro-arytenoid-2"
2200,"External part of thyroarytenoid muscle",4,structure,muscle / tendon,exact,2,"male:left-external-part-of-thyro-arytenoid-muscle male:right-external-part-of-thyro-arytenoid-muscle"
2201,"Thyroepiglottic part of thyroarytenoid muscle",4,structure,muscle / tendon,exact,2,"male:left-thyro-epiglottic-part-of-thyro-arytenoid-muscle male:right-thyro-epiglottic-part-of-thyro-arytenoid-muscle"
2202,"Vocalis muscle",4,structure,muscle / tendon,exact,2,"male:left-vocalis male:right-vocalis"
2203,"Oblique arytenoid muscle",4,structure,muscle / tendon,exact,2,"male:left-oblique-arytenoid male:right-oblique-arytenoid"
2204,"Aryepiglottic part of oblique arytenoid muscle",4,structure,muscle / tendon,exact,2,"male:left-ary-epiglottic-part-of-oblique-arytenoid-muscle male:right-ary-epiglottic-part-of-oblique-arytenoid-muscle"
2205,"Transverse arytenoid muscle",4,structure,muscle / tendon,exact,1,"male:transverse-arytenoid"
2206,"CERVICAL FASCIA",4,structure,skin / fascia / soft tissue,partial,2,"male:left-superficial-investing-cervical-fascia male:right-superficial-investing-cervical-fascia"
2207,"Superficial investing cervical fascia",4,structure,skin / fascia / soft tissue,exact,2,"male:left-superficial-investing-cervical-fascia male:right-superficial-investing-cervical-fascia"
2208,"Suprasternal space",4,space,,n/a,0,""
2209,"Fascia of infrahyoid muscles",4,structure,muscle / tendon,none,0,""
2210,"Visceral cervical fascia",4,structure,skin / fascia / soft tissue,none,0,""
2211,"Buccopharyngeal fascia",4,structure,skin / fascia / soft tissue,none,0,""
2212,"Pretracheal fascia",4,structure,skin / fascia / soft tissue,none,0,""
2213,"Suspensory ligament of thyroid gland",4,structure,ligament / capsule,none,0,""
2214,"Carotid sheath",4,structure,skin / fascia / soft tissue,none,0,""
2215,"Deep investing cervical fascia",4,structure,skin / fascia / soft tissue,none,0,""
2216,"Prevertebral fascia",4,structure,skin / fascia / soft tissue,none,0,""
2217,"Alar fascia",4,structure,skin / fascia / soft tissue,none,0,""
2218,"Scalene fascia",4,structure,skin / fascia / soft tissue,none,0,""
2219,"Nuchal fascia",4,structure,skin / fascia / soft tissue,none,0,""
2220,"CERVICAL BURSAE",4,structure,other,none,0,""
2221,"Subcutaneous bursa of laryngeal prominence",4,structure,skin / fascia / soft tissue,none,0,""
2222,"Infrahyoid bursa",4,structure,skin / fascia / soft tissue,none,0,""
2223,"Retrohyoid bursa",4,structure,skin / fascia / soft tissue,none,0,""
2224,"DORSAL PART OF MUSCULAR SYSTEM",4,heading,,n/a,0,""
2225,"HYPAXIAL MUSCLES OF BACK",4,heading,,n/a,0,""
2226,"Trapezius muscle",4,structure,muscle / tendon,partial,8,"male:ascending-part-of-right-trapezius male:ascending-part-of-left-trapezius male:descending-part-of-right-trapezius male:descending-part-of-left-trapezius"
2227,"Descending part of trapezius muscle",4,structure,muscle / tendon,exact,2,"male:descending-part-of-right-trapezius male:descending-part-of-left-trapezius"
2228,"Transverse part of trapezius muscle",4,structure,muscle / tendon,exact,2,"male:transverse-part-of-right-trapezius male:transverse-part-of-left-trapezius"
2229,"Ascending part of trapezius muscle",4,structure,muscle / tendon,exact,2,"male:ascending-part-of-right-trapezius male:ascending-part-of-left-trapezius"
2230,"(Transversus nuchae muscle)",4,structure,muscle / tendon,none,0,""
2231,"Latissimus dorsi muscle",4,structure,muscle / tendon,exact,2,"male:left-latissimus-dorsi-muscle male:right-latissimus-dorsi-muscle"
2232,"Rhomboid major muscle",4,structure,muscle / tendon,exact,2,"male:right-rhomboid-major male:left-rhomboid-major"
2233,"Rhomboid minor muscle",4,structure,muscle / tendon,exact,2,"male:right-rhomboid-minor male:left-rhomboid-minor"
2234,"Levator scapulae",4,structure,other,exact,2,"male:right-levator-scapulae male:left-levator-scapulae"
2235,"Serratus posterior inferior muscle",4,structure,muscle / tendon,exact,2,"male:right-serratus-posterior-inferior male:left-serratus-posterior-inferior"
2236,"Serratus posterior superior muscle",4,structure,muscle / tendon,exact,2,"male:right-serratus-posterior-superior male:left-serratus-posterior-superior"
2237,"Anterior intertransversarii colli muscles",4,structure,muscle / tendon,exact,2,"male:set-of-anterior-cervical-intertransversarii male:set-of-anterior-cervical-intertransversarii-2"
2238,"Lateral posterior intertransversarii colli muscles",4,structure,muscle / tendon,none,0,""
2239,"Lateral intertransversarii lumborum muscles",4,structure,muscle / tendon,partial,4,"male:left-dorsal-parts-of-lateral-intertransversarii-lumborum-muscles male:right-dorsal-parts-of-lateral-intertransversarii-lumborum-muscles male:left-ventral-parts-of-lateral-intertransversarii-lumborum-muscles male:right-ventral-parts-of-lateral-intertransversarii-lumborum-muscles"
2240,"Dorsal parts of lateral intertransversarii lumborum muscles",4,structure,muscle / tendon,exact,2,"male:left-dorsal-parts-of-lateral-intertransversarii-lumborum-muscles male:right-dorsal-parts-of-lateral-intertransversarii-lumborum-muscles"
2241,"Ventral parts of lateral intertransversarii lumborum muscles",4,structure,muscle / tendon,exact,2,"male:left-ventral-parts-of-lateral-intertransversarii-lumborum-muscles male:right-ventral-parts-of-lateral-intertransversarii-lumborum-muscles"
2242,"THORACOLUMBAR FASCIA",4,structure,skin / fascia / soft tissue,partial,6,"male:left-anterior-layer-of-thoracolumbar-fascia male:right-anterior-layer-of-thoracolumbar-fascia male:left-middle-layer-of-thoracolumbar-fascia male:right-middle-layer-of-thoracolumbar-fascia"
2243,"Posterior layer of thoracolumbar fascia",4,structure,skin / fascia / soft tissue,exact,2,"male:left-posterior-layer-of-thoracolumbar-fascia male:right-posterior-layer-of-thoracolumbar-fascia"
2244,"Thoracolumbar aponeurosis",4,structure,muscle / tendon,none,0,""
2245,"Middle layer of thoracolumbar fascia",4,structure,skin / fascia / soft tissue,exact,2,"male:left-middle-layer-of-thoracolumbar-fascia male:right-middle-layer-of-thoracolumbar-fascia"
2246,"Anterior layer of thoracolumbar fascia",4,structure,skin / fascia / soft tissue,exact,2,"male:left-anterior-layer-of-thoracolumbar-fascia male:right-anterior-layer-of-thoracolumbar-fascia"
2247,"EPAXIAL MUSCLES",4,heading,,n/a,0,""
2248,"Suboccipital muscles",4,structure,muscle / tendon,none,0,""
2249,"Rectus posterior major capitis muscle",4,structure,muscle / tendon,exact,2,"male:left-rectus-capitis-posterior-major male:right-rectus-capitis-posterior-major"
2250,"Rectus posterior minor capitis muscle",4,structure,muscle / tendon,exact,2,"male:left-rectus-capitis-posterior-minor male:right-rectus-capitis-posterior-minor"
2251,"Obliquus superior capitis muscle",4,structure,muscle / tendon,exact,2,"male:left-obliquus-capitis-superior male:right-obliquus-capitis-superior"
2252,"Obliquus inferior capitis muscle",4,structure,muscle / tendon,exact,2,"male:left-obliquus-capitis-inferior male:right-obliquus-capitis-inferior"
2253,"Suboccipital triangle",4,space,,n/a,0,""
2254,"Erector spinae",4,structure,other,none,0,""
2255,"Erector spinae aponeurosis",4,structure,muscle / tendon,none,0,""
2256,"Intermuscular septum of erector spinae",4,structure,other,none,0,""
2257,"Iliocostalis muscles",4,structure,muscle / tendon,partial,8,"male:right-iliocostalis-cervicis male:left-iliocostalis-cervicis male:right-iliocostalis-lumborum male:left-iliocostalis-lumborum"
2258,"Iliocostalis lumborum muscle",4,structure,muscle / tendon,exact,2,"male:right-iliocostalis-lumborum male:left-iliocostalis-lumborum"
2259,"Lumbar part of iliocostalis lumborum muscle",4,structure,muscle / tendon,none,0,""
2260,"Thoracic part of iliocostalis lumborum muscle",4,structure,muscle / tendon,none,0,""
2261,"Iliocostalis colli muscle",4,structure,muscle / tendon,exact,2,"male:iliocostalis-colli-muscle male:right-iliocostalis-colli-muscle"
2262,"Longissimus muscles",4,structure,muscle / tendon,partial,8,"male:right-longissimus-capitis male:left-longissimus-capitis male:right-longissimus-cervicis male:left-longissimus-cervicis"
2263,"Longissimus thoracis muscle",4,structure,muscle / tendon,exact,2,"male:right-longissimus-thoracis male:left-longissimus-thoracis"
2264,"Lumbar part of longissimus thoracis muscle",4,structure,muscle / tendon,none,0,""
2265,"Longissimus colli muscle",4,structure,muscle / tendon,exact,2,"male:left-longissimus-colli-muscle male:right-longissimus-colli-muscle"
2266,"Longissimus capitis muscle",4,structure,muscle / tendon,exact,2,"male:right-longissimus-capitis male:left-longissimus-capitis"
2267,"Spinalis muscles",4,structure,muscle / tendon,exact,2,"male:spinalis male:spinalis-2"
2268,"Spinalis thoracis muscle",4,structure,muscle / tendon,exact,2,"male:right-spinalis-thoracis male:left-spinalis-thoracis"
2269,"Spinalis colli muscle",4,structure,muscle / tendon,exact,2,"male:left-spinalis-colli-muscle male:right-spinalis-colli-muscle"
2270,"Spinalis capitis muscle",4,structure,muscle / tendon,exact,2,"male:left-spinalis-capitis-muscle male:right-spinalis-capitis-muscle"
2271,"Spinotransversales muscles",4,structure,muscle / tendon,none,0,""
2272,"Splenius muscles",4,structure,muscle / tendon,partial,6,"male:right-splenius-capitis male:left-splenius-capitis male:right-splenius-cervicis male:left-splenius-cervicis"
2273,"Splenius capitis muscle",4,structure,muscle / tendon,exact,2,"male:right-splenius-capitis male:left-splenius-capitis"
2274,"Splenius colli muscle",4,structure,muscle / tendon,exact,2,"male:left-splenius-colli-muscle male:right-splenius-colli-muscle"
2275,"Transversospinal muscles",4,structure,muscle / tendon,none,0,""
2276,"Multifidus muscles",4,structure,muscle / tendon,partial,6,"male:left-multifidus-colli-muscle male:right-multifidus-colli-muscle male:left-multifidus-lumborum-muscle male:right-multifidus-lumborum-muscle"
2277,"Multifidus lumborum muscle",4,structure,muscle / tendon,exact,2,"male:left-multifidus-lumborum-muscle male:right-multifidus-lumborum-muscle"
2278,"Multifidus thoracis muscle",4,structure,muscle / tendon,exact,2,"male:left-multifidus-thoracis-muscle male:right-multifidus-thoracis-muscle"
2279,"Multifidus colli muscle",4,structure,muscle / tendon,exact,2,"male:left-multifidus-colli-muscle male:right-multifidus-colli-muscle"
2280,"Semispinalis muscles",4,structure,muscle / tendon,partial,8,"male:right-semispinalis-capitis male:left-semispinalis-capitis male:right-semispinalis-cervicis male:left-semispinalis-cervicis"
2281,"Semispinalis thoracis muscle",4,structure,muscle / tendon,exact,2,"male:right-semispinalis-thoracis male:left-semispinalis-thoracis"
2282,"Semispinalis colli muscle",4,structure,muscle / tendon,exact,2,"male:left-semispinalis-colli-muscle male:right-semispinalis-colli-muscle"
2283,"Semispinalis capitis muscle",4,structure,muscle / tendon,exact,2,"male:right-semispinalis-capitis male:left-semispinalis-capitis"
2284,"Rotatores",4,structure,other,exact,2,"male:left-rotatores male:right-rotatores"
2285,"(Rotatores lumborum)",4,structure,other,none,0,""
2286,"Rotatores thoracis",4,structure,other,none,0,""
2287,"Long rotatores",4,structure,other,none,0,""
2288,"Short rotatores",4,structure,other,none,0,""
2289,"(Rotatores colli)",4,structure,other,none,0,""
2290,"Interspinales muscles",4,structure,muscle / tendon,partial,8,"male:set-of-interspinales-lumborum male:set-of-interspinales-lumborum-2 male:set-of-interspinales-cervicis male:set-of-interspinales-cervicis-2"
2291,"Interspinales lumborum muscles",4,structure,muscle / tendon,exact,2,"male:set-of-interspinales-lumborum male:set-of-interspinales-lumborum-2"
2292,"Interspinales thoracis muscles",4,structure,muscle / tendon,exact,2,"male:left-interspinales-thoracis-muscles male:right-interspinales-thoracis-muscles"
2293,"Interspinales colli muscles",4,structure,muscle / tendon,exact,2,"male:left-interspinales-colli-muscles male:right-interspinales-colli-muscles"
2294,"Intertransversarii muscles",4,structure,muscle / tendon,partial,8,"male:set-of-anterior-cervical-intertransversarii male:set-of-anterior-cervical-intertransversarii-2 male:set-of-posterior-cervical-intertransversarii male:set-of-posterior-cervical-intertransversarii-2"
2295,"Medial intertransversarii lumborum muscles",4,structure,muscle / tendon,none,0,""
2296,"Intertransversarii thoracis muscles",4,structure,muscle / tendon,none,0,""
2297,"Medial posterior intertransversarii colli muscles",4,structure,muscle / tendon,none,0,""
2298,"THORACIC PART OF MUSCULAR SYSTEM",4,heading,,n/a,0,""
2299,"MUSCLES OF THORAX",4,heading,,n/a,0,""
2300,"(Sternalis muscle)",4,structure,muscle / tendon,none,0,""
2301,"Pectoralis major muscle",4,structure,muscle / tendon,partial,10,"male:abdominal-part-of-right-pectoralis-major male:abdominal-part-of-left-pectoralis-major male:clavicular-part-of-right-pectoralis-major male:clavicular-part-of-left-pectoralis-major"
2302,"Clavicular head of pectoralis major muscle",4,feature,,n/a,0,""
2303,"Sternocostal head of pectoralis major muscle",4,feature,,n/a,0,""
2304,"(Abdominal part of pectoralis major muscle)",4,structure,muscle / tendon,exact,2,"male:abdominal-part-of-right-pectoralis-major male:abdominal-part-of-left-pectoralis-major"
2305,"Pectoralis minor muscle",4,structure,muscle / tendon,exact,2,"male:right-pectoralis-minor male:left-pectoralis-minor"
2306,"Subclavius muscle",4,structure,muscle / tendon,exact,2,"male:right-subclavius male:left-subclavius"
2307,"Serratus anterior muscle",4,structure,muscle / tendon,exact,2,"male:right-serratus-anterior male:left-serratus-anterior"
2308,"Levatores costarum",4,structure,other,partial,4,"male:set-of-right-levatores-costarum-breves male:set-of-left-levatores-costarum-breves male:set-of-right-levatores-costarum-longi male:set-of-left-levatores-costarum-longi"
2309,"Levatores longi costarum",4,structure,other,exact,2,"male:set-of-right-levatores-costarum-longi male:set-of-left-levatores-costarum-longi"
2310,"Levatores breves costarum",4,structure,other,exact,2,"male:set-of-right-levatores-costarum-breves male:set-of-left-levatores-costarum-breves"
2311,"External intercostal muscles",4,structure,muscle / tendon,exact,2,"male:external-intercostal-muscle male:external-intercostal-muscle-2"
2312,"Internal intercostal muscles",4,structure,muscle / tendon,exact,2,"male:internal-intercostal-muscle male:internal-intercostal-muscle-2"
2313,"Innermost intercostal muscles",4,structure,muscle / tendon,exact,2,"male:innermost-intercostal-muscle male:innermost-intercostal-muscle-2"
2314,"Subcostal muscles",4,structure,muscle / tendon,partial,4,"male:right-subcostal-artery male:left-subcostal-artery male:left-subcostal-vein male:right-subcostal-vein"
2315,"Transversus thoracis muscle",4,structure,muscle / tendon,exact,2,"male:right-transversus-thoracis male:left-transversus-thoracis"
2316,"FASCIA OF THORAX",4,heading,,n/a,0,""
2317,"Pectoral fascia",4,structure,skin / fascia / soft tissue,exact,2,"male:left-pectoral-fascia male:right-pectoral-fascia"
2318,"Clavipectoral fascia",4,structure,skin / fascia / soft tissue,exact,2,"male:left-clavipectoral-fascia male:right-clavipectoral-fascia"
2319,"Costocoracoid ligament",4,structure,ligament / capsule,none,0,""
2320,"Costocoracoid membrane",4,structure,other,none,0,""
2321,"Suspensory ligament of axilla",4,structure,ligament / capsule,none,0,""
2322,"Thoracic fascia",4,structure,skin / fascia / soft tissue,none,0,""
2323,"Endothoracic fascia",4,structure,skin / fascia / soft tissue,none,0,""
2324,"Suprapleural membrane",4,structure,other,none,0,""
2325,"Phrenicopleural fascia",4,structure,skin / fascia / soft tissue,none,0,""
2326,"Superior phrenicoesophageal ligament",4,structure,ligament / capsule,none,0,""
2327,"DIAPHRAGM",4,structure,other,exact,1,"male:diaphragm"
2328,"Right hemidiaphragm",4,structure,other,none,0,""
2329,"Left hemidiaphragm",4,structure,other,none,0,""
2330,"Muscle of right hemidiaphragm",4,structure,muscle / tendon,none,0,""
2331,"Right lumbar part of diaphragm",4,structure,other,none,0,""
2332,"Right crus of diaphragm",4,structure,other,none,0,""
2333,"Right hiatus for thoracic splanchnic nerves",4,feature,,n/a,0,""
2334,"Right medial arcuate ligament",4,structure,ligament / capsule,none,0,""
2335,"Right lateral arcuate ligament",4,structure,ligament / capsule,none,0,""
2336,"Right costal part of diaphragm",4,structure,other,none,0,""
2337,"Right sternal part of diaphragm",4,structure,other,none,0,""
2338,"Right sternocostal triangle",4,space,,n/a,0,""
2339,"Right lumbocostal triangle",4,space,,n/a,0,""
2340,"Central tendon",4,structure,muscle / tendon,none,0,""
2341,"Caval foramen",4,feature,,n/a,0,""
2342,"Aortic hiatus",4,feature,,n/a,0,""
2343,"Median arcuate ligament",4,structure,ligament / capsule,none,0,""
2344,"Esophageal hiatus",4,feature,,n/a,0,""
2345,"Muscle of left hemidiaphragm",4,structure,muscle / tendon,none,0,""
2346,"Left lumbar part of diaphragm",4,structure,other,none,0,""
2347,"Left crus of diaphragm",4,structure,other,none,0,""
2348,"Left hiatus for thoracic splanchnic nerves",4,feature,,n/a,0,""
2349,"Left medial arcuate ligament",4,structure,ligament / capsule,none,0,""
2350,"Left lateral arcuate ligament",4,structure,ligament / capsule,none,0,""
2351,"Left costal part of diaphragm",4,structure,other,none,0,""
2352,"Left sternal part of diaphragm",4,structure,other,none,0,""
2353,"Left sternocostal triangle",4,space,,n/a,0,""
2354,"Left lumbocostal triangle",4,space,,n/a,0,""
2355,"ABDOMINAL PART OF MUSCULAR SYSTEM",4,heading,,n/a,0,""
2356,"MUSCLES OF ABDOMEN",4,heading,,n/a,0,""
2357,"Rectus abdominis muscle",4,structure,muscle / tendon,exact,2,"male:left-rectus-abdominis-muscle male:right-rectus-abdominis-muscle"
2358,"Tendinous intersections",4,structure,other,none,0,""
2359,"Rectus sheath",4,structure,skin / fascia / soft tissue,none,0,""
2360,"Anterior layer of rectus sheath",4,structure,skin / fascia / soft tissue,none,0,""
2361,"Posterior layer of rectus sheath",4,structure,skin / fascia / soft tissue,none,0,""
2362,"Arcuate line of rectus sheath",4,feature,,n/a,0,""
2363,"Pyramidalis muscle",4,structure,muscle / tendon,exact,2,"male:left-pyramidalis-muscle male:right-pyramidalis-muscle"
2364,"External abdominal oblique muscle",4,structure,muscle / tendon,exact,2,"male:left-external-abdominal-oblique-muscle male:right-external-abdominal-oblique-muscle"
2365,"Inguinal ligament",4,structure,ligament / capsule,exact,2,"male:left-inguinal-ligament male:right-inguinal-ligament"
2366,"Lacunar ligament",4,structure,ligament / capsule,none,0,""
2367,"Pectineal ligament",4,structure,ligament / capsule,none,0,""
2368,"Reflected inguinal ligament",4,structure,ligament / capsule,none,0,""
2369,"Superficial inguinal ring",4,structure,other,none,0,""
2370,"Medial crus of superficial inguinal ring",4,structure,other,none,0,""
2371,"Lateral crus of superficial inguinal ring",4,structure,other,none,0,""
2372,"Intercrural fibers",4,structure,other,none,0,""
2373,"Internal abdominal oblique muscle",4,structure,muscle / tendon,exact,2,"male:left-internal-abdominal-oblique-muscle male:right-internal-abdominal-oblique-muscle"
2374,"Cremaster",4,structure,other,none,0,""
2375,"Transversus abdominis muscle",4,structure,muscle / tendon,exact,2,"male:left-transversus-abdominis-muscle male:right-transversus-abdominis-muscle"
2376,"Inguinal falx",4,structure,other,none,0,""
2377,"Linea alba",4,structure,other,exact,1,"male:decussation"
2378,"Umbilical ring",4,structure,other,none,0,""
2379,"Posterior attachment of linea alba",4,structure,other,none,0,""
2380,"Semilunar line",4,feature,,n/a,0,""
2381,"Inguinal canal",4,feature,,n/a,0,""
2382,"Quadratus lumborum muscle",4,structure,muscle / tendon,exact,2,"male:left-quadratus-lumborum-muscle male:right-quadratus-lumborum-muscle"
2383,"FASCIA OF ABDOMEN",4,heading,,n/a,0,""
2384,"Investing abdominal fascia",4,structure,skin / fascia / soft tissue,exact,2,"male:left-investing-abdominal-fascia male:right-investing-abdominal-fascia"
2385,"Endoabdominal fascia",4,structure,skin / fascia / soft tissue,none,0,""
2386,"Iliopsoas fascia",4,structure,skin / fascia / soft tissue,exact,2,"male:left-iliopsoas-fascia male:right-iliopsoas-fascia"
2387,"Psoas fascia",4,structure,skin / fascia / soft tissue,none,0,""
2388,"Iliac fascia",4,structure,skin / fascia / soft tissue,none,0,""
2389,"Transversalis fascia",4,structure,skin / fascia / soft tissue,exact,1,"male:transversalis-fascia"
2390,"Deep inguinal ring",4,structure,other,none,0,""
2391,"Interfoveolar ligament",4,structure,ligament / capsule,none,0,""
2392,"Iliopubic tract",4,structure,brain / spinal cord / meninges,none,0,""
2393,"Umbilical fascia",4,structure,skin / fascia / soft tissue,none,0,""
2394,"Diaphragmatic fascia",4,structure,skin / fascia / soft tissue,exact,1,"male:diaphragmatic-fascia"
2395,"Inferior phrenicoesophageal ligament",4,structure,ligament / capsule,none,0,""
2396,"PELVIC PART OF MUSCULAR SYSTEM",4,heading,,n/a,0,""
2397,"MUSCLES OF PELVIS",4,heading,,n/a,0,""
2398,"Perineal body",4,structure,other,none,0,""
2399,"Postanal septum",4,structure,other,none,0,""
2400,"Raphe of pelvic diaphragm",4,structure,ligament / capsule,none,0,""
2401,"Anococcygeal ligament",4,structure,ligament / capsule,none,0,""
2402,"Pelvic diaphragm",4,structure,other,none,0,""
2403,"Levator ani",4,structure,other,partial,4,"male:tendinous-arch-of-levator-ani male:tendinous-arch-of-levator-ani-2 male:tendinous-arch-of-levator-ani-3 male:tendinous-arch-of-levator-ani-4"
2404,"Iliococcygeus muscle",4,structure,muscle / tendon,exact,3,"male:left-iliococcygeus male:left-iliococcygeus-2 male:right-iliococcygeus"
2405,"Pubococcygeus muscle",4,structure,muscle / tendon,exact,3,"male:left-pubococcygeus male:left-pubococcygeus-2 male:right-pubococcygeus"
2406,"Puboanalis muscle",4,structure,muscle / tendon,exact,2,"male:left-pubo-analis-muscle male:right-pubo-analis-muscle"
2407,"Puboperinealis muscle",4,structure,muscle / tendon,none,0,""
2408,"Puboprostaticus muscle ♂",4,structure,muscle / tendon,none,0,""
2409,"Pubovaginalis muscle ♀",4,structure,muscle / tendon,none,0,""
2410,"Urogenital hiatus",4,feature,,n/a,0,""
2411,"Anorectal hiatus",4,feature,,n/a,0,""
2412,"Coccygeus muscle",4,structure,muscle / tendon,exact,3,"male:left-coccygeus male:left-coccygeus-2 male:right-coccygeus"
2413,"Perineal muscles",4,structure,muscle / tendon,partial,1,"male:superficial-perineal-muscle"
2414,"Muscles of urogenital triangle",4,space,,n/a,0,""
2415,"Superficial perineal space",4,space,,n/a,0,""
2416,"Superficial transverse perineal muscle",4,structure,muscle / tendon,none,0,""
2417,"Ischiocavernosus muscle",4,structure,muscle / tendon,none,0,""
2418,"Bulbospongiosus muscle",4,structure,muscle / tendon,none,0,""
2419,"Deep perineal space",4,space,,n/a,0,""
2420,"Deep transverse perineal muscle ♂",4,structure,muscle / tendon,none,0,""
2421,"Male external urethral sphincter ♂",4,structure,other,none,0,""
2422,"Female external urethral sphincter ♀",4,structure,other,none,0,""
2423,"Compressor urethrae ♀",4,structure,other,none,0,""
2424,"Sphincter urethrovaginalis ♀",4,structure,other,none,0,""
2425,"Muscle of anal triangle",4,space,,n/a,0,""
2426,"External anal sphincter",4,structure,other,exact,3,"male:superficial-perineal-muscle-2 male:superficial-perineal-muscle-3 male:superficial-perineal-muscle-4"
2427,"Subcutaneous part of external anal sphincter",4,structure,other,none,0,""
2428,"Superficial part of external anal sphincter",4,structure,other,none,0,""
2429,"Deep part of external anal sphincter",4,structure,other,none,0,""
2430,"PELVIC FASCIA",4,structure,skin / fascia / soft tissue,none,0,""
2431,"Parietal pelvic fascia",4,structure,skin / fascia / soft tissue,none,0,""
2432,"Obturator fascia",4,structure,skin / fascia / soft tissue,none,0,""
2433,"Supradiaphragmatic part of obturator fascia",4,structure,skin / fascia / soft tissue,none,0,""
2434,"Tendinous arch of levator ani",4,feature,,n/a,0,""
2435,"Infradiaphragmatic part of obturator fascia",4,structure,skin / fascia / soft tissue,none,0,""
2436,"Pudendal canal",4,feature,,n/a,0,""
2437,"Piriformis fascia",4,structure,skin / fascia / soft tissue,exact,2,"male:left-piriformis-fascia male:right-piriformis-fascia"
2438,"Superior fascia of pelvic diaphragm",4,structure,skin / fascia / soft tissue,none,0,""
2439,"Tendinous arch of pelvic fascia",4,feature,,n/a,0,""
2440,"Inferior fascia of pelvic diaphragm",4,structure,skin / fascia / soft tissue,none,0,""
2441,"Presacral fascia",4,structure,skin / fascia / soft tissue,none,0,""
2442,"Rectosacral fascia",4,structure,skin / fascia / soft tissue,none,0,""
2443,"Perineal fascia",4,structure,skin / fascia / soft tissue,none,0,""
2444,"Perineal membrane",4,structure,other,none,0,""
2445,"Transverse perineal ligament",4,structure,ligament / capsule,none,0,""
2446,"Ischioanal fossa",4,feature,,n/a,0,""
2447,"Fat body of ischioanal fossa",4,feature,,n/a,0,""
2448,"Anterior recess of ischioanal fossa",4,space,,n/a,0,""
2449,"MUSCULAR SYSTEM OF UPPER LIMB",4,heading,,n/a,0,""
2450,"MUSCLES OF UPPER LIMB",4,heading,,n/a,0,""
2451,"Scapulohumeral muscles",4,structure,muscle / tendon,none,0,""
2452,"Deltoid muscle",4,structure,muscle / tendon,partial,12,"male:deltoid male:deltoid-branch-of-right-thoraco-acromial-artery male:acromial-part-of-right-deltoid male:acromial-part-of-left-deltoid"
2453,"Clavicular part of deltoid muscle",4,structure,muscle / tendon,exact,2,"male:clavicular-part-of-right-deltoid male:clavicular-part-of-left-deltoid"
2454,"Acromial part of deltoid muscle",4,structure,muscle / tendon,exact,2,"male:acromial-part-of-right-deltoid male:acromial-part-of-left-deltoid"
2455,"Scapular spinal part of deltoid muscle",4,structure,muscle / tendon,exact,2,"male:left-scapular-spinal-part-of-deltoid-muscle male:right-scapular-spinal-part-of-deltoid-muscle"
2456,"Rotator cuff muscles",4,structure,muscle / tendon,none,0,""
2457,"Supraspinatus muscle",4,structure,muscle / tendon,exact,2,"male:right-supraspinatus male:left-supraspinatus"
2458,"Infraspinatus muscle",4,structure,muscle / tendon,exact,2,"male:right-infraspinatus-muscle male:left-infraspinatus-muscle"
2459,"Teres minor muscle",4,structure,muscle / tendon,exact,2,"male:right-teres-minor male:left-teres-minor"
2460,"Subscapularis muscle",4,structure,muscle / tendon,exact,2,"male:right-subscapularis male:left-subscapularis"
2461,"Musculotendinous cuff",4,structure,other,none,0,""
2462,"Teres major muscle",4,structure,muscle / tendon,exact,2,"male:right-teres-major male:left-teres-major"
2463,"Anterior compartment of arm",4,space,,n/a,0,""
2464,"Biceps brachii muscle",4,structure,muscle / tendon,partial,4,"male:long-head-of-right-biceps-brachii male:long-head-of-left-biceps-brachii male:short-head-of-right-biceps-brachii male:short-head-of-left-biceps-brachii"
2465,"Long head of biceps brachii",4,feature,,n/a,0,""
2466,"Short head of biceps brachii",4,feature,,n/a,0,""
2467,"Bicipital aponeurosis",4,structure,muscle / tendon,none,0,""
2468,"Coracobrachialis muscle",4,structure,muscle / tendon,exact,2,"male:right-coracobrachialis male:left-coracobrachialis"
2469,"Brachialis muscle",4,structure,muscle / tendon,exact,2,"male:right-brachialis male:left-brachialis"
2470,"Posterior compartment of arm",4,space,,n/a,0,""
2471,"Triceps brachii muscle",4,structure,muscle / tendon,partial,8,"male:lateral-head-of-right-triceps-brachii male:lateral-head-of-left-triceps-brachii male:long-head-of-right-triceps-brachii male:long-head-of-left-triceps-brachii"
2472,"Long head of triceps brachii",4,feature,,n/a,0,""
2473,"Lateral head of triceps brachii",4,feature,,n/a,0,""
2474,"Medial head of triceps brachii",4,feature,,n/a,0,""
2475,"Articularis cubiti muscle",4,structure,muscle / tendon,none,0,""
2476,"Anterior compartment of forearm",4,space,,n/a,0,""
2477,"Superficial part of anterior compartment of forearm",4,space,,n/a,0,""
2478,"Pronator teres",4,structure,other,partial,8,"male:humeral-head-of-right-pronator-teres male:humeral-head-of-left-pronator-teres male:ulnar-head-of-right-pronator-teres male:ulnar-head-of-left-pronator-teres"
2479,"Superficial head of pronator teres",4,feature,,n/a,0,""
2480,"Deep head of pronator teres",4,feature,,n/a,0,""
2481,"Flexor carpi radialis",4,structure,other,exact,2,"male:right-flexor-carpi-radialis male:left-flexor-carpi-radialis"
2482,"Palmaris longus muscle",4,structure,muscle / tendon,exact,2,"male:right-palmaris-longus male:left-palmaris-longus"
2483,"Flexor carpi ulnaris",4,structure,other,partial,4,"male:humeral-head-of-right-flexor-carpi-ulnaris male:humeral-head-of-left-flexor-carpi-ulnaris male:ulnar-head-of-right-flexor-carpi-ulnaris male:ulnar-head-of-left-flexor-carpi-ulnaris"
2484,"Humeral head of flexor carpi ulnaris",4,feature,,n/a,0,""
2485,"Ulnar head of flexor carpi ulnaris",4,feature,,n/a,0,""
2486,"Flexor digitorum superficialis",4,structure,other,exact,4,"male:right-flexor-digitorum-superficialis male:left-flexor-digitorum-superficialis male:right-flexor-digitorum-superficialis-2 male:left-flexor-digitorum-superficialis-2"
2487,"Humeroulnar head of flexor digitorum superficialis",4,feature,,n/a,0,""
2488,"Radial head of flexor digitorum superficialis",4,feature,,n/a,0,""
2489,"Common flexor tendon",4,structure,muscle / tendon,partial,2,"male:left-common-flexor-tendon-sheath male:right-common-flexor-tendon-sheath"
2490,"Deep part of anterior compartment of forearm",4,space,,n/a,0,""
2491,"Flexor digitorum profundus",4,structure,other,exact,2,"male:right-flexor-digitorum-profundus male:left-flexor-digitorum-profundus"
2492,"Flexor pollicis longus",4,structure,other,exact,2,"male:right-flexor-pollicis-longus male:left-flexor-pollicis-longus"
2493,"Pronator quadratus",4,structure,other,exact,2,"male:right-pronator-quadratus male:left-pronator-quadratus"
2494,"Posterior compartment of forearm",4,space,,n/a,0,""
2495,"Superficial part of posterior compartment of forearm",4,space,,n/a,0,""
2496,"Brachioradialis muscle",4,structure,muscle / tendon,exact,2,"male:right-brachioradialis male:left-brachioradialis"
2497,"Extensor carpi radialis longus",4,structure,other,exact,2,"male:right-extensor-carpi-radialis-longus male:left-extensor-carpi-radialis-longus"
2498,"Common extensor tendon",4,structure,muscle / tendon,none,0,""
2499,"Extensor carpi radialis brevis",4,structure,other,exact,2,"male:right-extensor-carpi-radialis-brevis male:left-extensor-carpi-radialis-brevis"
2500,"Extensor digitorum",4,structure,other,exact,2,"male:right-extensor-digitorum male:left-extensor-digitorum"
2501,"Intertendinous connections",4,structure,other,none,0,""
2502,"Extensor expansion of hand",4,structure,other,none,0,""
2503,"Extensor hood",4,structure,other,none,0,""
2504,"Central band of extensor expansion of hand",4,structure,other,none,0,""
2505,"Collateral bands of extensor expansion of hand",4,structure,other,none,0,""
2506,"Extensor digiti minimi",4,structure,other,exact,2,"male:right-extensor-digiti-minimi male:left-extensor-digiti-minimi"
2507,"Extensor carpi ulnaris",4,structure,other,exact,4,"male:right-extensor-carpi-ulnaris male:left-extensor-carpi-ulnaris male:right-extensor-carpi-ulnaris-2 male:left-extensor-carpi-ulnaris-2"
2508,"Humeral head of extensor carpi ulnaris",4,feature,,n/a,0,""
2509,"Ulnar head of extensor carpi ulnaris",4,feature,,n/a,0,""
2510,"Anconeus muscle",4,structure,muscle / tendon,exact,2,"male:right-anconeus male:left-anconeus"
2511,"Deep part of posterior compartment of forearm",4,space,,n/a,0,""
2512,"Supinator",4,structure,other,exact,2,"male:right-supinator male:left-supinator"
2513,"Humeral head of supinator",4,feature,,n/a,0,""
2514,"Ulnar head of supinator",4,feature,,n/a,0,""
2515,"Extensor indicis",4,structure,other,exact,2,"male:right-extensor-indicis male:left-extensor-indicis"
2516,"Extensor pollicis longus",4,structure,other,exact,2,"male:right-extensor-pollicis-longus male:left-extensor-pollicis-longus"
2517,"Abductor pollicis longus",4,structure,other,exact,2,"male:right-abductor-pollicis-longus male:left-abductor-pollicis-longus"
2518,"Extensor pollicis brevis",4,structure,other,exact,2,"male:right-extensor-pollicis-brevis male:left-extensor-pollicis-brevis"
2519,"Muscles of hand",4,structure,muscle / tendon,partial,56,"male:dorsal-venous-network-of-left-hand male:dorsal-venous-network-of-right-hand male:left-dorsal-digital-arteries-of-hand male:right-dorsal-digital-arteries-of-hand"
2520,"Palmaris brevis muscle",4,structure,muscle / tendon,none,0,""
2521,"Abductor pollicis brevis",4,structure,other,exact,2,"male:right-abductor-pollicis-brevis male:left-abductor-pollicis-brevis"
2522,"Flexor pollicis brevis",4,structure,other,exact,2,"male:left-flexor-pollicis-brevis male:right-flexor-pollicis-brevis"
2523,"Superficial head of flexor pollicis brevis",4,feature,,n/a,0,""
2524,"Deep head of flexor pollicis brevis",4,feature,,n/a,0,""
2525,"Opponens pollicis muscle",4,structure,muscle / tendon,exact,2,"male:right-opponens-pollicis male:left-opponens-pollicis"
2526,"Adductor pollicis",4,structure,other,partial,4,"male:oblique-head-of-right-adductor-pollicis male:oblique-head-of-left-adductor-pollicis male:transverse-head-of-right-adductor-pollicis male:transverse-head-of-left-adductor-pollicis"
2527,"Oblique head of adductor pollicis",4,feature,,n/a,0,""
2528,"Transverse head of adductor pollicis",4,feature,,n/a,0,""
2529,"Abductor digiti minimi of hand",4,structure,other,exact,2,"male:abductor-digiti-minimi-of-right-hand male:abductor-digiti-minimi-of-left-hand"
2530,"Flexor digiti minimi of hand",4,structure,other,exact,2,"male:left-flexor-digiti-minimi-of-hand male:right-flexor-digiti-minimi-of-hand"
2531,"Opponens digiti minimi muscle of hand",4,structure,muscle / tendon,exact,2,"male:opponens-digiti-minimi-of-right-hand male:opponens-digiti-minimi-of-left-hand"
2532,"Lumbrical muscles of hand",4,structure,muscle / tendon,exact,2,"male:set-of-lumbricals-of-right-hand male:set-of-lumbricals-of-left-hand"
2533,"Dorsal interossei muscles of hand",4,structure,muscle / tendon,exact,2,"male:set-of-dorsal-interossei-of-right-hand male:set-of-dorsal-interossei-of-left-hand"
2534,"Palmar interossei muscles",4,structure,muscle / tendon,exact,2,"male:left-palmar-interossei-muscles male:right-palmar-interossei-muscles"
2535,"(Pollical palmar interosseus muscle)",4,structure,muscle / tendon,none,0,""
2536,"FASCIA OF UPPER LIMB",4,heading,,n/a,0,""
2537,"Axillary fascia",4,structure,skin / fascia / soft tissue,none,0,""
2538,"Supraspinatus fascia",4,structure,skin / fascia / soft tissue,none,0,""
2539,"Infraspinatus fascia",4,structure,skin / fascia / soft tissue,none,0,""
2540,"Deltoid fascia",4,structure,skin / fascia / soft tissue,exact,2,"male:left-deltoid-fascia male:right-deltoid-fascia"
2541,"Brachial fascia",4,structure,skin / fascia / soft tissue,exact,2,"male:left-brachial-fascia male:right-brachial-fascia"
2542,"Medial intermuscular septum of arm",4,structure,other,exact,2,"male:left-medial-intermuscular-septum-of-arm male:right-medial-intermuscular-septum-of-arm"
2543,"Lateral intermuscular septum of arm",4,structure,other,exact,2,"male:left-lateral-intermuscular-septum-of-arm male:right-lateral-intermuscular-septum-of-arm"
2544,"Antebrachial fascia",4,structure,skin / fascia / soft tissue,exact,2,"male:left-antebrachial-fascia male:right-antebrachial-fascia"
2545,"Palmar carpal ligament",4,structure,ligament / capsule,none,0,""
2546,"Extensor retinaculum of wrist",4,structure,ligament / capsule,exact,2,"male:left-extensor-retinaculum-of-wrist male:right-extensor-retinaculum-of-wrist"
2547,"Dorsal fascia of hand",4,structure,skin / fascia / soft tissue,exact,2,"male:left-dorsal-fascia-of-hand male:right-dorsal-fascia-of-hand"
2548,"Superficial transverse metacarpal ligament",4,structure,ligament / capsule,exact,2,"male:left-superficial-transverse-metacarpal-ligament male:right-superficial-transverse-metacarpal-ligament"
2549,"Palmar aponeurosis",4,structure,muscle / tendon,exact,2,"male:left-palmar-aponeurosis male:right-palmar-aponeurosis"
2550,"Flexor retinaculum of wrist",4,structure,ligament / capsule,exact,2,"male:flexor-retinaculum-of-right-wrist male:flexor-retinaculum-of-left-wrist"
2551,"Carpal tunnel",4,structure,bone / cartilage / joint,none,0,""
2552,"Ulnar canal",4,feature,,n/a,0,""
2553,"Tendinous chiasm",4,structure,other,none,0,""
2554,"BURSAE OF UPPER LIMB",4,heading,,n/a,0,""
2555,"Subtendinous bursa of trapezius muscle",4,structure,muscle / tendon,exact,2,"male:left-subtendinous-bursa-of-trapezius-muscle male:right-subtendinous-bursa-of-trapezius-muscle"
2556,"(Subcutaneous acromial bursa)",4,structure,skin / fascia / soft tissue,exact,2,"male:left-subcutaneous-acromial-bursa male:right-subcutaneous-acromial-bursa"
2557,"Subacromial bursa",4,structure,skin / fascia / soft tissue,exact,2,"male:left-subacromial-bursa male:right-subacromial-bursa"
2558,"Subdeltoid bursa",4,structure,skin / fascia / soft tissue,exact,2,"male:left-subdeltoid-bursa male:right-subdeltoid-bursa"
2559,"(Coracobrachial bursa)",4,structure,skin / fascia / soft tissue,exact,2,"male:left-coracobrachial-bursa male:right-coracobrachial-bursa"
2560,"Subtendinous bursa of infraspinatus muscle",4,structure,muscle / tendon,exact,2,"male:left-subtendinous-bursa-of-infraspinatus-muscle male:right-subtendinous-bursa-of-infraspinatus-muscle"
2561,"Subtendinous bursa of subscapularis muscle",4,structure,muscle / tendon,none,0,""
2562,"Subtendinous bursa of teres major muscle",4,structure,muscle / tendon,exact,2,"male:left-subtendinous-bursa-of-teres-major-muscle male:right-subtendinous-bursa-of-teres-major-muscle"
2563,"Subtendinous bursa of latissimus dorsi muscle",4,structure,muscle / tendon,none,0,""
2564,"Subcutaneous olecranon bursa",4,structure,skin / fascia / soft tissue,none,0,""
2565,"(Intratendinous olecranon bursa)",4,structure,skin / fascia / soft tissue,none,0,""
2566,"Subtendinous bursa of triceps brachii muscle",4,structure,muscle / tendon,exact,2,"male:left-subtendinous-bursa-of-triceps-brachii-muscle male:right-subtendinous-bursa-of-triceps-brachii-muscle"
2567,"Bicipitoradial bursa",4,structure,skin / fascia / soft tissue,exact,2,"male:left-bicipitoradial-bursa male:right-bicipitoradial-bursa"
2568,"(Interosseous cubital bursa)",4,structure,skin / fascia / soft tissue,none,0,""
2569,"TENDINOUS SHEATHS OF UPPER LIMB",4,heading,,n/a,0,""
2570,"Intertubercular tendon sheath",4,structure,muscle / tendon,none,0,""
2571,"Carpal tendinous sheaths",4,structure,bone / cartilage / joint,none,0,""
2572,"Palmar carpal tendinous sheaths",4,structure,bone / cartilage / joint,none,0,""
2573,"Tendinous sheath of flexor pollicis longus",4,structure,skin / fascia / soft tissue,none,0,""
2574,"Tendinous sheath of flexor carpi radialis",4,structure,skin / fascia / soft tissue,none,0,""
2575,"Common flexor sheath",4,structure,skin / fascia / soft tissue,partial,2,"male:left-common-flexor-tendon-sheath male:right-common-flexor-tendon-sheath"
2576,"Dorsal carpal tendinous sheaths",4,structure,bone / cartilage / joint,none,0,""
2577,"Tendinous sheath of abductor pollicis longus and extensor pollicis brevis",4,structure,skin / fascia / soft tissue,none,0,""
2578,"Tendinous sheath of extensors carpi radialis",4,structure,skin / fascia / soft tissue,none,0,""
2579,"Tendinous sheath of extensor pollicis longus",4,structure,skin / fascia / soft tissue,none,0,""
2580,"Tendinous sheath of extensor digitorum and extensor indicis",4,structure,skin / fascia / soft tissue,none,0,""
2581,"Tendinous sheath of extensor digiti minimi manus",4,structure,skin / fascia / soft tissue,none,0,""
2582,"Tendinous sheath of extensor carpi ulnaris",4,structure,skin / fascia / soft tissue,none,0,""
2583,"Tendinous sheaths of digits of hand",4,structure,other,none,0,""
2584,"Fibrous sheaths of digits of hand",4,structure,other,partial,2,"male:left-cruciform-part-of-fibrous-sheath-of-digit-of-hand male:right-cruciform-part-of-fibrous-sheath-of-digit-of-hand"
2585,"Annular part of fibrous sheath of digit of hand",4,structure,skin / fascia / soft tissue,none,0,""
2586,"Cruciform part of fibrous sheath of digit of hand",4,structure,skin / fascia / soft tissue,exact,2,"male:left-cruciform-part-of-fibrous-sheath-of-digit-of-hand male:right-cruciform-part-of-fibrous-sheath-of-digit-of-hand"
2587,"Synovial sheaths of digits of hand",4,structure,other,exact,2,"male:left-synovial-sheaths-of-digits-of-hand male:right-synovial-sheaths-of-digits-of-hand"
2588,"Vincula tendinum of hand",4,structure,other,none,0,""
2589,"Vinculum longum",4,structure,other,none,0,""
2590,"Vinculum breve",4,structure,other,none,0,""
2591,"MUSCULAR SYSTEM OF LOWER LIMB",4,heading,,n/a,0,""
2592,"MUSCLES OF LOWER LIMB",4,heading,,n/a,0,""
2593,"Iliopsoas muscle",4,structure,muscle / tendon,partial,2,"male:left-iliopsoas-fascia male:right-iliopsoas-fascia"
2594,"Iliacus muscle",4,structure,muscle / tendon,exact,2,"male:right-iliacus male:left-iliacus"
2595,"Psoas major",4,structure,other,exact,2,"male:right-psoas-major male:left-psoas-major"
2596,"(Psoas minor)",4,structure,other,none,0,""
2597,"Superficial gluteal muscles",4,structure,muscle / tendon,none,0,""
2598,"Gluteus maximus muscle",4,structure,muscle / tendon,exact,2,"male:right-gluteus-maximus male:left-gluteus-maximus"
2599,"Gluteus medius muscle",4,structure,muscle / tendon,exact,2,"male:right-gluteus-medius male:left-gluteus-medius"
2600,"Gluteus minimus muscle",4,structure,muscle / tendon,exact,2,"male:right-gluteus-minimus male:left-gluteus-minimus"
2601,"Guteal aponeurosis",4,structure,muscle / tendon,none,0,""
2602,"Tensor fasciae latae",4,structure,other,exact,2,"male:right-tensor-fasciae-latae male:left-tensor-fasciae-latae"
2603,"Deep gluteal muscles",4,structure,muscle / tendon,none,0,""
2604,"Piriformis muscle",4,structure,muscle / tendon,exact,2,"male:right-piriformis male:left-piriformis"
2605,"Obturator internus",4,structure,other,exact,2,"male:right-obturator-internus male:left-obturator-internus"
2606,"Superior gemellus muscle",4,structure,muscle / tendon,exact,2,"male:right-gemellus-superior male:left-gemellus-superior"
2607,"Inferior gemellus muscle",4,structure,muscle / tendon,exact,2,"male:right-gemellus-inferior male:left-gemellus-inferior"
2608,"Quadratus femoris muscle",4,structure,muscle / tendon,exact,2,"male:right-quadratus-femoris male:left-quadratus-femoris"
2609,"Anterior compartment of thigh",4,space,,n/a,0,""
2610,"Sartorius muscle",4,structure,muscle / tendon,exact,2,"male:right-sartorius male:left-sartorius"
2611,"Adductor canal",4,feature,,n/a,0,""
2612,"Pes anserinus",4,structure,other,none,0,""
2613,"Quadriceps femoris muscle",4,structure,muscle / tendon,partial,2,"female:tendon-of-left-quadriceps-femoris female:tendon-of-right-quadriceps-femoris"
2614,"Rectus femoris muscle",4,structure,muscle / tendon,exact,4,"male:right-rectus-femoris male:left-rectus-femoris female:f-left-rectus-femoris female:f-right-rectus-femoris"
2615,"Straight head of rectus femoris",4,feature,,n/a,0,""
2616,"Reflected head of rectus femoris",4,feature,,n/a,0,""
2617,"(Third head of rectus femoris)",4,feature,,n/a,0,""
2618,"Vastus lateralis muscle",4,structure,muscle / tendon,exact,2,"male:right-vastus-lateralis male:left-vastus-lateralis"
2619,"Vastus intermedius muscle",4,structure,muscle / tendon,exact,2,"male:right-vastus-intermedius male:left-vastus-intermedius"
2620,"Vastus medialis muscle",4,structure,muscle / tendon,exact,2,"male:right-vastus-medialis male:left-vastus-medialis"
2621,"Tendon of quadriceps femoris muscle",4,structure,muscle / tendon,exact,2,"female:tendon-of-left-quadriceps-femoris female:tendon-of-right-quadriceps-femoris"
2622,"Patellar ligament",4,structure,ligament / capsule,exact,2,"female:right-patellar-ligament female:left-patellar-ligament"
2623,"Medial patellar retinaculum",4,structure,ligament / capsule,exact,2,"male:left-medial-patellar-retinaculum male:right-medial-patellar-retinaculum"
2624,"Lateral patellar retinaculum",4,structure,ligament / capsule,exact,2,"male:left-lateral-patellar-retinaculum male:right-lateral-patellar-retinaculum"
2625,"Articularis genus muscle",4,structure,muscle / tendon,partial,4,"male:left-articular-capsule-of-knee-joint male:right-articular-capsule-of-knee-joint female:articular-disk-of-knee-joint female:articular-disk-of-knee-joint-2"
2626,"Medial compartment of thigh",4,space,,n/a,0,""
2627,"Pectineus muscle",4,structure,muscle / tendon,exact,2,"male:right-pectineus male:left-pectineus"
2628,"Adductor longus",4,structure,other,exact,2,"male:right-adductor-longus male:left-adductor-longus"
2629,"Adductor brevis",4,structure,other,exact,2,"male:right-adductor-brevis male:left-adductor-brevis"
2630,"Adductor magnus",4,structure,other,exact,2,"male:right-adductor-magnus male:left-adductor-magnus"
2631,"Adductor part of adductor magnus",4,structure,other,exact,2,"male:right-adductor-magnus male:left-adductor-magnus"
2632,"(Adductor minimus)",4,structure,other,exact,2,"male:right-adductor-minimus male:left-adductor-minimus"
2633,"Ischiocondylar part of adductor magnus",4,structure,other,none,0,""
2634,"Adductor hiatus",4,feature,,n/a,0,""
2635,"Gracilis muscle",4,structure,muscle / tendon,exact,2,"male:right-gracilis male:left-gracilis"
2636,"Obturator externus",4,structure,other,exact,2,"male:right-obturator-externus male:left-obturator-externus"
2637,"Posterior compartment of thigh",4,space,,n/a,0,""
2638,"Biceps femoris muscle",4,structure,muscle / tendon,partial,8,"male:long-head-of-right-biceps-femoris male:long-head-of-left-biceps-femoris male:short-head-of-right-biceps-femoris male:short-head-of-left-biceps-femoris"
2639,"Long head of biceps femoris",4,feature,,n/a,0,""
2640,"Short head of biceps femoris",4,feature,,n/a,0,""
2641,"Semitendinosus muscle",4,structure,muscle / tendon,exact,2,"male:right-semitendinosus male:left-semitendinosus"
2642,"Semimembranosus muscle",4,structure,muscle / tendon,exact,2,"male:right-semimembranosus male:left-semimembranosus"
2643,"Anterior compartment of leg",4,space,,n/a,0,""
2644,"Tibialis anterior muscle",4,structure,muscle / tendon,exact,2,"male:tibia male:left-tibialis-anterior"
2645,"Extensor digitorum longus",4,structure,other,exact,2,"male:right-extensor-digitorum-longus male:left-extensor-digitorum-longus"
2646,"Extensor expansion of foot",4,structure,other,none,0,""
2647,"Central band of extensor expansion of foot",4,structure,other,none,0,""
2648,"Collateral bands of extensor expansion of foot",4,structure,other,none,0,""
2649,"Fibularis tertius muscle",4,structure,muscle / tendon,exact,2,"male:right-fibularis-tertius male:left-fibularis-tertius"
2650,"Extensor hallucis longus",4,structure,other,exact,2,"male:right-extensor-hallucis-longus male:left-extensor-hallucis-longus"
2651,"Lateral compartment of leg",4,space,,n/a,0,""
2652,"Fibularis longus muscle",4,structure,muscle / tendon,exact,2,"male:right-fibularis-longus male:left-fibularis-longus"
2653,"Fibularis brevis muscle",4,structure,muscle / tendon,exact,2,"male:right-fibularis-brevis male:left-fibularis-brevis"
2654,"Posterior compartment of leg",4,space,,n/a,0,""
2655,"Superficial part of posterior compartment of leg",4,space,,n/a,0,""
2656,"Triceps surae muscle",4,structure,muscle / tendon,none,0,""
2657,"Gastrocnemius muscle",4,structure,muscle / tendon,partial,8,"male:lateral-head-of-right-gastrocnemius male:lateral-head-of-left-gastrocnemius male:medial-head-of-right-gastrocnemius male:medial-head-of-left-gastrocnemius"
2658,"Lateral head of gastrocnemius",4,feature,,n/a,0,""
2659,"Medial head of gastrocnemius",4,feature,,n/a,0,""
2660,"Soleus muscle",4,structure,muscle / tendon,exact,2,"male:right-soleus male:left-soleus"
2661,"Tendinous arch of soleus muscle",4,feature,,n/a,0,""
2662,"Calcaneal tendon",4,structure,muscle / tendon,exact,2,"male:right-calcaneal-tendon male:left-calcaneal-tendon"
2663,"Plantaris muscle",4,structure,muscle / tendon,exact,2,"male:right-plantaris male:left-plantaris"
2664,"Deep part of posterior compartment of leg",4,space,,n/a,0,""
2665,"Popliteus muscle",4,structure,muscle / tendon,exact,2,"male:right-popliteus male:left-popliteus"
2666,"Tibialis posterior muscle",4,structure,muscle / tendon,exact,2,"male:right-tibialis-posterior male:left-tibialis-posterior"
2667,"Flexor digitorum longus",4,structure,other,exact,2,"male:right-flexor-digitorum-longus male:left-flexor-digitorum-longus"
2668,"Flexor hallucis longus",4,structure,other,exact,2,"male:right-flexor-hallucis-longus male:left-flexor-hallucis-longus"
2669,"Muscles of foot",4,structure,muscle / tendon,partial,80,"male:dorsal-venous-arch-of-left-foot male:dorsal-venous-arch-of-left-foot-2 male:dorsal-venous-arch-of-right-foot male:dorsal-venous-arch-of-right-foot-2"
2670,"Extensor hallucis brevis",4,structure,other,exact,2,"male:right-extensor-hallucis-brevis male:left-extensor-hallucis-brevis"
2671,"Extensor digitorum brevis",4,structure,other,exact,2,"male:left-extensor-digitorum-brevis male:right-extensor-digitorum-brevis"
2672,"Abductor hallucis",4,structure,other,exact,2,"male:right-abductor-hallucis male:left-abductor-hallucis"
2673,"Flexor hallucis brevis",4,structure,other,partial,4,"male:lateral-head-of-right-flexor-hallucis-brevis male:lateral-head-of-left-flexor-hallucis-brevis male:medial-head-of-right-flexor-hallucis-brevis male:medial-head-of-left-flexor-hallucis-brevis"
2674,"Medial head of flexor hallucis brevis",4,feature,,n/a,0,""
2675,"Lateral head of flexor hallucis brevis",4,feature,,n/a,0,""
2676,"Adductor hallucis",4,structure,other,partial,4,"male:oblique-head-of-right-adductor-hallucis male:oblique-head-of-left-adductor-hallucis male:transverse-head-of-right-adductor-hallucis male:transverse-head-of-left-adductor-hallucis"
2677,"Oblique head of adductor hallucis",4,feature,,n/a,0,""
2678,"Transverse head of adductor hallucis",4,feature,,n/a,0,""
2679,"Abductor digiti minimi of foot",4,structure,other,exact,2,"male:abductor-digiti-minimi-of-right-foot male:abductor-digiti-minimi-of-left-foot"
2680,"(Abductor of fifth metatarsal)",4,structure,bone / cartilage / joint,none,0,""
2681,"(Opponens digiti minimi muscle of foot)",4,structure,muscle / tendon,exact,2,"male:opponens-digiti-minimi-of-right-foot male:opponens-digiti-minimi-of-left-foot"
2682,"Flexor digiti minimi of foot",4,structure,other,exact,2,"male:left-flexor-digiti-minimi-of-foot male:right-flexor-digiti-minimi-of-foot"
2683,"Flexor digitorum brevis",4,structure,other,exact,2,"male:right-flexor-digitorum-brevis male:left-flexor-digitorum-brevis"
2684,"Quadratus plantae muscle",4,structure,muscle / tendon,exact,2,"male:left-quadratus-plantae-muscle male:right-quadratus-plantae-muscle"
2685,"Lumbrical muscles of foot",4,structure,muscle / tendon,partial,8,"male:first-lumbrical-of-right-foot male:first-lumbrical-of-left-foot male:second-lumbrical-of-right-foot male:second-lumbrical-of-left-foot"
2686,"Dorsal interossei muscles of foot",4,structure,muscle / tendon,exact,2,"male:left-dorsal-interossei-muscles-of-foot male:right-dorsal-interossei-muscles-of-foot"
2687,"Plantar interossei muscles",4,structure,muscle / tendon,exact,2,"male:left-plantar-interossei-muscles male:right-plantar-interossei-muscles"
2688,"FASCIA OF LOWER LIMB",4,heading,,n/a,0,""
2689,"Fascia lata",4,structure,skin / fascia / soft tissue,exact,2,"male:left-fascia-lata male:right-fascia-lata"
2690,"Iliotibial tract",4,structure,brain / spinal cord / meninges,exact,2,"male:right-iliotibial-tract male:left-iliotibial-tract"
2691,"Lateral femoral intermuscular septum",4,structure,other,exact,2,"male:left-lateral-femoral-intermuscular-septum male:right-lateral-femoral-intermuscular-septum"
2692,"Medial femoral intermuscular septum",4,structure,other,exact,2,"male:left-medial-femoral-intermuscular-septum male:right-medial-femoral-intermuscular-septum"
2693,"Vastoadductor membrane",4,structure,other,none,0,""
2694,"Muscular space",4,space,,n/a,0,""
2695,"Iliopectineal arch",4,structure,other,exact,2,"male:left-iliopectineal-arch male:right-iliopectineal-arch"
2696,"Vascular space",4,space,,n/a,0,""
2697,"Femoral sheath",4,structure,skin / fascia / soft tissue,none,0,""
2698,"Femoral canal",4,feature,,n/a,0,""
2699,"Femoral ring",4,structure,other,none,0,""
2700,"Femoral septum",4,structure,other,partial,4,"male:left-lateral-femoral-intermuscular-septum male:right-lateral-femoral-intermuscular-septum male:left-medial-femoral-intermuscular-septum male:right-medial-femoral-intermuscular-septum"
2701,"Femoral triangle",4,space,,n/a,0,""
2702,"Saphenous hiatus",4,feature,,n/a,0,""
2703,"Falciform margin of saphenous hiatus",4,feature,,n/a,0,""
2704,"Superior horn of falciform margin",4,feature,,n/a,0,""
2705,"Inferior horn of falciform margin",4,feature,,n/a,0,""
2706,"Cribriform fascia",4,structure,skin / fascia / soft tissue,none,0,""
2707,"Popliteal fascia",4,structure,skin / fascia / soft tissue,exact,2,"male:left-popliteal-fascia male:right-popliteal-fascia"
2708,"Crural fascia",4,structure,skin / fascia / soft tissue,exact,2,"male:left-crural-fascia male:right-crural-fascia"
2709,"Anterior intermuscular septum of leg",4,structure,other,exact,2,"male:left-anterior-intermuscular-septum-of-leg male:right-anterior-intermuscular-septum-of-leg"
2710,"Posterior intermuscular septum of leg",4,structure,other,exact,2,"male:left-posterior-intermuscular-septum-of-leg male:right-posterior-intermuscular-septum-of-leg"
2711,"Transverse intermuscular septum of leg",4,structure,other,exact,2,"male:left-transverse-intermuscular-septum-of-leg male:right-transverse-intermuscular-septum-of-leg"
2712,"Superior extensor retinaculum of ankle",4,structure,ligament / capsule,exact,2,"male:left-superior-extensor-retinaculum-of-ankle male:right-superior-extensor-retinaculum-of-ankle"
2713,"Inferior extensor retinaculum of ankle",4,structure,ligament / capsule,exact,2,"male:left-inferior-extensor-retinaculum-of-ankle male:right-inferior-extensor-retinaculum-of-ankle"
2714,"Flexor retinaculum of ankle",4,structure,ligament / capsule,exact,2,"male:left-flexor-retinaculum-of-ankle male:right-flexor-retinaculum-of-ankle"
2715,"Superior fibular retinaculum",4,structure,ligament / capsule,exact,2,"male:left-superior-fibular-retinaculum male:right-superior-fibular-retinaculum"
2716,"Inferior fibular retinaculum",4,structure,ligament / capsule,exact,2,"male:left-inferior-fibular-retinaculum male:right-inferior-fibular-retinaculum"
2717,"Dorsal fascia of foot",4,structure,skin / fascia / soft tissue,none,0,""
2718,"Plantar aponeurosis",4,structure,muscle / tendon,exact,2,"male:left-plantar-aponeurosis male:right-plantar-aponeurosis"
2719,"Calcaneometatarsal ligament",4,structure,ligament / capsule,none,0,""
2720,"Transverse fascicles of plantar aponeurosis",4,structure,muscle / tendon,none,0,""
2721,"Superficial transverse metatarsal ligament",4,structure,ligament / capsule,exact,2,"male:left-superficial-transverse-metatarsal-ligament male:right-superficial-transverse-metatarsal-ligament"
2722,"BURSAE OF LOWER LIMB",4,heading,,n/a,0,""
2723,"Subcutaneous trochanteric bursa",4,structure,skin / fascia / soft tissue,exact,2,"male:left-subcutaneous-trochanteric-bursa male:right-subcutaneous-trochanteric-bursa"
2724,"Trochanteric bursa of gluteus maximus muscle",4,structure,muscle / tendon,exact,2,"male:left-trochanteric-bursa-of-gluteus-maximus-muscle male:right-trochanteric-bursa-of-gluteus-maximus-muscle"
2725,"Trochanteric bursae of gluteus medius muscle",4,structure,muscle / tendon,exact,2,"male:left-trochanteric-bursa-of-gluteus-medius-muscle male:right-trochanteric-bursa-of-gluteus-medius-muscle"
2726,"Trochanteric bursa of gluteus minimus muscle",4,structure,muscle / tendon,exact,2,"male:left-trochanteric-bursa-of-gluteus-minimus-muscle male:right-trochanteric-bursa-of-gluteus-minimus-muscle"
2727,"Bursa of piriformis muscle",4,structure,muscle / tendon,exact,2,"male:left-bursa-of-piriformis-muscle male:right-bursa-of-piriformis-muscle"
2728,"Sciatic bursa of obturator internus",4,structure,skin / fascia / soft tissue,exact,2,"male:left-sciatic-bursa-of-obturator-internus male:right-sciatic-bursa-of-obturator-internus"
2729,"Subtendinous bursa of obturator internus",4,structure,skin / fascia / soft tissue,exact,2,"male:left-subtendinous-bursa-of-obturator-internus male:right-subtendinous-bursa-of-obturator-internus"
2730,"Intermuscular gluteal bursae",4,structure,other,exact,2,"male:left-intermuscular-gluteal-bursae male:right-intermuscular-gluteal-bursae"
2731,"Sciatic bursa of gluteus maximus muscle",4,structure,muscle / tendon,exact,2,"male:left-sciatic-bursa-of-gluteus-maximus-muscle male:right-sciatic-bursa-of-gluteus-maximus-muscle"
2732,"(Iliopectineal bursa)",4,structure,skin / fascia / soft tissue,exact,2,"male:left-iliopectineal-bursa male:right-iliopectineal-bursa"
2733,"Subtendinous bursa of iliacus",4,structure,skin / fascia / soft tissue,exact,2,"male:left-subtendinous-bursa-of-iliacus-muscle male:right-subtendinous-bursa-of-iliacus-muscle"
2734,"Superior bursa of biceps femoris muscle",4,structure,muscle / tendon,exact,2,"male:left-superior-bursa-of-biceps-femoris-muscle male:right-superior-bursa-of-biceps-femoris-muscle"
2735,"Subcutaneous prepatellar bursa",4,structure,skin / fascia / soft tissue,exact,2,"male:left-subcutaneous-prepatellar-bursa male:right-subcutaneous-prepatellar-bursa"
2736,"(Subfascial prepatellar bursa)",4,structure,skin / fascia / soft tissue,none,0,""
2737,"(Subtendinous prepatellar bursa)",4,structure,skin / fascia / soft tissue,exact,2,"male:left-subtendinous-prepatellar-bursa male:right-subtendinous-prepatellar-bursa"
2738,"Suprapatellar bursa",4,structure,skin / fascia / soft tissue,exact,2,"male:left-suprapatellar-bursa male:right-suprapatellar-bursa"
2739,"Subcutaneous infrapatellar bursa",4,structure,skin / fascia / soft tissue,exact,2,"male:left-subcutaneous-infrapatellar-bursa male:right-subcutaneous-infrapatellar-bursa"
2740,"Deep infrapatellar bursa",4,structure,skin / fascia / soft tissue,exact,2,"male:left-deep-infrapatellar-bursa male:right-deep-infrapatellar-bursa"
2741,"Subcutaneous bursa of tuberosity of tibia",4,feature,,n/a,0,""
2742,"Subtendinous bursa of sartorius muscle",4,structure,muscle / tendon,exact,2,"male:left-subtendinous-bursa-of-sartorius-muscle male:right-subtendinous-bursa-of-sartorius-muscle"
2743,"Anserine bursa",4,structure,skin / fascia / soft tissue,exact,2,"male:left-anserine-bursa male:right-anserine-bursa"
2744,"Inferior subtendinous bursa of biceps femoris muscle",4,structure,muscle / tendon,exact,2,"male:left-inferior-subtendinous-bursa-of-biceps-femoris-muscle male:right-inferior-subtendinous-bursa-of-biceps-femoris-muscle"
2745,"Subpopliteal recess",4,space,,n/a,0,""
2746,"Lateral subtendinous bursa of gastrocnemius muscle",4,structure,muscle / tendon,exact,2,"male:left-lateral-subtendinous-bursa-of-gastrocnemius-muscle male:right-lateral-subtendinous-bursa-of-gastrocnemius-muscle"
2747,"Medial subtendinous bursa of gastrocnemius muscle",4,structure,muscle / tendon,exact,2,"male:left-medial-subtendinous-bursa-of-gastrocnemius-muscle male:right-medial-subtendinous-bursa-of-gastrocnemius-muscle"
2748,"Semimembranosus bursa",4,structure,skin / fascia / soft tissue,exact,2,"male:left-semimembranosus-bursa male:right-semimembranosus-bursa"
2749,"Subcutaneous bursa of lateral malleolus",4,structure,skin / fascia / soft tissue,exact,2,"male:left-subcutaneous-bursa-of-lateral-malleolus male:right-subcutaneous-bursa-of-lateral-malleolus"
2750,"Subcutaneous bursa of medlal malleolus",4,structure,skin / fascia / soft tissue,none,0,""
2751,"Subtendinous bursa of tibialis anterior",4,structure,skin / fascia / soft tissue,exact,2,"male:left-subtendinous-bursa-of-tibialis-anterior male:right-subtendinous-bursa-of-tibialis-anterior"
2752,"Subcutaneous calcaneal bursa",4,structure,skin / fascia / soft tissue,exact,2,"male:left-subcutaneous-calcaneal-bursa male:right-subcutaneous-calcaneal-bursa"
2753,"Subtendinous calcaneal bursa",4,structure,skin / fascia / soft tissue,exact,2,"male:left-subtendinous-calcaneal-bursa male:right-subtendinous-calcaneal-bursa"
2754,"TENDINOUS SHEATHS OF LOWER LIMB",4,heading,,n/a,0,""
2755,"Anterior tarsal tendinous sheaths",4,structure,bone / cartilage / joint,none,0,""
2756,"Tendinous sheath of tibialis anterior muscle",4,structure,muscle / tendon,none,0,""
2757,"Tendinous sheath of extensor hallucis longus",4,structure,skin / fascia / soft tissue,none,0,""
2758,"Tendinous sheath of extensor digitorum longus",4,structure,skin / fascia / soft tissue,none,0,""
2759,"Tibial tarsal tendinous sheaths",4,structure,bone / cartilage / joint,none,0,""
2760,"Tendinous sheath of flexor digitorum longus",4,structure,skin / fascia / soft tissue,none,0,""
2761,"Tendinous sheath of tibialis posterior muscle",4,structure,muscle / tendon,none,0,""
2762,"Tendinous sheath of flexor hallucis longus",4,structure,skin / fascia / soft tissue,none,0,""
2763,"Fibular tarsal tendinous sheaths",4,structure,bone / cartilage / joint,none,0,""
2764,"Common tendinous sheath of fibularis muscles",4,structure,muscle / tendon,none,0,""
2765,"Plantar tendinous sheath of fibularis longus muscle",4,structure,muscle / tendon,none,0,""
2766,"Tendinous sheaths of toes",4,structure,other,none,0,""
2767,"Fibrous sheaths of toes",4,structure,other,none,0,""
2768,"Annular part of fibrous sheath of digit of foot",4,structure,skin / fascia / soft tissue,none,0,""
2769,"Cruciform part of fibrous sheath of digit of foot",4,structure,skin / fascia / soft tissue,none,0,""
2770,"Synovial sheaths of toes",4,structure,other,none,0,""
2771,"Vincula tendinum of foot",4,structure,other,none,0,""
2772,"Visceral systems",5,structure,other,none,0,""
2773,"Digestive system",5,structure,other,none,0,""
2774,"Mouth",5,structure,other,partial,1,"female:hra10-vh-f-mouth-floor"
2775,"Lips",5,structure,other,exact,1,"male:subdivision-of-mouth"
2776,"Internal surface of cheek",5,feature,,n/a,0,""
2777,"Papilla of parotid duct",5,structure,eye / ear / sense organ,none,0,""
2778,"Palate",5,structure,other,partial,3,"male:uvula-of-palate female:hra10-vh-f-hard-palate female:hra10-vh-f-mucosa-of-soft-palate"
2779,"Hard palate",5,structure,other,exact,1,"female:hra10-vh-f-hard-palate"
2780,"Soft palate",5,structure,other,partial,1,"female:hra10-vh-f-mucosa-of-soft-palate"
2781,"Uvula of palate",5,structure,other,exact,1,"male:uvula-of-palate"
2782,"Palatine raphe",5,structure,ligament / capsule,none,0,""
2783,"Transverse palatine folds",5,structure,other,none,0,""
2784,"Incisive papilla",5,structure,eye / ear / sense organ,none,0,""
2785,"Mucosa of mouth",5,structure,other,none,0,""
2786,"Frenulum of upper lip",5,structure,other,exact,1,"female:hra10-vh-f-frenulum-of-upper-lip"
2787,"Frenulum of lower lip",5,structure,other,exact,1,"female:hra10-vh-f-frenulum-of-lower-lip"
2788,"Sublingual caruncle",5,structure,other,none,0,""
2789,"Sublingual fold",5,structure,other,none,0,""
2790,"Gingiva",5,structure,other,partial,4,"male:gingiva-of-upper-jaw male:gingiva-of-lower-jaw female:hra10-vh-f-ginviva-of-upper-jaw female:hra10-vh-f-gingiva-of-lower-jaw"
2791,"Gingival margin",5,feature,,n/a,0,""
2792,"Gingival papilla",5,structure,eye / ear / sense organ,none,0,""
2793,"Gingival sulcus",5,feature,,n/a,0,""
2794,"Oral cavity",5,space,,n/a,0,""
2795,"Oral opening",5,structure,other,none,0,""
2796,"Oral vestibule",5,structure,other,none,0,""
2797,"Oral cavity proper",5,space,,n/a,0,""
2798,"Salivary glands",5,structure,gland / endocrine,none,0,""
2799,"Major salivary glands",5,structure,gland / endocrine,none,0,""
2800,"Parotid gland",5,structure,gland / endocrine,exact,4,"male:left-parotid-gland male:right-parotid-gland female:hra10-vh-f-parotid-gland-r female:hra10-vh-f-parotid-gland-l"
2801,"Superficial part of parotid gland",5,structure,gland / endocrine,none,0,""
2802,"Deep part of parotid gland",5,structure,gland / endocrine,none,0,""
2803,"Glenoid process of parotid gland",5,feature,,n/a,0,""
2804,"Pterygoid process of the parotid gland",5,feature,,n/a,0,""
2805,"Parotid duct",5,structure,other,exact,2,"male:left-parotid-duct male:right-parotid-duct"
2806,"(Accessory parotid gland)",5,structure,gland / endocrine,exact,2,"male:left-accessory-parotid-gland male:right-accessory-parotid-gland"
2807,"Sublingual gland",5,structure,gland / endocrine,exact,4,"male:left-sublingual-gland male:right-sublingual-gland female:hra10-vh-f-sublingual-gland-r female:hra10-vh-f-sublingual-gland-l"
2808,"Major sublingual duct",5,structure,other,none,0,""
2809,"Minor sublingual ducts",5,structure,other,none,0,""
2810,"Submandibular gland",5,structure,gland / endocrine,exact,4,"male:left-submandibular-gland male:right-submandibular-gland female:hra10-vh-f-submandibular-gland-l female:hra10-vh-f-submandibular-gland-r"
2811,"Submandibular duct",5,structure,other,exact,2,"male:left-submandibular-duct male:right-submandibular-duct"
2812,"Minor salivary glands",5,structure,gland / endocrine,none,0,""
2813,"Labial glands",5,structure,gland / endocrine,none,0,""
2814,"Buccal glands",5,structure,gland / endocrine,none,0,""
2815,"Molar glands",5,structure,gland / endocrine,none,0,""
2816,"Palatine glands",5,structure,gland / endocrine,none,0,""
2817,"Lingual glands",5,structure,gland / endocrine,none,0,""
2818,"Teeth",5,structure,other,none,0,""
2819,"Periodontium",5,structure,other,none,0,""
2820,"Tongue",5,structure,other,exact,1,"male:tongue"
2821,"Body of tongue",5,feature,,n/a,0,""
2822,"Root of tongue",5,feature,,n/a,0,""
2823,"Apex of tongue",5,feature,,n/a,0,""
2824,"Dorsum of tongue",5,structure,other,none,0,""
2825,"Anterior part of tongue",5,structure,other,none,0,""
2826,"Terminal sulcus of tongue",5,feature,,n/a,0,""
2827,"Posterior part of tongue",5,structure,other,exact,1,"female:hra10-vh-f-posterior-part-of-tongue"
2828,"Foramen cecum of tongue",5,feature,,n/a,0,""
2829,"(Thyroglossal duct)",5,structure,other,none,0,""
2830,"Lingual tonsil",5,structure,lymphatic,none,0,""
2831,"Median sulcus of tongue",5,feature,,n/a,0,""
2832,"Margin of tongue",5,feature,,n/a,0,""
2833,"Inferior surface of tongue",5,feature,,n/a,0,""
2834,"Fimbriated fold",5,structure,other,none,0,""
2835,"Mucosa of tongue",5,structure,other,none,0,""
2836,"Lingual frenulum",5,structure,other,none,0,""
2837,"Lingual papillae",5,structure,other,none,0,""
2838,"Filiform papillae",5,structure,other,none,0,""
2839,"Fungiform papillae",5,structure,other,exact,1,"female:hra10-vh-f-fungiform-papillae"
2840,"Vallate papillae",5,structure,other,none,0,""
2841,"Foliate papillae",5,structure,other,none,0,""
2842,"Lingual septum",5,structure,other,none,0,""
2843,"Lingual aponeurosis",5,structure,muscle / tendon,none,0,""
2844,"Muscles of tongue",5,structure,muscle / tendon,exact,1,"male:tongue"
2845,"Fauces",5,structure,other,none,0,""
2846,"Isthmus of fauces",5,structure,other,none,0,""
2847,"Palatoglossal arch",5,structure,other,none,0,""
2848,"(Triangular fold)",5,structure,other,none,0,""
2849,"Palatopharyngeal arch",5,structure,other,none,0,""
2850,"(Semilunar fold)",5,structure,other,none,0,""
2851,"Tonsillar fossa",5,feature,,n/a,0,""
2852,"Supratonsillar fossa",5,feature,,n/a,0,""
2853,"Palatine tonsil",5,structure,lymphatic,exact,4,"male:left-palatine-tonsil male:right-palatine-tonsil female:left-palatine-tonsil female:right-palatine-tonsil"
2854,"Muscles of soft palate",5,structure,muscle / tendon,partial,1,"female:hra10-vh-f-mucosa-of-soft-palate"
2855,"Pharynx",5,structure,viscus (thorax / abdomen / pelvis),partial,1,"male:pharynx-j"
2856,"Pharyngeal muscles",5,structure,muscle / tendon,partial,9,"male:left-ascending-pharyngeal-artery male:right-ascending-pharyngeal-artery male:left-inferior-pharyngeal-constrictor male:right-middle-pharyngeal-constrictor"
2857,"Submucosa of pharynx",5,structure,viscus (thorax / abdomen / pelvis),none,0,""
2858,"Pharyngobasilar fascia",5,structure,skin / fascia / soft tissue,none,0,""
2859,"Mucosa of pharynx",5,structure,viscus (thorax / abdomen / pelvis),none,0,""
2860,"Pharyngeal glands",5,structure,gland / endocrine,none,0,""
2861,"Cavity of pharynx",5,space,,n/a,0,""
2862,"Nasopharynx",5,structure,other,exact,1,"male:nasopharynx"
2863,"Vault of pharynx",5,structure,viscus (thorax / abdomen / pelvis),none,0,""
2864,"Pharyngeal hypophysis",5,structure,gland / endocrine,none,0,""
2865,"Pharyngeal tonsil",5,structure,lymphatic,none,0,""
2866,"(Pharyngeal bursa)",5,structure,skin / fascia / soft tissue,none,0,""
2867,"Pharyngeal opening of auditory tube",5,structure,other,none,0,""
2868,"Torus tubarius",5,structure,other,none,0,""
2869,"Salpingopharyngeal fold",5,structure,other,none,0,""
2870,"Salpingopalatine fold",5,structure,other,none,0,""
2871,"Torus levatorius",5,structure,other,none,0,""
2872,"Tubal tonsil",5,structure,lymphatic,none,0,""
2873,"Pharyngeal recess",5,space,,n/a,0,""
2874,"Palatopharyngeal ridge",5,feature,,n/a,0,""
2875,"Oropharynx",5,structure,other,exact,1,"male:oropharynx"
2876,"Epiglottic vallecula",5,structure,other,none,0,""
2877,"Median glossoepiglottic fold",5,structure,other,none,0,""
2878,"Lateral glossoepiglottic fold",5,structure,other,none,0,""
2879,"Laryngopharynx",5,structure,other,exact,1,"male:laryngopharynx"
2880,"Piriform recess",5,space,,n/a,0,""
2881,"Fold of superior laryngeal nerve",5,space,,n/a,0,""
2882,"Pharyngoesophageal constriction",5,structure,other,none,0,""
2883,"Peripharyngeal space",5,space,,n/a,0,""
2884,"Retropharyngeal space",5,space,,n/a,0,""
2885,"Parapharyngeal space",5,space,,n/a,0,""
2886,"Digestive canal",5,feature,,n/a,0,""
2887,"ESOPHAGUS",5,heading,,n/a,0,""
2888,"Adventitia of esophagus",5,structure,viscus (thorax / abdomen / pelvis),none,0,""
2889,"Muscular layer of esophagus",5,structure,muscle / tendon,none,0,""
2890,"Cricoesophageal tendon",5,structure,muscle / tendon,none,0,""
2891,"Submucosa of esophagus",5,structure,viscus (thorax / abdomen / pelvis),none,0,""
2892,"Mucosa of esophagus",5,structure,viscus (thorax / abdomen / pelvis),none,0,""
2893,"Esophageal glands",5,structure,gland / endocrine,none,0,""
2894,"Cervical part of esophagus",5,structure,viscus (thorax / abdomen / pelvis),none,0,""
2895,"Thoracic part of esophagus",5,structure,viscus (thorax / abdomen / pelvis),none,0,""
2896,"Bronchoaortic constriction",5,structure,other,none,0,""
2897,"Diaphragmatic constriction",5,structure,other,none,0,""
2898,"Abdominal part of esophagus",5,structure,viscus (thorax / abdomen / pelvis),none,0,""
2899,"Serosa of esophagus",5,structure,viscus (thorax / abdomen / pelvis),none,0,""
2900,"Subserosa of esophagus",5,structure,viscus (thorax / abdomen / pelvis),none,0,""
2901,"STOMACH",5,structure,viscus (thorax / abdomen / pelvis),exact,1,"male:stomach"
2902,"Anterior wall of stomach",5,structure,viscus (thorax / abdomen / pelvis),none,0,""
2903,"Posterior wall of stomach",5,structure,viscus (thorax / abdomen / pelvis),none,0,""
2904,"Greater curvature of stomach",5,structure,viscus (thorax / abdomen / pelvis),none,0,""
2905,"Lesser curvature of stomach",5,structure,viscus (thorax / abdomen / pelvis),none,0,""
2906,"Angular incisure",5,feature,,n/a,0,""
2907,"Serosa of stomach",5,structure,viscus (thorax / abdomen / pelvis),none,0,""
2908,"Subserosa of stomach",5,structure,viscus (thorax / abdomen / pelvis),none,0,""
2909,"Muscular layer of stomach",5,structure,muscle / tendon,none,0,""
2910,"Longitudinal muscular layer of stomach",5,structure,muscle / tendon,none,0,""
2911,"Circular muscular layer of stomach",5,structure,muscle / tendon,none,0,""
2912,"Oblique muscle fibers of stomach",5,structure,muscle / tendon,none,0,""
2913,"Submucosa of stomach",5,structure,viscus (thorax / abdomen / pelvis),none,0,""
2914,"Mucosa of stomach",5,structure,viscus (thorax / abdomen / pelvis),none,0,""
2915,"Gastric folds",5,structure,other,none,0,""
2916,"Gastric areas",5,structure,other,none,0,""
2917,"Villous folds",5,structure,other,none,0,""
2918,"Gastric pits",5,structure,other,none,0,""
2919,"Gastric glands",5,structure,gland / endocrine,none,0,""
2920,"Cardia",5,structure,other,partial,24,"male:great-cardiac-vein male:middle-cardiac-vein male:middle-cardiac-vein-2 male:middle-cardiac-vein-3"
2921,"Cardiac orifice",5,structure,other,none,0,""
2922,"Fundus of stomach",5,structure,viscus (thorax / abdomen / pelvis),none,0,""
2923,"Fornix of stomach",5,space,,n/a,0,""
2924,"Cardiac notch",5,feature,,n/a,0,""
2925,"Body of stomach",5,feature,,n/a,0,""
2926,"Gastric canal",5,feature,,n/a,0,""
2927,"Pyloric part",5,structure,other,none,0,""
2928,"Pyloric antrum",5,structure,other,none,0,""
2929,"Pyloric canal",5,feature,,n/a,0,""
2930,"Pylorus",5,structure,other,none,0,""
2931,"Pyloric sphincter",5,structure,other,none,0,""
2932,"Pyloric orifice",5,structure,other,none,0,""
2933,"SMALL INTESTINE",5,structure,other,partial,1,"male:mesentery-of-small-intestine"
2934,"Serosa of small intestine",5,structure,other,none,0,""
2935,"Subserosa of small intestine",5,structure,other,none,0,""
2936,"Muscular layer of small intestine",5,structure,muscle / tendon,none,0,""
2937,"Longitudinal muscular layer of small intestine",5,structure,muscle / tendon,none,0,""
2938,"Circular muscular layer of small intestine",5,structure,muscle / tendon,none,0,""
2939,"Submucosa of small intestine",5,structure,other,none,0,""
2940,"Mucosa of small intestine",5,structure,other,none,0,""
2941,"Intestinal villi",5,structure,other,none,0,""
2942,"Crypts of small intestine",5,structure,other,none,0,""
2943,"Circular folds",5,structure,other,none,0,""
2944,"Duodenum",5,structure,viscus (thorax / abdomen / pelvis),exact,1,"male:duodenum"
2945,"Superior part of duodenum",5,structure,viscus (thorax / abdomen / pelvis),exact,1,"female:superior-part-of-duodenum"
2946,"Duodenal bulb",5,structure,other,none,0,""
2947,"Superior duodenal flexure",5,structure,other,none,0,""
2948,"Descending part of duodenum",5,structure,viscus (thorax / abdomen / pelvis),exact,1,"female:descending-part-of-duodenum"
2949,"Inferior duodenal flexure",5,structure,other,none,0,""
2950,"Horizontal part of duodenum",5,structure,viscus (thorax / abdomen / pelvis),exact,1,"female:horizontal-part-of-duodenum"
2951,"Ascending part of duodenum",5,structure,viscus (thorax / abdomen / pelvis),exact,1,"female:ascending-part-of-duodenum"
2952,"Duodenojejunal flexure",5,structure,other,none,0,""
2953,"Hidden part of duodenum",5,structure,viscus (thorax / abdomen / pelvis),none,0,""
2954,"Longitudinal fold of duodenum",5,space,,n/a,0,""
2955,"Major duodenal papilla",5,structure,eye / ear / sense organ,none,0,""
2956,"Minor duodenal papilla",5,structure,eye / ear / sense organ,none,0,""
2957,"Duodenal glands",5,structure,gland / endocrine,none,0,""
2958,"Jejunum",5,structure,viscus (thorax / abdomen / pelvis),exact,1,"female:jejunum"
2959,"Ileum",5,structure,viscus (thorax / abdomen / pelvis),exact,1,"female:ileum"
2960,"Aggregated lymphoid nodules of ileum",5,structure,lymphatic,none,0,""
2961,"Terminal ileum",5,structure,viscus (thorax / abdomen / pelvis),none,0,""
2962,"(Ileal diverticulum)",5,structure,other,none,0,""
2963,"LARGE INTESTINE",5,structure,other,none,0,""
2964,"Serosa of large intestine",5,structure,other,none,0,""
2965,"Subserosa of large intestine",5,structure,other,none,0,""
2966,"Muscular layer of large intestine",5,structure,muscle / tendon,none,0,""
2967,"Submucosa of large intestine",5,structure,other,none,0,""
2968,"Mucosa of large intestine",5,structure,other,none,0,""
2969,"Crypts of large intestine",5,structure,other,none,0,""
2970,"Cecum",5,structure,viscus (thorax / abdomen / pelvis),exact,1,"female:caecum"
2971,"Ileal papilla",5,structure,eye / ear / sense organ,none,0,""
2972,"Ileal orifice",5,structure,other,none,0,""
2973,"Frenulum of ileal orifice",5,structure,other,none,0,""
2974,"Ileocolic lip",5,structure,other,none,0,""
2975,"Ileocecal lip",5,structure,other,none,0,""
2976,"Vermiform appendix",5,structure,other,exact,2,"male:vermiform-appendix female:vermiform-appendix"
2977,"Orifice of vermiform appendix",5,structure,other,none,0,""
2978,"Aggregated lymphoid nodules of vermiform appendix",5,structure,lymphatic,none,0,""
2979,"Appendicular fold",5,structure,other,none,0,""
2980,"(Prececocolic fascia)",5,structure,skin / fascia / soft tissue,none,0,""
2981,"Colon",5,structure,viscus (thorax / abdomen / pelvis),partial,12,"male:marginal-artery-of-colon male:ascending-colon male:descending-colon male:transverse-colon"
2982,"Ascending colon",5,structure,viscus (thorax / abdomen / pelvis),exact,2,"male:ascending-colon female:f-ascending-colon"
2983,"Right colic flexure",5,structure,other,partial,1,"female:hepatic-flexure-of-colon"
2984,"Transverse colon",5,structure,viscus (thorax / abdomen / pelvis),exact,2,"male:transverse-colon female:f-transverse-colon"
2985,"Left colic flexure",5,structure,other,partial,1,"female:splenic-flexure-of-colon"
2986,"Descending colon",5,structure,viscus (thorax / abdomen / pelvis),exact,2,"male:descending-colon female:f-descending-colon"
2987,"Sigmoid colon",5,structure,viscus (thorax / abdomen / pelvis),exact,2,"male:sigmoid-colon female:sigmoid-colon"
2988,"Semilunar folds of colon",5,structure,viscus (thorax / abdomen / pelvis),none,0,""
2989,"Haustra of colon",5,structure,viscus (thorax / abdomen / pelvis),none,0,""
2990,"Omental appendices",5,structure,other,none,0,""
2991,"Muscular layer of colon",5,structure,muscle / tendon,none,0,""
2992,"Longitudinal muscular layer of colon",5,structure,muscle / tendon,none,0,""
2993,"Teniae coli",5,structure,other,none,0,""
2994,"Mesocolic tenia",5,structure,other,exact,1,"male:mesocolic-taenia"
2995,"Omental tenia",5,structure,other,exact,1,"male:omental-taenia"
2996,"Free tenia",5,structure,other,exact,1,"male:free-taenia"
2997,"Circular muscular layer of colon",5,structure,muscle / tendon,none,0,""
2998,"Rectum",5,structure,viscus (thorax / abdomen / pelvis),exact,2,"male:rectum female:f-rectum"
2999,"Sacral flexure of rectum",5,structure,viscus (thorax / abdomen / pelvis),none,0,""
3000,"Lateral flexures of rectum",5,structure,viscus (thorax / abdomen / pelvis),none,0,""
3001,"Superior lateral flexure of rectum",5,structure,viscus (thorax / abdomen / pelvis),none,0,""
3002,"Intermediate lateral flexure of rectum",5,structure,viscus (thorax / abdomen / pelvis),none,0,""
3003,"Inferior lateral flexure of rectum",5,structure,viscus (thorax / abdomen / pelvis),none,0,""
3004,"Transverse rectal folds",5,structure,other,none,0,""
3005,"Rectal ampulla",5,structure,other,none,0,""
3006,"Muscular layer of rectum",5,structure,muscle / tendon,none,0,""
3007,"Longitudinal muscular layer of rectum",5,structure,muscle / tendon,none,0,""
3008,"Circular muscular layer of rectum",5,structure,muscle / tendon,none,0,""
3009,"ANAL CANAL",5,feature,,n/a,0,""
3010,"Anorectal flexure",5,structure,other,none,0,""
3011,"Anorectal junction",5,feature,,n/a,0,""
3012,"Anal columns",5,structure,other,none,0,""
3013,"Anal sinuses",5,structure,other,none,0,""
3014,"Anal valves",5,structure,other,none,0,""
3015,"Pectinate line",5,feature,,n/a,0,""
3016,"Anal pecten",5,structure,other,none,0,""
3017,"Anocutaneous line",5,feature,,n/a,0,""
3018,"Internal anal sphincter",5,structure,other,none,0,""
3019,"Intersphincteric groove",5,feature,,n/a,0,""
3020,"External anal sphincter",5,structure,other,exact,3,"male:superficial-perineal-muscle-2 male:superficial-perineal-muscle-3 male:superficial-perineal-muscle-4"
3021,"Corrugator cutis ani",5,structure,other,none,0,""
3022,"Anus",5,structure,viscus (thorax / abdomen / pelvis),none,0,""
3023,"Liver",5,structure,viscus (thorax / abdomen / pelvis),partial,24,"male:caudate-lobe-of-liver male:left-duct-of-caudate-lobe-of-liver male:anterior-lateral-segment-of-liver-vi male:anterior-medial-segment-of-liver-v"
3024,"Diaphragmatic surface of liver",5,feature,,n/a,0,""
3025,"Superior surface of liver",5,feature,,n/a,0,""
3026,"Cardiac impression of liver",5,feature,,n/a,0,""
3027,"Anterior surface of liver",5,feature,,n/a,0,""
3028,"Right surface of liver",5,feature,,n/a,0,""
3029,"Posterior surface of liver",5,feature,,n/a,0,""
3030,"Bare area of liver",5,structure,viscus (thorax / abdomen / pelvis),exact,1,"female:bare-area-of-liver"
3031,"Groove for inferior vena cava",5,feature,,n/a,0,""
3032,"Visceral surface of liver",5,feature,,n/a,0,""
3033,"Porta hepatis",5,structure,other,exact,1,"female:porta-hepatis"
3034,"Main portal fissure",5,feature,,n/a,0,""
3035,"Fossa for gallbladder",5,feature,,n/a,0,""
3036,"Right portal fissure",5,feature,,n/a,0,""
3037,"Umbilical fissure",5,feature,,n/a,0,""
3038,"Fissure for ligamentum teres",5,feature,,n/a,0,""
3039,"Fissure for ligamentum venosum",5,feature,,n/a,0,""
3040,"Omental tuberosity of liver",5,feature,,n/a,0,""
3041,"Esophageal impression of liver",5,feature,,n/a,0,""
3042,"Gastric impression of liver",5,feature,,n/a,0,""
3043,"Duodenal impression of liver",5,feature,,n/a,0,""
3044,"Colic impression of liver",5,feature,,n/a,0,""
3045,"Renal impression of liver",5,feature,,n/a,0,""
3046,"Suprarenal impression of liver",5,feature,,n/a,0,""
3047,"Inferior border of liver",5,feature,,n/a,0,""
3048,"Notch for ligamentum teres",5,feature,,n/a,0,""
3049,"Right lobe of liver",5,structure,viscus (thorax / abdomen / pelvis),partial,4,"male:caudate-lobe-of-liver male:left-duct-of-caudate-lobe-of-liver female:quadrate-lobe-of-liver female:f-caudate-lobe-of-liver"
3050,"Left lobe of liver",5,structure,viscus (thorax / abdomen / pelvis),partial,4,"male:caudate-lobe-of-liver male:left-duct-of-caudate-lobe-of-liver female:quadrate-lobe-of-liver female:f-caudate-lobe-of-liver"
3051,"Fibrous appendix of liver",5,structure,viscus (thorax / abdomen / pelvis),none,0,""
3052,"Quadrate lobe",5,structure,other,partial,1,"female:quadrate-lobe-of-liver"
3053,"Caudate lobe",5,structure,other,partial,9,"male:caudate-lobe-branch-of-right-portal-vein male:caudate-lobe-branch-of-right-hepatic-artery male:caudate-lobe-branch-of-right-hepatic-artery-2 male:caudate-lobe-branch-of-left-hepatic-artery"
3054,"Papillary process",5,feature,,n/a,0,""
3055,"Caudate process",5,feature,,n/a,0,""
3056,"Serosa of liver",5,structure,viscus (thorax / abdomen / pelvis),none,0,""
3057,"Subserosa of liver",5,structure,viscus (thorax / abdomen / pelvis),none,0,""
3058,"Fibrous capsule of liver",5,structure,ligament / capsule,none,0,""
3059,"Perivascular fibrous capsule",5,structure,ligament / capsule,none,0,""
3060,"Lobules of liver",5,structure,viscus (thorax / abdomen / pelvis),none,0,""
3061,"Portal tract",5,structure,brain / spinal cord / meninges,none,0,""
3062,"Interlobular arteries",5,structure,artery,none,0,""
3063,"Interlobular veins",5,structure,vein / venous sinus,none,0,""
3064,"Interlobular bile ducts",5,structure,viscus (thorax / abdomen / pelvis),none,0,""
3065,"Central veins",5,structure,vein / venous sinus,partial,2,"female:left-central-retinal-vein female:right-central-retinal-vein"
3066,"Left part of liver",5,structure,viscus (thorax / abdomen / pelvis),partial,24,"male:caudate-lobe-of-liver male:left-duct-of-caudate-lobe-of-liver male:anterior-lateral-segment-of-liver-vi male:anterior-medial-segment-of-liver-v"
3067,"Left lateral division of liver",5,structure,viscus (thorax / abdomen / pelvis),none,0,""
3068,"Left posterior lateral segment of liver",5,structure,viscus (thorax / abdomen / pelvis),partial,2,"male:left-posterior-lateral-segment-of-liver-ii male:posterior-lateral-segment-of-liver-vii"
3069,"Left anterior lateral segment of liver",5,structure,viscus (thorax / abdomen / pelvis),partial,2,"male:anterior-lateral-segment-of-liver-vi male:left-anterior-lateral-segment-of-liver-iii"
3070,"Left medial division of liver",5,structure,viscus (thorax / abdomen / pelvis),none,0,""
3071,"Left medial segment of liver",5,structure,viscus (thorax / abdomen / pelvis),partial,3,"male:anterior-medial-segment-of-liver-v male:left-medial-segment-of-liver-iv male:posterior-medial-segment-of-liver-viii"
3072,"Posterior part of liver",5,structure,viscus (thorax / abdomen / pelvis),partial,4,"male:left-posterior-lateral-segment-of-liver-ii male:posterior-lateral-segment-of-liver-vii male:posterior-medial-segment-of-liver-viii male:posterior-segment-of-liver-i"
3073,"Posterior segment of liver",5,structure,viscus (thorax / abdomen / pelvis),partial,4,"male:left-posterior-lateral-segment-of-liver-ii male:posterior-lateral-segment-of-liver-vii male:posterior-medial-segment-of-liver-viii male:posterior-segment-of-liver-i"
3074,"Right part of liver",5,structure,viscus (thorax / abdomen / pelvis),partial,24,"male:caudate-lobe-of-liver male:left-duct-of-caudate-lobe-of-liver male:anterior-lateral-segment-of-liver-vi male:anterior-medial-segment-of-liver-v"
3075,"Right medial division of liver",5,structure,viscus (thorax / abdomen / pelvis),none,0,""
3076,"Anterior medial segment of liver",5,structure,viscus (thorax / abdomen / pelvis),partial,1,"male:anterior-medial-segment-of-liver-v"
3077,"Posterior medial segment of liver",5,structure,viscus (thorax / abdomen / pelvis),partial,1,"male:posterior-medial-segment-of-liver-viii"
3078,"Right lateral division of liver",5,structure,viscus (thorax / abdomen / pelvis),none,0,""
3079,"Anterior lateral segment of liver",5,structure,viscus (thorax / abdomen / pelvis),partial,2,"male:anterior-lateral-segment-of-liver-vi male:left-anterior-lateral-segment-of-liver-iii"
3080,"Posterior lateral segment of liver",5,structure,viscus (thorax / abdomen / pelvis),partial,2,"male:left-posterior-lateral-segment-of-liver-ii male:posterior-lateral-segment-of-liver-vii"
3081,"Gallbladder",5,structure,viscus (thorax / abdomen / pelvis),exact,2,"male:gallbladder female:f-gallbladder"
3082,"Fundus of gallbladder",5,structure,viscus (thorax / abdomen / pelvis),none,0,""
3083,"Infundibulum of gallbladder",5,structure,viscus (thorax / abdomen / pelvis),none,0,""
3084,"Body of gallbladder",5,feature,,n/a,0,""
3085,"Neck of gallbladder",5,feature,,n/a,0,""
3086,"Serosa of gallbladder",5,structure,viscus (thorax / abdomen / pelvis),none,0,""
3087,"Subserosa of gallbladder",5,structure,viscus (thorax / abdomen / pelvis),none,0,""
3088,"Muscular layer of gallbladder",5,structure,muscle / tendon,none,0,""
3089,"Mucosa of gallbladder",5,structure,viscus (thorax / abdomen / pelvis),none,0,""
3090,"Mucosal folds of gallbladder",5,structure,viscus (thorax / abdomen / pelvis),none,0,""
3091,"Extrahepatic bile ducts",5,structure,viscus (thorax / abdomen / pelvis),none,0,""
3092,"Common hepatic duct",5,structure,viscus (thorax / abdomen / pelvis),exact,2,"male:common-hepatic-duct female:f-common-hepatic-duct"
3093,"Right hepatic duct",5,structure,viscus (thorax / abdomen / pelvis),exact,4,"male:left-hepatic-duct male:right-hepatic-duct female:f-right-hepatic-duct female:f-left-hepatic-duct"
3094,"Anterior branch of right hepatic duct",5,structure,viscus (thorax / abdomen / pelvis),none,0,""
3095,"Posterior branch of right hepatic duct",5,structure,viscus (thorax / abdomen / pelvis),none,0,""
3096,"Left hepatic duct",5,structure,viscus (thorax / abdomen / pelvis),exact,4,"male:left-hepatic-duct male:right-hepatic-duct female:f-right-hepatic-duct female:f-left-hepatic-duct"
3097,"Lateral branch of left hepatic duct",5,structure,viscus (thorax / abdomen / pelvis),none,0,""
3098,"Medial branch of left hepatic duct",5,structure,viscus (thorax / abdomen / pelvis),none,0,""
3099,"Right duct of caudate lobe",5,structure,other,partial,1,"male:left-duct-of-caudate-lobe-of-liver"
3100,"Left duct of caudate lobe",5,structure,other,partial,1,"male:left-duct-of-caudate-lobe-of-liver"
3101,"Cystic duct",5,structure,other,exact,2,"male:cystic-duct female:f-cystic-duct"
3102,"Spiral fold",5,structure,other,none,0,""
3103,"Bile duct",5,structure,viscus (thorax / abdomen / pelvis),exact,1,"female:common-bile-duct"
3104,"Supraduodenal part of biliary duct",5,structure,other,none,0,""
3105,"Retroduodenal part of biliary duct",5,structure,other,none,0,""
3106,"Pancreatic part of biliary duct",5,structure,other,none,0,""
3107,"Sphincter of bile duct",5,structure,viscus (thorax / abdomen / pelvis),none,0,""
3108,"Superior sphincter of bile duct",5,structure,viscus (thorax / abdomen / pelvis),none,0,""
3109,"Inferior sphincter of bile duct",5,structure,viscus (thorax / abdomen / pelvis),none,0,""
3110,"Intramural part of biliary duct",5,structure,other,none,0,""
3111,"Hepatopancreatic ampulla",5,structure,other,exact,1,"female:hepatopancreatic-ampulla"
3112,"Sphincter of ampulla",5,structure,other,partial,1,"female:sphincter-of-hepatopancreatic-ampulla"
3113,"Glands of bile duct",5,structure,gland / endocrine,none,0,""
3114,"Pancreas",5,structure,viscus (thorax / abdomen / pelvis),exact,1,"male:pancreas"
3115,"Head of pancreas",5,feature,,n/a,0,""
3116,"Uncinate process of pancreas",5,feature,,n/a,0,""
3117,"Pancreatic notch",5,feature,,n/a,0,""
3118,"Neck of pancreas",5,feature,,n/a,0,""
3119,"Body of pancreas",5,feature,,n/a,0,""
3120,"Anterosuperior surface of pancreas",5,feature,,n/a,0,""
3121,"Posterior surface of pancreas",5,feature,,n/a,0,""
3122,"Anteroinferior surface of pancreas",5,feature,,n/a,0,""
3123,"Superior border of pancreas",5,feature,,n/a,0,""
3124,"Anterior border of pancreas",5,feature,,n/a,0,""
3125,"Inferior border of pancreas",5,feature,,n/a,0,""
3126,"Omental eminence of pancreas",5,feature,,n/a,0,""
3127,"Tail of pancreas",5,structure,viscus (thorax / abdomen / pelvis),exact,1,"female:tail-of-pancreas"
3128,"Pancreatic islets",5,structure,other,none,0,""
3129,"Pancreatic duct",5,structure,other,exact,1,"male:pancreatic-duct"
3130,"Sphincter of pancreatic duct",5,structure,other,none,0,""
3131,"Accessory pancreatic duct",5,structure,other,exact,1,"male:accessory-pancreatic-duct"
3132,"(Accessory pancreas)",5,structure,viscus (thorax / abdomen / pelvis),none,0,""
3133,"Respiratory system",6,structure,other,none,0,""
3134,"Nose",6,structure,other,none,0,""
3135,"External nose",6,structure,other,none,0,""
3136,"Nasal cartilages",6,structure,other,partial,5,"male:left-lateral-nasal-cartilage male:septal-nasal-cartilage male:right-lateral-nasal-cartilage male:left-lateral-process-of-nasal-septal-cartilage"
3137,"Nasal septum",6,structure,other,none,0,""
3138,"Membranous part of nasal septum",6,structure,other,none,0,""
3139,"Cartilaginous part of nasal septum",6,structure,other,none,0,""
3140,"Bony part of nasal septum",6,structure,other,none,0,""
3141,"Vomeronasal organ",6,structure,other,none,0,""
3142,"(Incisive duct)",6,structure,other,none,0,""
3143,"Lateral wall of nasal cavity",6,space,,n/a,0,""
3144,"Limen nasi",6,structure,other,none,0,""
3145,"Agger nasi",6,structure,other,none,0,""
3146,"Olfactory groove",6,feature,,n/a,0,""
3147,"Highest nasal concha",6,structure,other,none,0,""
3148,"Superior nasal concha",6,structure,other,none,0,""
3149,"Middle nasal concha",6,structure,other,none,0,""
3150,"Ethmoidal bulla",6,structure,other,none,0,""
3151,"Inferior nasal concha",6,structure,other,exact,2,"male:left-inferior-nasal-concha male:right-inferior-nasal-concha"
3152,"Cavernous plexuses of conchae",6,structure,other,none,0,""
3153,"Semilunar hiatus",6,feature,,n/a,0,""
3154,"Frontonasal duct",6,structure,other,none,0,""
3155,"Ethmoidal infundibulum",6,structure,other,none,0,""
3156,"Maxillary hiatus",6,feature,,n/a,0,""
3157,"Opening of nasolacrimal duct",6,structure,other,none,0,""
3158,"Mucosa of nasal cavity",6,space,,n/a,0,""
3159,"Vestibular part of nasal mucosa",6,structure,other,none,0,""
3160,"Respiratory part of nasal mucosa",6,structure,other,none,0,""
3161,"Nasal glands",6,structure,gland / endocrine,none,0,""
3162,"Roof of nasal cavity",6,space,,n/a,0,""
3163,"Olfactory part of mucosa",6,structure,eye / ear / sense organ,none,0,""
3164,"Opening of sphenoidal sinus",6,structure,other,none,0,""
3165,"Nasal cavity",6,space,,n/a,0,""
3166,"Nostril",6,structure,other,none,0,""
3167,"Nasal vestibule",6,structure,other,none,0,""
3168,"Sphenoethmoidal recess",6,space,,n/a,0,""
3169,"Superior nasal meatus",6,feature,,n/a,0,""
3170,"Middle nasal meatus",6,feature,,n/a,0,""
3171,"Atrium of middle meatus",6,feature,,n/a,0,""
3172,"Inferior nasal meatus",6,feature,,n/a,0,""
3173,"Common nasal meatus",6,feature,,n/a,0,""
3174,"Nasopharyngeal meatus",6,feature,,n/a,0,""
3175,"Choana",6,structure,other,none,0,""
3176,"Paranasal sinuses",6,structure,other,none,0,""
3177,"Maxillary sinus",6,structure,other,none,0,""
3178,"Sphenoidal sinus",6,structure,other,none,0,""
3179,"Frontal sinus",6,structure,other,partial,1,"male:sinus-of-frontal-bone"
3180,"Ethmoidal cells",6,structure,other,none,0,""
3181,"Anterior ethmoidal cells",6,structure,other,none,0,""
3182,"Middle ethmoidal cells",6,structure,other,none,0,""
3183,"Posterior ethmoidal cells",6,structure,other,none,0,""
3184,"Larynx",6,structure,viscus (thorax / abdomen / pelvis),none,0,""
3185,"Mucosa of larynx",6,structure,viscus (thorax / abdomen / pelvis),none,0,""
3186,"Laryngeal glands",6,structure,gland / endocrine,none,0,""
3187,"Laryngeal cartilages",6,structure,other,none,0,""
3188,"Laryngeal joints",6,structure,other,none,0,""
3189,"Laryngeal muscles",6,structure,muscle / tendon,none,0,""
3190,"Epiglottis",6,structure,other,exact,1,"male:subdivision-of-laryngopharynx"
3191,"Epiglottic tubercle",6,feature,,n/a,0,""
3192,"Pre-epiglottic fat body",6,structure,skin / fascia / soft tissue,none,0,""
3193,"Aryepiglottic fold",6,structure,other,none,0,""
3194,"Corniculate tubercle",6,feature,,n/a,0,""
3195,"Cuneiform tubercle",6,feature,,n/a,0,""
3196,"Vestibular fold",6,structure,other,none,0,""
3197,"Glottis",6,structure,other,none,0,""
3198,"Vocal fold",6,structure,other,none,0,""
3199,"Fibroelastic membrane of larynx",6,structure,viscus (thorax / abdomen / pelvis),none,0,""
3200,"Interarytenoid fold",6,structure,other,none,0,""
3201,"Laryngeal cavity",6,space,,n/a,0,""
3202,"Laryngeal inlet",6,structure,other,none,0,""
3203,"Interarytenoid notch",6,feature,,n/a,0,""
3204,"Laryngeal vestibule",6,structure,other,none,0,""
3205,"Rima vestibuli",6,structure,other,none,0,""
3206,"Laryngeal ventricle",6,structure,viscus (thorax / abdomen / pelvis),none,0,""
3207,"Laryngeal saccule",6,structure,other,none,0,""
3208,"Rima glottidis",6,structure,other,none,0,""
3209,"Intermembranous part of rima glottidis",6,structure,other,none,0,""
3210,"Intercartilaginous part of rima glottidis",6,structure,other,none,0,""
3211,"Infraglottic cavity",6,space,,n/a,0,""
3212,"Tracheobronchial tree",6,structure,other,partial,98,"male:inferior-lingular-bronchial-tree male:left-medial-basal-segmental-bronchial-tree male:left-anterior-segmental-bronchial-tree male:left-apical-segmental-bronchial-tree"
3213,"TRACHEA",6,structure,viscus (thorax / abdomen / pelvis),exact,2,"male:trachea female:f-trachea"
3214,"Cervical part of trachea",6,structure,viscus (thorax / abdomen / pelvis),none,0,""
3215,"Thoracic part of trachea",6,structure,viscus (thorax / abdomen / pelvis),none,0,""
3216,"Membranous wall of trachea",6,structure,viscus (thorax / abdomen / pelvis),none,0,""
3217,"Fibromusculocartilaginous layer of trachea",6,structure,viscus (thorax / abdomen / pelvis),none,0,""
3218,"Tracheal cartilages",6,structure,other,none,0,""
3219,"Trachealis muscle",6,structure,muscle / tendon,none,0,""
3220,"Annular ligaments of trachea",6,structure,ligament / capsule,none,0,""
3221,"Submucosa of trachea",6,structure,viscus (thorax / abdomen / pelvis),none,0,""
3222,"Mucosa of trachea",6,structure,viscus (thorax / abdomen / pelvis),none,0,""
3223,"Tracheal glands",6,structure,gland / endocrine,none,0,""
3224,"Tracheal bifurcation",6,structure,other,none,0,""
3225,"Carina of trachea",6,structure,viscus (thorax / abdomen / pelvis),exact,1,"female:carina-of-trachea"
3226,"BRONCHI",6,structure,viscus (thorax / abdomen / pelvis),none,0,""
3227,"Main bronchus",6,structure,viscus (thorax / abdomen / pelvis),exact,3,"male:left-main-bronchus female:right-main-bronchus female:f-left-main-bronchus"
3228,"Intrapulmonary bronchi",6,structure,viscus (thorax / abdomen / pelvis),none,0,""
3229,"Lobar bronchus",6,structure,viscus (thorax / abdomen / pelvis),partial,12,"male:left-inferior-lobar-bronchus male:left-superior-lobar-bronchus male:right-middle-lobar-bronchus male:right-inferior-lobar-bronchus"
3230,"Segmental bronchus",6,structure,viscus (thorax / abdomen / pelvis),partial,40,"male:anteromedial-basal-segmental-bronchus-of-left-lung male:anterior-basal-segmental-bronchus-of-left-lung-bviii male:anterior-basal-segmental-bronchus-of-right-lung-bviii male:anterior-segmental-bronchus-of-left-lung-biii"
3231,"Intrasegmental bronchus",6,structure,viscus (thorax / abdomen / pelvis),none,0,""
3232,"Bronchus",6,structure,viscus (thorax / abdomen / pelvis),partial,61,"male:left-main-bronchus male:right-main-bronchus-proper male:anteromedial-basal-segmental-bronchus-of-left-lung male:anterior-basal-segmental-bronchus-of-left-lung-bviii"
3233,"Fibromusculocartilaginous layer of bronchus",6,structure,viscus (thorax / abdomen / pelvis),none,0,""
3234,"Submucosa of bronchus",6,structure,viscus (thorax / abdomen / pelvis),none,0,""
3235,"Mucosa of bronchus",6,structure,viscus (thorax / abdomen / pelvis),none,0,""
3236,"Bronchial glands",6,structure,gland / endocrine,none,0,""
3237,"Right main bronchus",6,structure,viscus (thorax / abdomen / pelvis),exact,3,"male:left-main-bronchus female:right-main-bronchus female:f-left-main-bronchus"
3238,"Right superior lobar bronchus",6,structure,viscus (thorax / abdomen / pelvis),exact,3,"male:left-superior-lobar-bronchus male:right-superior-lobar-bronchus female:right-superior-lobar-bronchus"
3239,"Apical segmental bronchus of right lung",6,structure,viscus (thorax / abdomen / pelvis),partial,1,"male:apical-segmental-bronchus-of-right-lung-bi"
3240,"Posterior segmental bronchus of right lung",6,structure,viscus (thorax / abdomen / pelvis),partial,3,"male:posterior-basal-segmental-bronchus-of-left-lung-bx male:posterior-basal-segmental-bronchus-of-right-lung-bx male:posterior-segmental-bronchus-of-right-lung-bii"
3241,"Anterior segmental bronchus of right lung",6,structure,viscus (thorax / abdomen / pelvis),partial,4,"male:anterior-basal-segmental-bronchus-of-left-lung-bviii male:anterior-basal-segmental-bronchus-of-right-lung-bviii male:anterior-segmental-bronchus-of-left-lung-biii male:anterior-segmental-bronchus-of-right-lung-biii"
3242,"Bronchus intermedius",6,structure,viscus (thorax / abdomen / pelvis),none,0,""
3243,"Middle lobar bronchus",6,structure,viscus (thorax / abdomen / pelvis),exact,2,"male:right-middle-lobar-bronchus female:middle-lobar-bronchus"
3244,"Lateral segmental bronchus of right lung",6,structure,viscus (thorax / abdomen / pelvis),partial,3,"male:lateral-basal-segmental-bronchus-of-left-lung-bix male:lateral-basal-segmental-bronchus-of-right-lung-bix male:lateral-segmental-bronchus-of-right-lung-biv"
3245,"Medial segmental bronchus of right lung",6,structure,viscus (thorax / abdomen / pelvis),partial,3,"male:medial-basal-segmental-bronchus-of-left-lung-bvii male:medial-basal-segmental-bronchus-of-right-lung-bvii male:medial-segmental-bronchus-of-right-lung-bv"
3246,"Right inferior lobar bronchus",6,structure,viscus (thorax / abdomen / pelvis),exact,3,"male:left-inferior-lobar-bronchus male:right-inferior-lobar-bronchus female:right-inferior-lobar-bronchus"
3247,"Superior segmental bronchus of right lung",6,structure,viscus (thorax / abdomen / pelvis),partial,3,"male:superior-lingular-segmental-bronchus-of-left-lung-biv male:superior-segmental-bronchus-of-left-lung-bvi male:superior-segmental-bronchus-of-right-lung-bvi"
3248,"Medial basal segmental bronchus of right lung",6,structure,viscus (thorax / abdomen / pelvis),partial,2,"male:medial-basal-segmental-bronchus-of-left-lung-bvii male:medial-basal-segmental-bronchus-of-right-lung-bvii"
3249,"Anterior basal segmental bronchus of right lung",6,structure,viscus (thorax / abdomen / pelvis),partial,2,"male:anterior-basal-segmental-bronchus-of-left-lung-bviii male:anterior-basal-segmental-bronchus-of-right-lung-bviii"
3250,"Lateral basal segmental bronchus of right lung",6,structure,viscus (thorax / abdomen / pelvis),partial,2,"male:lateral-basal-segmental-bronchus-of-left-lung-bix male:lateral-basal-segmental-bronchus-of-right-lung-bix"
3251,"Posterior basal segmental bronchus of right lung",6,structure,viscus (thorax / abdomen / pelvis),partial,2,"male:posterior-basal-segmental-bronchus-of-left-lung-bx male:posterior-basal-segmental-bronchus-of-right-lung-bx"
3252,"Left main bronchus",6,structure,viscus (thorax / abdomen / pelvis),exact,3,"male:left-main-bronchus female:right-main-bronchus female:f-left-main-bronchus"
3253,"Left superior lobar bronchus",6,structure,viscus (thorax / abdomen / pelvis),exact,3,"male:left-superior-lobar-bronchus male:right-superior-lobar-bronchus female:right-superior-lobar-bronchus"
3254,"Apicoposterior segmental bronchus of left lung",6,structure,viscus (thorax / abdomen / pelvis),partial,1,"male:apicoposterior-segmental-bronchus-of-left-lung-bi-bii"
3255,"Anterior segmental bronchus of left lung",6,structure,viscus (thorax / abdomen / pelvis),partial,4,"male:anterior-basal-segmental-bronchus-of-left-lung-bviii male:anterior-basal-segmental-bronchus-of-right-lung-bviii male:anterior-segmental-bronchus-of-left-lung-biii male:anterior-segmental-bronchus-of-right-lung-biii"
3256,"Superior lingular segmental bronchus of left lung",6,structure,viscus (thorax / abdomen / pelvis),partial,1,"male:superior-lingular-segmental-bronchus-of-left-lung-biv"
3257,"Inferior lingular segmental bronchus of left lung",6,structure,viscus (thorax / abdomen / pelvis),partial,1,"male:inferior-lingular-segmental-bronchus-of-left-lung-bv"
3258,"Left inferior lobar bronchus",6,structure,viscus (thorax / abdomen / pelvis),exact,3,"male:left-inferior-lobar-bronchus male:right-inferior-lobar-bronchus female:right-inferior-lobar-bronchus"
3259,"Superior segmental bronchus of left lung",6,structure,viscus (thorax / abdomen / pelvis),partial,3,"male:superior-lingular-segmental-bronchus-of-left-lung-biv male:superior-segmental-bronchus-of-left-lung-bvi male:superior-segmental-bronchus-of-right-lung-bvi"
3260,"Medial basal segmental bronchus of left lung",6,structure,viscus (thorax / abdomen / pelvis),partial,2,"male:medial-basal-segmental-bronchus-of-left-lung-bvii male:medial-basal-segmental-bronchus-of-right-lung-bvii"
3261,"(Anteromedial basal segmental bronchus of left lung)",6,structure,viscus (thorax / abdomen / pelvis),exact,1,"male:anteromedial-basal-segmental-bronchus-of-left-lung"
3262,"Anterior basal segmental bronchus of left lung",6,structure,viscus (thorax / abdomen / pelvis),partial,2,"male:anterior-basal-segmental-bronchus-of-left-lung-bviii male:anterior-basal-segmental-bronchus-of-right-lung-bviii"
3263,"Lateral basal segmental bronchus of left lung",6,structure,viscus (thorax / abdomen / pelvis),partial,2,"male:lateral-basal-segmental-bronchus-of-left-lung-bix male:lateral-basal-segmental-bronchus-of-right-lung-bix"
3264,"Posterior basal segmental bronchus of left lung",6,structure,viscus (thorax / abdomen / pelvis),partial,2,"male:posterior-basal-segmental-bronchus-of-left-lung-bx male:posterior-basal-segmental-bronchus-of-right-lung-bx"
3265,"Lungs",6,structure,other,partial,72,"male:anterior-basal-segmental-artery-of-left-lung male:anterior-basal-segmental-artery-of-right-lung male:anterior-segmental-artery-of-left-lung male:anterior-segmental-artery-of-right-lung"
3266,"Base of lung",6,feature,,n/a,0,""
3267,"Apex of lung",6,feature,,n/a,0,""
3268,"Costal surface of lung",6,feature,,n/a,0,""
3269,"Medial surface of lung",6,feature,,n/a,0,""
3270,"Vertebral surface of lung",6,feature,,n/a,0,""
3271,"Mediastinal surface of lung",6,feature,,n/a,0,""
3272,"Cardiac impression of lung",6,feature,,n/a,0,""
3273,"Diaphragmatic surface of lung",6,feature,,n/a,0,""
3274,"Interlobar surface of lung",6,feature,,n/a,0,""
3275,"Anterior border of lung",6,feature,,n/a,0,""
3276,"Inferior border of lung",6,feature,,n/a,0,""
3277,"Hilum of lung",6,feature,,n/a,0,""
3278,"Root of lung",6,feature,,n/a,0,""
3279,"Lobe of lung",6,structure,viscus (thorax / abdomen / pelvis),partial,6,"male:inferior-lobe-of-left-lung male:inferior-lobe-of-right-lung male:superior-lobe-of-left-lung male:superior-lobe-of-right-lung"
3280,"Bronchopulmonary segment",6,structure,other,partial,20,"female:superior-lingular-bronchopulmonary-segment female:left-anterior-bronchopulmonary-segment female:left-apical-bronchopulmonary-segment female:left-posterior-bronchopulmonary-segment"
3281,"Lobule of lung",6,structure,viscus (thorax / abdomen / pelvis),none,0,""
3282,"Bronchiole",6,structure,other,none,0,""
3283,"Right lung",6,structure,viscus (thorax / abdomen / pelvis),partial,72,"male:anterior-basal-segmental-artery-of-left-lung male:anterior-basal-segmental-artery-of-right-lung male:anterior-segmental-artery-of-left-lung male:anterior-segmental-artery-of-right-lung"
3284,"Superior lobe of right lung",6,structure,viscus (thorax / abdomen / pelvis),exact,2,"male:superior-lobe-of-left-lung male:superior-lobe-of-right-lung"
3285,"Apical segment of right lung",6,structure,viscus (thorax / abdomen / pelvis),partial,2,"male:intervertebral-disc-l5-s1 male:nucleus-pulposus-l5-s1"
3286,"Posterior segment of right lung",6,structure,viscus (thorax / abdomen / pelvis),none,0,""
3287,"Anterior segment of right lung",6,structure,viscus (thorax / abdomen / pelvis),none,0,""
3288,"Horizontal fissure of right lung",6,feature,,n/a,0,""
3289,"Middle lobe of right lung",6,structure,viscus (thorax / abdomen / pelvis),none,0,""
3290,"Lateral segment of right lung",6,structure,viscus (thorax / abdomen / pelvis),none,0,""
3291,"Medial segment of right lung",6,structure,viscus (thorax / abdomen / pelvis),none,0,""
3292,"Oblique fissure of right lung",6,feature,,n/a,0,""
3293,"Inferior lobe of right lung",6,structure,viscus (thorax / abdomen / pelvis),exact,2,"male:inferior-lobe-of-left-lung male:inferior-lobe-of-right-lung"
3294,"Superior segment of right lung",6,structure,viscus (thorax / abdomen / pelvis),none,0,""
3295,"Medial basal segment of right lung",6,structure,viscus (thorax / abdomen / pelvis),none,0,""
3296,"Anterior basal segment of right lung",6,structure,viscus (thorax / abdomen / pelvis),none,0,""
3297,"Lateral basal segment of right lung",6,structure,viscus (thorax / abdomen / pelvis),none,0,""
3298,"Posterior basal segment of right lung",6,structure,viscus (thorax / abdomen / pelvis),none,0,""
3299,"Left lung",6,structure,viscus (thorax / abdomen / pelvis),partial,72,"male:anterior-basal-segmental-artery-of-left-lung male:anterior-basal-segmental-artery-of-right-lung male:anterior-segmental-artery-of-left-lung male:anterior-segmental-artery-of-right-lung"
3300,"Superior lobe of left lung",6,structure,viscus (thorax / abdomen / pelvis),exact,2,"male:superior-lobe-of-left-lung male:superior-lobe-of-right-lung"
3301,"Apicoposterior segment of left lung",6,structure,viscus (thorax / abdomen / pelvis),none,0,""
3302,"Anterior segment of left lung",6,structure,viscus (thorax / abdomen / pelvis),none,0,""
3303,"Cardiac notch of left lung",6,feature,,n/a,0,""
3304,"Lingula of left lung",6,structure,viscus (thorax / abdomen / pelvis),none,0,""
3305,"Superior lingular segment of left lung",6,structure,viscus (thorax / abdomen / pelvis),none,0,""
3306,"Inferior lingular segment of left lung",6,structure,viscus (thorax / abdomen / pelvis),none,0,""
3307,"Oblique fissure of left lung",6,feature,,n/a,0,""
3308,"Inferior lobe of left lung",6,structure,viscus (thorax / abdomen / pelvis),exact,2,"male:inferior-lobe-of-left-lung male:inferior-lobe-of-right-lung"
3309,"Superior segment of left lung",6,structure,viscus (thorax / abdomen / pelvis),none,0,""
3310,"Medial basal segment of left lung",6,structure,viscus (thorax / abdomen / pelvis),none,0,""
3311,"(Anteromedial basal segment of left lung)",6,structure,viscus (thorax / abdomen / pelvis),none,0,""
3312,"Anterior basal segment of left lung",6,structure,viscus (thorax / abdomen / pelvis),none,0,""
3313,"Lateral basal segment of left lung",6,structure,viscus (thorax / abdomen / pelvis),none,0,""
3314,"Posterior basal segment of left lung",6,structure,viscus (thorax / abdomen / pelvis),none,0,""
3315,"Thoracic cavity",7,space,,n/a,0,""
3316,"Pleural cavity",7,space,,n/a,0,""
3317,"Pleural recesses",7,structure,other,none,0,""
3318,"Costodiaphragmatic recess",7,space,,n/a,0,""
3319,"Costomediastinal recess",7,space,,n/a,0,""
3320,"Phrenicomediastinal recess",7,space,,n/a,0,""
3321,"Vertebromediastinal recess",7,space,,n/a,0,""
3322,"Pleura",7,structure,other,exact,1,"male:pleura"
3323,"Serosa of pleura",7,structure,other,none,0,""
3324,"Subserosa of pleura",7,structure,other,none,0,""
3325,"Visceral pleura",7,structure,other,none,0,""
3326,"Parietal pleura",7,structure,other,none,0,""
3327,"Cervical pleura",7,structure,other,none,0,""
3328,"Costal part of pleura",7,structure,other,none,0,""
3329,"Vertebral part of pleura",7,structure,other,none,0,""
3330,"Mediastinal part of pleura",7,structure,other,none,0,""
3331,"Diaphragmatic part of pleura",7,structure,other,none,0,""
3332,"Pulmonary ligament",7,structure,ligament / capsule,none,0,""
3333,"Mediastinum",7,structure,other,none,0,""
3334,"SUPERIOR MEDIASTINUM",7,structure,other,none,0,""
3335,"INFERIOR MEDIASTINUM",7,structure,other,none,0,""
3336,"Anterior mediastinum",7,structure,other,none,0,""
3337,"Sternopericardial ligaments",7,structure,ligament / capsule,none,0,""
3338,"Superior sternopericardial ligament",7,structure,ligament / capsule,none,0,""
3339,"Inferior sternopericardial ligament",7,structure,ligament / capsule,none,0,""
3340,"Middle mediastinum",7,structure,other,none,0,""
3341,"Pericardium",7,structure,other,none,0,""
3342,"Serous pericardium",7,structure,other,none,0,""
3343,"Serosa of pericardium",7,structure,other,none,0,""
3344,"Subserosa of pericardium",7,structure,other,none,0,""
3345,"Pericardial sac",7,structure,other,none,0,""
3346,"Fibrous pericardium",7,structure,other,none,0,""
3347,"Parietal layer of serous pericardium",7,structure,other,none,0,""
3348,"Pericardial cavity",7,space,,n/a,0,""
3349,"Transverse pericardial sinus",7,structure,other,none,0,""
3350,"Oblique pericardial sinus",7,structure,other,none,0,""
3351,"Visceral layer of serous pericardium",7,structure,other,none,0,""
3352,"Fold of left vena cava",7,space,,n/a,0,""
3353,"Posterior mediastinum",7,structure,other,none,0,""
3354,"Bronchopericardial membrane",7,structure,other,none,0,""
3355,"Bronchoesophageal muscle",7,structure,muscle / tendon,none,0,""
3356,"Pleuroesophageal muscle",7,structure,muscle / tendon,none,0,""
3357,"Urinary system",8,structure,other,none,0,""
3358,"Kidney",8,structure,viscus (thorax / abdomen / pelvis),exact,2,"male:left-kidney male:kidneys"
3359,"Lateral border of kidney",8,feature,,n/a,0,""
3360,"Medial border of kidney",8,feature,,n/a,0,""
3361,"Hilum of kidney",8,feature,,n/a,0,""
3362,"Renal sinus",8,structure,viscus (thorax / abdomen / pelvis),none,0,""
3363,"Anterior surface of kidney",8,feature,,n/a,0,""
3364,"Posterior surface of kidney",8,feature,,n/a,0,""
3365,"Superior pole of kidney",8,feature,,n/a,0,""
3366,"Inferior pole of kidney",8,feature,,n/a,0,""
3367,"Fibrous capsule of kidney",8,structure,ligament / capsule,none,0,""
3368,"Renal cortex",8,structure,brain / spinal cord / meninges,none,0,""
3369,"Renal medulla",8,structure,brain / spinal cord / meninges,none,0,""
3370,"Renal columns",8,structure,viscus (thorax / abdomen / pelvis),exact,2,"female:renal-column female:renal-column-2"
3371,"Superior segment of kidney",8,structure,viscus (thorax / abdomen / pelvis),none,0,""
3372,"Anterior superior segment of kidney",8,structure,viscus (thorax / abdomen / pelvis),none,0,""
3373,"Anterior inferior segment of kidney",8,structure,viscus (thorax / abdomen / pelvis),none,0,""
3374,"Inferior segment of kidney",8,structure,viscus (thorax / abdomen / pelvis),none,0,""
3375,"Posterior segment of kidney",8,structure,viscus (thorax / abdomen / pelvis),none,0,""
3376,"Kidney lobe",8,structure,viscus (thorax / abdomen / pelvis),none,0,""
3377,"Cortex of kidney lobe",8,structure,brain / spinal cord / meninges,none,0,""
3378,"Medullary rays",8,structure,other,none,0,""
3379,"Renal pyramid",8,structure,viscus (thorax / abdomen / pelvis),exact,21,"female:renal-pyramid female:renal-pyramid-2 female:renal-pyramid-3 female:renal-pyramid-4"
3380,"Base of renal pyramid",8,feature,,n/a,0,""
3381,"Renal papilla",8,structure,eye / ear / sense organ,exact,21,"female:renal-papilla female:renal-papilla-2 female:renal-papilla-3 female:renal-papilla-4"
3382,"Cribriform area",8,structure,other,none,0,""
3383,"Openings of papillary ducts",8,structure,other,none,0,""
3384,"Renal pelvis",8,structure,viscus (thorax / abdomen / pelvis),exact,4,"male:left-renal-pelvis male:right-renal-pelvis female:renal-pelvis female:renal-pelvis-2"
3385,"Major calices",8,structure,other,none,0,""
3386,"Superior calix",8,structure,other,none,0,""
3387,"Middle calix",8,structure,other,none,0,""
3388,"Inferior calix",8,structure,other,none,0,""
3389,"Minor calices",8,structure,other,none,0,""
3390,"(Ampullary renal pelvis)",8,structure,viscus (thorax / abdomen / pelvis),none,0,""
3391,"Adventitia of renal pelvis",8,structure,viscus (thorax / abdomen / pelvis),none,0,""
3392,"Muscular layer of renal pelvis",8,structure,muscle / tendon,none,0,""
3393,"Mucosa of renal pelvis",8,structure,viscus (thorax / abdomen / pelvis),none,0,""
3394,"Ureter",8,structure,viscus (thorax / abdomen / pelvis),exact,4,"male:left-ureter male:ureters female:right-ureter female:f-left-ureter"
3395,"Abdominal part of ureter",8,structure,viscus (thorax / abdomen / pelvis),none,0,""
3396,"Pelvic part of ureter",8,structure,viscus (thorax / abdomen / pelvis),none,0,""
3397,"Intramural part of ureter",8,structure,viscus (thorax / abdomen / pelvis),none,0,""
3398,"Adventitia of ureter",8,structure,viscus (thorax / abdomen / pelvis),none,0,""
3399,"Muscular layer of ureter",8,structure,muscle / tendon,none,0,""
3400,"Mucosa of ureter",8,structure,viscus (thorax / abdomen / pelvis),none,0,""
3401,"Urinary bladder",8,structure,viscus (thorax / abdomen / pelvis),exact,1,"male:bladder"
3402,"Apex of bladder",8,feature,,n/a,0,""
3403,"Body of bladder",8,feature,,n/a,0,""
3404,"Fundus of bladder",8,structure,viscus (thorax / abdomen / pelvis),partial,2,"female:fundus-of-urinary-bladder female:fundus-of-urinary-bladder-2"
3405,"Neck of bladder",8,feature,,n/a,0,""
3406,"Uvula of bladder",8,structure,viscus (thorax / abdomen / pelvis),none,0,""
3407,"Serosa of bladder",8,structure,viscus (thorax / abdomen / pelvis),none,0,""
3408,"Subserosa of bladder",8,structure,viscus (thorax / abdomen / pelvis),none,0,""
3409,"Muscular layer of bladder",8,structure,muscle / tendon,none,0,""
3410,"Trigonal muscles",8,structure,muscle / tendon,none,0,""
3411,"Superficial trigone muscle",8,structure,muscle / tendon,none,0,""
3412,"Deep trigone muscle",8,structure,muscle / tendon,none,0,""
3413,"Detrusor vesicae",8,structure,other,none,0,""
3414,"Unstratified part of detrusor vesicae",8,structure,other,none,0,""
3415,"Bladder neck part of detrusor vesicae",8,structure,viscus (thorax / abdomen / pelvis),none,0,""
3416,"External longitudinal layer of detrusor vesicae",8,structure,other,none,0,""
3417,"Circular layer of detrusor vesicae",8,structure,other,none,0,""
3418,"Internal longitudinal layer of detrusor vesicae",8,structure,other,none,0,""
3419,"Submucosa of bladder",8,structure,viscus (thorax / abdomen / pelvis),none,0,""
3420,"Mucosa of bladder",8,structure,viscus (thorax / abdomen / pelvis),none,0,""
3421,"Trigone of bladder",8,structure,viscus (thorax / abdomen / pelvis),partial,1,"female:trigone-of-urinary-bladder"
3422,"Interureteric crest",8,feature,,n/a,0,""
3423,"Ureteric orifice",8,structure,other,none,0,""
3424,"Internal urethral orifice",8,structure,other,none,0,""
3425,"Urethra",8,structure,viscus (thorax / abdomen / pelvis),exact,1,"male:urethra"
3426,"Female urethra ♀",8,structure,viscus (thorax / abdomen / pelvis),none,0,""
3427,"Intramural part of female urethra",8,structure,viscus (thorax / abdomen / pelvis),none,0,""
3428,"Female internal urethral sphincter",8,structure,other,none,0,""
3429,"Membranous part of female urethra",8,structure,viscus (thorax / abdomen / pelvis),none,0,""
3430,"Crest of female urethra",8,feature,,n/a,0,""
3431,"Female external urethral sphincter",8,structure,other,none,0,""
3432,"External orifice of female urethra",8,structure,viscus (thorax / abdomen / pelvis),none,0,""
3433,"Muscular layer of female urethra",8,structure,muscle / tendon,none,0,""
3434,"Circular muscular layer of female urethra",8,structure,muscle / tendon,none,0,""
3435,"Longitudinal muscular layer of female urethra",8,structure,muscle / tendon,none,0,""
3436,"Spongy layer of female urethra",8,structure,viscus (thorax / abdomen / pelvis),none,0,""
3437,"Mucosa of female urethra",8,structure,viscus (thorax / abdomen / pelvis),none,0,""
3438,"Urethral lacunae of female urethra",8,structure,viscus (thorax / abdomen / pelvis),none,0,""
3439,"Urethral glands of female urethra",8,structure,gland / endocrine,none,0,""
3440,"Paraurethral glands of female urethra",8,structure,gland / endocrine,none,0,""
3441,"Paraurethral ducts of female urethra",8,structure,viscus (thorax / abdomen / pelvis),none,0,""
3442,"Male urethra ♂",8,structure,viscus (thorax / abdomen / pelvis),none,0,""
3443,"Intramural part of male urethra",8,structure,viscus (thorax / abdomen / pelvis),none,0,""
3444,"Male internal urethral sphincter",8,structure,other,none,0,""
3445,"Prostatic urethra",8,structure,viscus (thorax / abdomen / pelvis),none,0,""
3446,"Crest of male urethra",8,feature,,n/a,0,""
3447,"Superior part of prostatic urethra",8,structure,viscus (thorax / abdomen / pelvis),none,0,""
3448,"Seminal colliculus",8,structure,viscus (thorax / abdomen / pelvis),none,0,""
3449,"Prostatic utricle",8,structure,other,none,0,""
3450,"Opening of ejaculatory duct",8,structure,other,none,0,""
3451,"Prostatic sinus",8,structure,other,none,0,""
3452,"Inferior part of prostatic urethra",8,structure,viscus (thorax / abdomen / pelvis),none,0,""
3453,"Membranous part of male urethra",8,structure,viscus (thorax / abdomen / pelvis),none,0,""
3454,"Male external urethral sphincter",8,structure,other,none,0,""
3455,"Spongy urethra",8,structure,viscus (thorax / abdomen / pelvis),none,0,""
3456,"Navicular fossa",8,feature,,n/a,0,""
3457,"(Valve of navicular fossa)",8,feature,,n/a,0,""
3458,"External orifice of male urethra",8,structure,viscus (thorax / abdomen / pelvis),none,0,""
3459,"Muscular layer of male urethra",8,structure,muscle / tendon,none,0,""
3460,"Circular muscular layer of male urethra",8,structure,muscle / tendon,none,0,""
3461,"Longitudinal muscular layer of male urethra",8,structure,muscle / tendon,none,0,""
3462,"Mucosa of male urethra",8,structure,viscus (thorax / abdomen / pelvis),none,0,""
3463,"Urethral lacunae of male urethra",8,structure,viscus (thorax / abdomen / pelvis),none,0,""
3464,"Urethral glands of male urethra",8,structure,gland / endocrine,none,0,""
3465,"Paraurethral glands of male urethra",8,structure,gland / endocrine,none,0,""
3466,"Paraurethral ducts of male urethra",8,structure,viscus (thorax / abdomen / pelvis),none,0,""
3467,"Genital systems",9,structure,other,none,0,""
3468,"FEMALE GENITAL SYSTEM ♀",9,heading,,n/a,0,""
3469,"Female internal genitalia",9,structure,other,none,0,""
3470,"Ovary",9,structure,viscus (thorax / abdomen / pelvis),exact,2,"female:ovary-left female:ovary-right"
3471,"Hilum of ovary",9,feature,,n/a,0,""
3472,"Medial surface of ovary",9,feature,,n/a,0,""
3473,"Lateral surface of ovary",9,feature,,n/a,0,""
3474,"Free border of ovary",9,feature,,n/a,0,""
3475,"Mesovarian border of ovary",9,feature,,n/a,0,""
3476,"Tubal extremity of ovary",9,structure,viscus (thorax / abdomen / pelvis),none,0,""
3477,"Uterine extremity of ovary",9,structure,viscus (thorax / abdomen / pelvis),none,0,""
3478,"Tunica albuginea of ovary",9,structure,viscus (thorax / abdomen / pelvis),none,0,""
3479,"Ovarian medulla",9,structure,brain / spinal cord / meninges,none,0,""
3480,"Ovarian cortex",9,structure,brain / spinal cord / meninges,none,0,""
3481,"Ovarian stroma",9,structure,other,none,0,""
3482,"Vesicular ovarian follicles",9,structure,other,none,0,""
3483,"Corpus rubrum",9,structure,other,none,0,""
3484,"Corpus luteum",9,structure,other,none,0,""
3485,"Corpus albicans",9,structure,other,none,0,""
3486,"Uterine tube",9,structure,other,partial,9,"female:ampulla-of-right-uterine-tube female:isthmus-of-right-uterine-tube female:fimbria-of-right-uterine-tube female:infundibulum-of-right-uterine-tube"
3487,"Abdominal ostium of uterine tube",9,structure,other,exact,1,"female:abdominal-ostium-of-uterine-tube"
3488,"Infundibulum of uterine tube",9,structure,other,exact,2,"female:infundibulum-of-right-uterine-tube female:infundibulum-of-left-uterine-tube"
3489,"Fimbriae of uterine tube",9,structure,other,none,0,""
3490,"Ovarian fimbria",9,structure,other,none,0,""
3491,"Ampulla of uterine tube",9,structure,other,exact,2,"female:ampulla-of-right-uterine-tube female:ampulla-of-left-uterine-tube"
3492,"Isthmus of uterine tube",9,structure,other,exact,2,"female:isthmus-of-right-uterine-tube female:isthmus-of-left-uterine-tube"
3493,"Intramural part of uterine tube",9,structure,other,partial,9,"female:ampulla-of-right-uterine-tube female:isthmus-of-right-uterine-tube female:fimbria-of-right-uterine-tube female:infundibulum-of-right-uterine-tube"
3494,"Uterine ostium of uterine tube",9,structure,other,partial,1,"female:abdominal-ostium-of-uterine-tube"
3495,"Serosa of uterine tube",9,structure,other,none,0,""
3496,"Subserosa of uterine tube",9,structure,other,none,0,""
3497,"Muscular layer of uterine tube",9,structure,muscle / tendon,none,0,""
3498,"Mucosa of uterine tube",9,structure,other,none,0,""
3499,"Folds of uterine tube",9,structure,other,none,0,""
3500,"Uterus",9,structure,viscus (thorax / abdomen / pelvis),partial,7,"female:right-round-ligament-of-uterus female:left-round-ligament-of-uterus female:broad-ligament female:body-of-uterus"
3501,"Fundus of uterus",9,structure,viscus (thorax / abdomen / pelvis),exact,1,"female:fundus-of-uterus"
3502,"Body of uterus",9,feature,,n/a,0,""
3503,"Uterine cavity",9,space,,n/a,0,""
3504,"Border of uterus",9,feature,,n/a,0,""
3505,"Posterior surface of uterus",9,feature,,n/a,0,""
3506,"Anterior surface of uterus",9,feature,,n/a,0,""
3507,"Internal os of uterus",9,structure,viscus (thorax / abdomen / pelvis),none,0,""
3508,"Cervix of uterus",9,structure,viscus (thorax / abdomen / pelvis),none,0,""
3509,"Supravaginal part of cervix",9,structure,other,none,0,""
3510,"Isthmus of uterus",9,structure,viscus (thorax / abdomen / pelvis),none,0,""
3511,"Vaginal part of cervix",9,structure,other,none,0,""
3512,"External os of uterus",9,structure,viscus (thorax / abdomen / pelvis),none,0,""
3513,"Anterior lip of external os of uterus",9,structure,viscus (thorax / abdomen / pelvis),none,0,""
3514,"Posterior lip of external os of uterus",9,structure,viscus (thorax / abdomen / pelvis),none,0,""
3515,"Cervical canal",9,feature,,n/a,0,""
3516,"Palmate folds",9,structure,other,none,0,""
3517,"Cervical glands",9,structure,gland / endocrine,none,0,""
3518,"Perimetrium",9,structure,other,none,0,""
3519,"Subserosa of uterus",9,structure,viscus (thorax / abdomen / pelvis),none,0,""
3520,"Myometrium",9,structure,other,none,0,""
3521,"Endometrium",9,structure,other,none,0,""
3522,"Uterine glands",9,structure,gland / endocrine,none,0,""
3523,"Vagina",9,structure,viscus (thorax / abdomen / pelvis),exact,1,"female:vagina"
3524,"Vaginal fornix",9,structure,other,none,0,""
3525,"Anterior part of vaginal fornix",9,structure,other,none,0,""
3526,"Posterior part of vaginal fornix",9,structure,other,none,0,""
3527,"Lateral part of vaginal fornix",9,structure,other,none,0,""
3528,"Anterior wall of vagina",9,structure,viscus (thorax / abdomen / pelvis),none,0,""
3529,"Posterior wall of vagina",9,structure,viscus (thorax / abdomen / pelvis),none,0,""
3530,"Hymen",9,structure,other,none,0,""
3531,"Hymenal caruncles",9,structure,other,none,0,""
3532,"Muscular layer of vagina",9,structure,muscle / tendon,none,0,""
3533,"Spongy layer of vagina",9,structure,viscus (thorax / abdomen / pelvis),none,0,""
3534,"Mucosa of vagina",9,structure,viscus (thorax / abdomen / pelvis),none,0,""
3535,"Vaginal rugae",9,structure,other,none,0,""
3536,"Vaginal columns",9,structure,other,none,0,""
3537,"Anterior vaginal column",9,structure,other,none,0,""
3538,"Posterior vaginal column",9,structure,other,none,0,""
3539,"Urethral carina of vagina",9,structure,viscus (thorax / abdomen / pelvis),none,0,""
3540,"Epoophoron",9,structure,other,none,0,""
3541,"Longitudinal duct of epoophoron",9,structure,other,none,0,""
3542,"Transverse ductules of epoophoron",9,structure,other,none,0,""
3543,"Vesicular appendices",9,structure,other,none,0,""
3544,"Paroophoron",9,structure,other,none,0,""
3545,"(Vestige of ductus deferens)",9,structure,other,none,0,""
3546,"Female external genitalia",9,structure,other,none,0,""
3547,"Vulva",9,structure,other,none,0,""
3548,"Mons pubis",9,structure,bone / cartilage / joint,none,0,""
3549,"Labium majus of vulva",9,structure,other,none,0,""
3550,"Anterior commissure of labia",9,structure,brain / spinal cord / meninges,none,0,""
3551,"Posterior commissure of labia",9,structure,brain / spinal cord / meninges,none,0,""
3552,"Cleft of vulva",9,structure,other,none,0,""
3553,"Labium minus of vulva",9,structure,other,none,0,""
3554,"Frenulum of labia minora",9,structure,other,none,0,""
3555,"Prepuce of clitoris",9,structure,other,none,0,""
3556,"Frenulum of clitoris",9,structure,other,none,0,""
3557,"External orifice of female urethra",9,structure,viscus (thorax / abdomen / pelvis),none,0,""
3558,"Vestibule of vagina",9,space,,n/a,0,""
3559,"Vestibular fossa",9,feature,,n/a,0,""
3560,"Bulb of vestibule",9,structure,other,none,0,""
3561,"Commissure of bulbs of vestibule",9,structure,brain / spinal cord / meninges,none,0,""
3562,"Vaginal orifice",9,structure,other,none,0,""
3563,"Greater vestibular gland",9,structure,gland / endocrine,none,0,""
3564,"Lesser vestibular glands",9,structure,gland / endocrine,none,0,""
3565,"Clitoris",9,structure,other,none,0,""
3566,"Crus of clitoris",9,structure,other,none,0,""
3567,"Body of clitoris",9,feature,,n/a,0,""
3568,"Glans of clitoris",9,structure,other,none,0,""
3569,"Corpus cavernosum of clitoris",9,structure,other,none,0,""
3570,"Septum of corpora cavernosa of clitoris",9,structure,other,none,0,""
3571,"Fascia of clitoris",9,structure,skin / fascia / soft tissue,none,0,""
3572,"Suspensory ligament of clitoris",9,structure,ligament / capsule,none,0,""
3573,"Fundiform ligament of clitoris",9,structure,ligament / capsule,none,0,""
3574,"MALE GENITAL SYSTEM ♂",9,heading,,n/a,0,""
3575,"Male internal genitalia",9,structure,other,none,0,""
3576,"Testis",9,structure,viscus (thorax / abdomen / pelvis),exact,2,"male:left-testis male:testis"
3577,"Superior pole of testis",9,feature,,n/a,0,""
3578,"Inferior pole of testis",9,feature,,n/a,0,""
3579,"Scrotal ligament",9,structure,ligament / capsule,none,0,""
3580,"Lateral surface of testis",9,feature,,n/a,0,""
3581,"Medial surface of testis",9,feature,,n/a,0,""
3582,"Anterior border of testis",9,feature,,n/a,0,""
3583,"Posterior border of testis",9,feature,,n/a,0,""
3584,"Tunica vaginalis testis",9,structure,viscus (thorax / abdomen / pelvis),none,0,""
3585,"Serosa of tunica vaginalis testis",9,structure,viscus (thorax / abdomen / pelvis),none,0,""
3586,"Subserosa of tunica vaginalis testis",9,structure,viscus (thorax / abdomen / pelvis),none,0,""
3587,"Parietal layer of tunica vaginalis testis",9,structure,viscus (thorax / abdomen / pelvis),none,0,""
3588,"Cavity of tunica vaginalis testis",9,space,,n/a,0,""
3589,"Visceral layer of tunica vaginalis testis",9,structure,viscus (thorax / abdomen / pelvis),none,0,""
3590,"Superior ligament of epididymis",9,structure,ligament / capsule,none,0,""
3591,"Inferior ligament of epididymis",9,structure,ligament / capsule,none,0,""
3592,"Sinus of epididymis",9,structure,viscus (thorax / abdomen / pelvis),none,0,""
3593,"Tunica albuginea of testis",9,structure,viscus (thorax / abdomen / pelvis),none,0,""
3594,"Vascular layer of testis",9,structure,viscus (thorax / abdomen / pelvis),none,0,""
3595,"Mediastinum of testis",9,structure,viscus (thorax / abdomen / pelvis),none,0,""
3596,"Septa testis",9,structure,viscus (thorax / abdomen / pelvis),none,0,""
3597,"Lobules of testis",9,structure,viscus (thorax / abdomen / pelvis),none,0,""
3598,"Parenchyma of testis",9,structure,viscus (thorax / abdomen / pelvis),none,0,""
3599,"Convoluted seminiferous tubules",9,structure,other,none,0,""
3600,"Straight tubules",9,structure,other,none,0,""
3601,"Rete testis",9,structure,viscus (thorax / abdomen / pelvis),none,0,""
3602,"Efferent ductules",9,structure,other,none,0,""
3603,"Epididymis",9,structure,viscus (thorax / abdomen / pelvis),exact,2,"male:left-epididymis male:right-epididymis"
3604,"Head of epididymis",9,feature,,n/a,0,""
3605,"Lobules of epididymis",9,structure,viscus (thorax / abdomen / pelvis),none,0,""
3606,"Body of epididymis",9,feature,,n/a,0,""
3607,"Tail of epididymis",9,structure,viscus (thorax / abdomen / pelvis),none,0,""
3608,"Duct of epididymis",9,structure,viscus (thorax / abdomen / pelvis),none,0,""
3609,"Aberrant ductules",9,structure,other,none,0,""
3610,"(Superior aberrant ductules)",9,structure,other,none,0,""
3611,"(Inferior aberrant ductule)",9,structure,other,none,0,""
3612,"Appendix of testis",9,structure,viscus (thorax / abdomen / pelvis),none,0,""
3613,"(Appendix of epididymis)",9,structure,viscus (thorax / abdomen / pelvis),none,0,""
3614,"(Paradidymis)",9,structure,other,none,0,""
3615,"Spermatic cord",9,structure,other,none,0,""
3616,"External spermatic fascia",9,structure,skin / fascia / soft tissue,none,0,""
3617,"Cremaster",9,structure,other,none,0,""
3618,"Cremasteric fascia",9,structure,skin / fascia / soft tissue,none,0,""
3619,"Internal spermatic fascia",9,structure,skin / fascia / soft tissue,none,0,""
3620,"(Vestige of processus vaginalis)",9,structure,other,none,0,""
3621,"Ductus deferens",9,structure,other,exact,2,"male:left-ductus-deferens male:right-ductus-deferens"
3622,"Scrotal part of ductus deferens",9,structure,other,none,0,""
3623,"Funicular part of ductus deferens",9,structure,other,none,0,""
3624,"Inguinal part of ductus deferens",9,structure,other,none,0,""
3625,"Pelvic part of ductus deferens",9,structure,other,none,0,""
3626,"Ampulla of ductus deferens",9,structure,other,none,0,""
3627,"Diverticula of ampulla of ductus deferentis",9,structure,other,none,0,""
3628,"Adventitia of ductus deferens",9,structure,other,none,0,""
3629,"Muscular layer of ductus deferens",9,structure,muscle / tendon,none,0,""
3630,"Mucosa of ductus deferens",9,structure,other,none,0,""
3631,"Seminal gland",9,structure,gland / endocrine,exact,2,"male:left-seminal-gland male:right-seminal-gland"
3632,"Adventitia of seminal gland",9,structure,gland / endocrine,none,0,""
3633,"Muscular layer of seminal gland",9,structure,muscle / tendon,none,0,""
3634,"Mucosa of seminal gland",9,structure,gland / endocrine,none,0,""
3635,"Excretory duct of seminal gland",9,structure,gland / endocrine,none,0,""
3636,"Ejaculatory duct",9,structure,other,exact,2,"male:left-ejaculatory-duct male:right-ejaculatory-duct"
3637,"Prostate",9,structure,viscus (thorax / abdomen / pelvis),exact,1,"male:prostate"
3638,"Base of prostate",9,feature,,n/a,0,""
3639,"Apex of prostate",9,feature,,n/a,0,""
3640,"Anterior surface of prostate",9,feature,,n/a,0,""
3641,"Posterior surface of prostate",9,feature,,n/a,0,""
3642,"Lateral surface of prostate",9,feature,,n/a,0,""
3643,"Posterolateral surface of prostate",9,feature,,n/a,0,""
3644,"Lateral part of prostate",9,structure,viscus (thorax / abdomen / pelvis),none,0,""
3645,"(Middle lobe of prostate)",9,structure,viscus (thorax / abdomen / pelvis),none,0,""
3646,"Glandular part of prostate",9,structure,gland / endocrine,none,0,""
3647,"Periurethral glandular zone of prostate",9,structure,gland / endocrine,none,0,""
3648,"Transitional zone of prostate",9,structure,viscus (thorax / abdomen / pelvis),none,0,""
3649,"Peripheral zone of prostate",9,structure,viscus (thorax / abdomen / pelvis),none,0,""
3650,"Anterior commissure of prostate",9,structure,brain / spinal cord / meninges,none,0,""
3651,"Parenchyma of prostate",9,structure,viscus (thorax / abdomen / pelvis),none,0,""
3652,"Prostatic ducts",9,structure,other,none,0,""
3653,"Fibromuscular tissue of prostate",9,structure,viscus (thorax / abdomen / pelvis),none,0,""
3654,"Capsule of prostate",9,structure,ligament / capsule,none,0,""
3655,"Fascia of prostate",9,structure,viscus (thorax / abdomen / pelvis),none,0,""
3656,"Prostatic neurovascular bundle",9,structure,other,none,0,""
3657,"Prostatoseminal fascia",9,structure,skin / fascia / soft tissue,none,0,""
3658,"Prostatic urethra",9,structure,viscus (thorax / abdomen / pelvis),none,0,""
3659,"Bulbourethral gland",9,structure,gland / endocrine,none,0,""
3660,"Duct of bulbourethral gland",9,structure,gland / endocrine,none,0,""
3661,"Male external genitalia",9,structure,other,none,0,""
3662,"Penis",9,structure,viscus (thorax / abdomen / pelvis),partial,13,"male:tributary-of-internal-pudendal-vein male:tributary-of-superficial-external-pudendal-vein male:left-superficial-dorsal-vein-of-penis male:left-dorsal-artery-of-penis"
3663,"Root of penis",9,feature,,n/a,0,""
3664,"Body of penis",9,feature,,n/a,0,""
3665,"Crus of penis",9,structure,viscus (thorax / abdomen / pelvis),none,0,""
3666,"Dorsum of penis",9,structure,viscus (thorax / abdomen / pelvis),none,0,""
3667,"Urethral surface",9,feature,,n/a,0,""
3668,"Glans penis",9,structure,viscus (thorax / abdomen / pelvis),exact,1,"male:zone-of-corpus-spongiosum-of-penis"
3669,"Corona of glans penis",9,structure,viscus (thorax / abdomen / pelvis),none,0,""
3670,"Septum of glans penis",9,structure,viscus (thorax / abdomen / pelvis),none,0,""
3671,"Neck of glans penis",9,feature,,n/a,0,""
3672,"Sulcus of glans penis",9,feature,,n/a,0,""
3673,"Preputial glands",9,structure,gland / endocrine,none,0,""
3674,"External orifice of male urethra",9,structure,viscus (thorax / abdomen / pelvis),none,0,""
3675,"Prepuce of penis",9,structure,viscus (thorax / abdomen / pelvis),none,0,""
3676,"Frenulum of penis",9,structure,viscus (thorax / abdomen / pelvis),none,0,""
3677,"Raphe of penis",9,structure,ligament / capsule,none,0,""
3678,"Corpus cavernosum penis",9,structure,viscus (thorax / abdomen / pelvis),exact,1,"male:corpus-cavernosum-of-penis"
3679,"Trabeculae of corpora cavernosa penis",9,structure,viscus (thorax / abdomen / pelvis),none,0,""
3680,"Cavernous spaces of corpora cavernosa penis",9,space,,n/a,0,""
3681,"Corpus spongiosum penis",9,structure,viscus (thorax / abdomen / pelvis),exact,1,"male:corpus-spongiosum-of-penis"
3682,"Spongy urethra",9,structure,viscus (thorax / abdomen / pelvis),none,0,""
3683,"Trabeculae of corpus spongiosum penis",9,structure,viscus (thorax / abdomen / pelvis),none,0,""
3684,"Cavernous spaces of corpus spongiosum penis",9,space,,n/a,0,""
3685,"Bulb of penis",9,structure,viscus (thorax / abdomen / pelvis),none,0,""
3686,"Tunica albuginea of corpora cavernosa penis",9,structure,viscus (thorax / abdomen / pelvis),none,0,""
3687,"Tunica albuginea of corpus spongiosum penis",9,structure,viscus (thorax / abdomen / pelvis),none,0,""
3688,"Septum penis",9,structure,viscus (thorax / abdomen / pelvis),none,0,""
3689,"Fascia of penis",9,structure,viscus (thorax / abdomen / pelvis),none,0,""
3690,"Suspensory ligament of penis",9,structure,ligament / capsule,none,0,""
3691,"Subcutaneous tissue of penis",9,structure,viscus (thorax / abdomen / pelvis),none,0,""
3692,"Fundiform ligament of penis",9,structure,ligament / capsule,none,0,""
3693,"Scrotum",9,structure,other,none,0,""
3694,"Raphe of scrotum",9,structure,ligament / capsule,none,0,""
3695,"Dartos fascia of scrotum",9,structure,skin / fascia / soft tissue,none,0,""
3696,"Septum of scrotum",9,structure,other,none,0,""
3697,"Dartos muscle of scrotum",9,structure,muscle / tendon,none,0,""
3698,"Perineal raphe",9,structure,ligament / capsule,none,0,""
3699,"Abdominopelvic cavity",10,space,,n/a,0,""
3700,"Abdominal cavity",10,space,,n/a,0,""
3701,"Pelvic cavity",10,space,,n/a,0,""
3702,"Peritoneal cavity",10,space,,n/a,0,""
3703,"Omental bursa",10,structure,skin / fascia / soft tissue,none,0,""
3704,"Omental foramen",10,feature,,n/a,0,""
3705,"Vestibule of omental bursa",10,space,,n/a,0,""
3706,"Superior recess of omental bursa",10,space,,n/a,0,""
3707,"Inferior recess of omental bursa",10,space,,n/a,0,""
3708,"Splenic recess of omental bursa",10,space,,n/a,0,""
3709,"Abdominal recesses of peritoneal cavity",10,space,,n/a,0,""
3710,"Superior duodenal fossa",10,feature,,n/a,0,""
3711,"Inferior duodenal fossa",10,feature,,n/a,0,""
3712,"Paraduodenal recess",10,space,,n/a,0,""
3713,"Retroduodenal recess",10,space,,n/a,0,""
3714,"Intersigmoid recess",10,space,,n/a,0,""
3715,"Superior ileocecal recess",10,space,,n/a,0,""
3716,"Inferior ileocecal recess",10,space,,n/a,0,""
3717,"Retrocecal recess",10,space,,n/a,0,""
3718,"Paracolic gutters",10,structure,other,none,0,""
3719,"Subphrenic space",10,space,,n/a,0,""
3720,"Subhepatic space",10,space,,n/a,0,""
3721,"Hepatorenal recess",10,space,,n/a,0,""
3722,"Pelvic recesses of peritoneal cavity",10,space,,n/a,0,""
3723,"Paravesical fossa",10,feature,,n/a,0,""
3724,"Vesicouterine pouch ♀",10,space,,n/a,0,""
3725,"Ovarian fossa ♀",10,feature,,n/a,0,""
3726,"Rectouterine pouch ♀",10,space,,n/a,0,""
3727,"Rectovesical pouch ♂",10,space,,n/a,0,""
3728,"Pararectal fossa",10,feature,,n/a,0,""
3729,"Peritoneum",10,structure,other,none,0,""
3730,"Serosa of peritoneum",10,structure,other,none,0,""
3731,"Subserosa of peritoneum",10,structure,other,none,0,""
3732,"Visceral peritoneum",10,structure,other,none,0,""
3733,"Mesenteric peritoneum",10,structure,other,none,0,""
3734,"Parietal peritoneum",10,structure,other,none,0,""
3735,"Diaphragmatic part of peritoneum",10,structure,other,none,0,""
3736,"Anterolateral part of peritoneum",10,structure,other,none,0,""
3737,"Posterior part of peritoneum",10,structure,other,none,0,""
3738,"Pelvic part of peritoneum",10,structure,other,none,0,""
3739,"Peritoneal structures",10,structure,other,none,0,""
3740,"Mesentery",10,structure,other,partial,1,"male:mesentery-of-small-intestine"
3741,"Peritoneum of mesentery",10,structure,other,none,0,""
3742,"Lamina propria of mesentery",10,structure,other,none,0,""
3743,"Root of mesentery",10,feature,,n/a,0,""
3744,"Mesocolon",10,structure,other,exact,1,"male:mesocolon"
3745,"Transverse mesocolon",10,structure,other,exact,1,"male:transverse-mesocolon"
3746,"(Ascending mesocolon)",10,structure,other,none,0,""
3747,"(Descending mesocolon)",10,structure,other,none,0,""
3748,"Sigmoid mesocolon",10,structure,other,none,0,""
3749,"Mesoappendix",10,structure,other,exact,1,"male:mesoappendix"
3750,"Lesser omentum",10,structure,other,exact,1,"male:lesser-omentum"
3751,"Hepatophrenic ligament",10,structure,ligament / capsule,none,0,""
3752,"Hepatoesophageal ligament",10,structure,ligament / capsule,none,0,""
3753,"Hepatogastric ligament",10,structure,ligament / capsule,none,0,""
3754,"Hepatoduodenal ligament",10,structure,ligament / capsule,exact,1,"female:hepatoduodenal-ligament"
3755,"(Hepatocolic ligament)",10,structure,ligament / capsule,none,0,""
3756,"Cystohepatic triangle",10,space,,n/a,0,""
3757,"Greater omentum",10,structure,other,exact,1,"male:greater-omentum"
3758,"Omental apron",10,structure,other,none,0,""
3759,"Gastrophrenic ligament",10,structure,ligament / capsule,none,0,""
3760,"Gastrosplenic ligament",10,structure,ligament / capsule,none,0,""
3761,"Presplenic fold",10,structure,other,none,0,""
3762,"Gastrocolic ligament",10,structure,ligament / capsule,none,0,""
3763,"(Gastroomental fold)",10,structure,other,none,0,""
3764,"Phrenicosplenic ligament",10,structure,ligament / capsule,none,0,""
3765,"Splenorenal ligament",10,structure,ligament / capsule,none,0,""
3766,"Pancreaticosplenic ligament",10,structure,ligament / capsule,none,0,""
3767,"Pancreaticocolic ligament",10,structure,ligament / capsule,none,0,""
3768,"Splenocolic ligament",10,structure,ligament / capsule,none,0,""
3769,"Phrenicocolic ligament",10,structure,ligament / capsule,none,0,""
3770,"Peritoneal ligaments of liver",10,structure,ligament / capsule,none,0,""
3771,"Falciform ligament",10,structure,ligament / capsule,exact,1,"female:falciform-ligament"
3772,"Coronary ligament",10,structure,ligament / capsule,partial,1,"female:coronary-ligament-of-liver"
3773,"Anterior part of coronary ligament",10,structure,ligament / capsule,none,0,""
3774,"Posterior part of coronary ligament",10,structure,ligament / capsule,none,0,""
3775,"Right triangular ligament",10,structure,ligament / capsule,partial,1,"female:triangular-ligament-of-liver"
3776,"Left triangular ligament",10,structure,ligament / capsule,partial,1,"female:triangular-ligament-of-liver"
3777,"Hepatorenal ligament",10,structure,ligament / capsule,none,0,""
3778,"Posterior parietal peritoneal structures",10,structure,other,none,0,""
3779,"Gastropancreatic fold",10,structure,other,none,0,""
3780,"Hepatopancreatic fold",10,structure,other,none,0,""
3781,"Suspensory muscle of duodenum",10,structure,muscle / tendon,none,0,""
3782,"Phrenicoceliac part of suspensory muscle of duodenum",10,structure,muscle / tendon,none,0,""
3783,"Celiacoduodenal part of suspensory muscle of duodenum",10,structure,muscle / tendon,none,0,""
3784,"Duodenojejunal fold",10,structure,other,none,0,""
3785,"Duodenomesocolic fold",10,structure,other,none,0,""
3786,"Paraduodenal fold",10,structure,other,none,0,""
3787,"Vascular fold of cecum",10,space,,n/a,0,""
3788,"Ileocecal fold",10,structure,other,none,0,""
3789,"Cecal folds",10,structure,other,none,0,""
3790,"Anterior parietal peritoneal structures",10,structure,other,none,0,""
3791,"Median umbilical fold",10,structure,other,none,0,""
3792,"Supravesical fossa",10,feature,,n/a,0,""
3793,"Medial umbilical fold",10,structure,other,none,0,""
3794,"Medial inguinal fossa",10,feature,,n/a,0,""
3795,"Inguinal triangle",10,space,,n/a,0,""
3796,"Lateral umbilical fold",10,structure,other,none,0,""
3797,"Lateral inguinal fossa",10,feature,,n/a,0,""
3798,"Pelvic peritoneal structures",10,structure,other,none,0,""
3799,"Transverse vesical fold",10,structure,other,none,0,""
3800,"Broad ligament of uterus ♀",10,structure,ligament / capsule,exact,1,"female:broad-ligament"
3801,"Mesometrium ♀",10,structure,other,none,0,""
3802,"Mesosalpinx ♀",10,structure,other,exact,2,"female:left-mesosalpinx female:right-mesosalpinx"
3803,"Mesovarium ♀",10,structure,other,exact,2,"female:right-mesovarium female:left-mesovarium"
3804,"Pelvic lateral wall triangle ♀",10,space,,n/a,0,""
3805,"Suspensory ligament of ovary ♀",10,structure,ligament / capsule,exact,2,"female:suspensory-ligament-of-right-ovary female:suspensory-ligament-of-left-ovary"
3806,"Rectouterine fold ♀",10,structure,other,none,0,""
3807,"Rectovesical fold ♂",10,structure,other,none,0,""
3808,"Visceral fascia of abdominopelvic cavity",10,space,,n/a,0,""
3809,"Abdominal visceral fascia",10,structure,skin / fascia / soft tissue,none,0,""
3810,"Fascia of abdominal organ",10,structure,skin / fascia / soft tissue,none,0,""
3811,"Pelvic visceral fascia",10,structure,skin / fascia / soft tissue,none,0,""
3812,"Fascia of pelvic organ",10,structure,skin / fascia / soft tissue,none,0,""
3813,"Extraperitoneal space",10,space,,n/a,0,""
3814,"Retroperitoneal space",10,space,,n/a,0,""
3815,"Pararenal fat body",10,structure,skin / fascia / soft tissue,none,0,""
3816,"Perirenal fat capsule",10,structure,ligament / capsule,none,0,""
3817,"Retroperitoneal fascia",10,structure,skin / fascia / soft tissue,none,0,""
3818,"Lateroconal fascia",10,structure,skin / fascia / soft tissue,none,0,""
3819,"Renal fascia",10,structure,viscus (thorax / abdomen / pelvis),none,0,""
3820,"Anterior layer of renal fascia",10,structure,viscus (thorax / abdomen / pelvis),none,0,""
3821,"Posterior layer of renal fascia",10,structure,viscus (thorax / abdomen / pelvis),none,0,""
3822,"Retropubic space",10,space,,n/a,0,""
3823,"Retroinguinal space",10,space,,n/a,0,""
3824,"Infraperitoneal space",10,space,,n/a,0,""
3825,"Pelvic extraperitoneal fascia",10,structure,skin / fascia / soft tissue,none,0,""
3826,"Medial puboprostatic ligament ♂",10,structure,ligament / capsule,none,0,""
3827,"Medial pubovesical ligament ♀",10,structure,ligament / capsule,none,0,""
3828,"Lateral puboprostatic ligament ♂",10,structure,ligament / capsule,none,0,""
3829,"Lateral pubovesical ligament ♀",10,structure,ligament / capsule,none,0,""
3830,"Lateral ligament of bladder",10,structure,ligament / capsule,none,0,""
3831,"Rectoprostatic fascia ♂",10,structure,skin / fascia / soft tissue,none,0,""
3832,"Rectovaginal fascia ♀",10,structure,skin / fascia / soft tissue,none,0,""
3833,"Lateral ligament of rectum",10,structure,ligament / capsule,none,0,""
3834,"Proper ovarian ligament ♀",10,structure,ligament / capsule,partial,2,"female:suspensory-ligament-of-right-ovary female:suspensory-ligament-of-left-ovary"
3835,"Round ligament of uterus ♀",10,structure,ligament / capsule,exact,2,"female:right-round-ligament-of-uterus female:left-round-ligament-of-uterus"
3836,"Parametrium ♀",10,structure,other,none,0,""
3837,"Paracervix ♀",10,structure,other,none,0,""
3838,"Pubocervical ligament ♀",10,structure,ligament / capsule,none,0,""
3839,"Cardinal ligament ♀",10,structure,ligament / capsule,exact,2,"female:cardinal-ligament female:cardinal-ligament-2"
3840,"Uterosacral ligament ♀",10,structure,ligament / capsule,exact,2,"female:right-uterosacral-ligament female:left-uterosacral-ligament"
3841,"Smooth muscles of infraperitoneal space",10,space,,n/a,0,""
3842,"Pubovesicalis muscle",10,structure,muscle / tendon,none,0,""
3843,"Rectovesicalis muscle",10,structure,muscle / tendon,none,0,""
3844,"Uterosacral muscle ♀",10,structure,muscle / tendon,partial,2,"female:right-uterosacral-ligament female:left-uterosacral-ligament"
3845,"Vesicoprostaticus muscle ♂",10,structure,muscle / tendon,none,0,""
3846,"Vesicovaginalis muscle ♀",10,structure,muscle / tendon,none,0,""
3847,"Rectococcygeus muscle",10,structure,muscle / tendon,none,0,""
3848,"Rectourethral muscles",10,structure,muscle / tendon,none,0,""
3849,"Rectoperinealis muscle",10,structure,muscle / tendon,none,0,""
3850,"Anoperinealis muscle",10,structure,muscle / tendon,none,0,""
3851,"Integrating systems",11,structure,other,none,0,""
3852,"Endocrine glands",11,structure,gland / endocrine,none,0,""
3853,"Hypophysis",11,structure,gland / endocrine,none,0,""
3854,"Pituitary gland",11,structure,gland / endocrine,exact,1,"male:pituitary-gland"
3855,"Adenohypophysis",11,structure,other,exact,1,"male:adenohypophysis"
3856,"Pars tuberalis of hypophysis",11,structure,gland / endocrine,none,0,""
3857,"Pars distalis of hypophysis",11,structure,gland / endocrine,none,0,""
3858,"Pars intermedia of hypophysis",11,structure,gland / endocrine,none,0,""
3859,"Neurohypophysis",11,structure,other,exact,1,"male:neurohypophysis"
3860,"Infundibular stalk",11,structure,other,none,0,""
3861,"Pars nervosa of hypophysis",11,structure,gland / endocrine,none,0,""
3862,"Pineal gland",11,structure,gland / endocrine,exact,1,"male:pineal-gland"
3863,"Thyroid gland",11,structure,gland / endocrine,exact,1,"male:thyroid-gland"
3864,"Lobe of thyroid gland",11,structure,gland / endocrine,none,0,""
3865,"Lobule of thyroid gland",11,structure,gland / endocrine,none,0,""
3866,"Isthmus of thyroid gland",11,structure,gland / endocrine,none,0,""
3867,"(Pyramidal lobe)",11,structure,other,none,0,""
3868,"Fibrous capsule of thyroid gland",11,structure,ligament / capsule,none,0,""
3869,"(Accessory thyroid gland)",11,structure,gland / endocrine,none,0,""
3870,"Parathyroid glands",11,structure,gland / endocrine,partial,4,"male:left-inferior-parathyroid-gland male:right-inferior-parathyroid-gland male:left-superior-parathyroid-gland male:right-superior-parathyroid-gland"
3871,"Superior parathyroid gland",11,structure,gland / endocrine,exact,2,"male:left-superior-parathyroid-gland male:right-superior-parathyroid-gland"
3872,"Inferior parathyroid gland",11,structure,gland / endocrine,exact,2,"male:left-inferior-parathyroid-gland male:right-inferior-parathyroid-gland"
3873,"(Accessory parathyroid gland)",11,structure,gland / endocrine,none,0,""
3874,"Suprarenal gland",11,structure,gland / endocrine,exact,2,"male:left-suprarenal-gland male:right-suprarenal-gland"
3875,"Anterior surface of suprarenal gland",11,feature,,n/a,0,""
3876,"Posterior surface of suprarenal gland",11,feature,,n/a,0,""
3877,"Renal surface of suprarenal gland",11,feature,,n/a,0,""
3878,"Superior border of suprarenal gland",11,feature,,n/a,0,""
3879,"Medial border of suprarenal gland",11,feature,,n/a,0,""
3880,"Fibrous capsule of suprarenal gland",11,structure,ligament / capsule,none,0,""
3881,"Cortex of suprarenal gland",11,structure,brain / spinal cord / meninges,none,0,""
3882,"Medulla of suprarenal gland",11,structure,brain / spinal cord / meninges,none,0,""
3883,"Hilum of suprarenal gland",11,feature,,n/a,0,""
3884,"(Accessory suprarenal gland)",11,structure,gland / endocrine,none,0,""
3885,"Paraganglia",11,structure,other,none,0,""
3886,"Carotid body",11,structure,other,none,0,""
3887,"Jugular body",11,structure,other,none,0,""
3888,"Aorticopulmonary paraganglia",11,structure,other,none,0,""
3889,"Paraaortic paraganglia",11,structure,other,none,0,""
3890,"(Coccygeal body)",11,structure,other,none,0,""
3891,"Cardiovascular system",12,structure,other,none,0,""
3892,"Blood",12,structure,other,none,0,""
3893,"Lymph",12,structure,lymphatic,partial,5,"female:lymph-vasculature female:capsule-of-lymph-node female:lymph-node-follicle female:medulla-of-lymph-node"
3894,"Vessels",12,abstract,,n/a,0,""
3895,"Blood vessels",12,structure,other,none,0,""
3896,"Arteries",12,structure,artery,none,0,""
3897,"Nutrient artery",12,structure,artery,none,0,""
3898,"Branch of artery",12,structure,artery,none,0,""
3899,"Communicating branch of artery",12,structure,artery,partial,2,"male:hypothalamic-branch-of-right-posterior-communicating-artery male:hypothalamic-branch-of-left-posterior-communicating-artery"
3900,"Arteriole",12,structure,artery,none,0,""
3901,"Capillary",12,structure,other,none,0,""
3902,"Sinusoid",12,structure,other,none,0,""
3903,"Venule",12,structure,vein / venous sinus,none,0,""
3904,"Veins",12,abstract,,n/a,0,""
3905,"Vena comitans",12,structure,vein / venous sinus,none,0,""
3906,"Cutaneous vein",12,structure,vein / venous sinus,none,0,""
3907,"Nutrient vein",12,structure,vein / venous sinus,none,0,""
3908,"Perforating vein",12,structure,vein / venous sinus,exact,5,"male:set-of-perforating-veins male:set-of-perforating-veins-2 male:set-of-perforating-veins-3 male:set-of-perforating-veins-4"
3909,"Deep vein",12,structure,vein / venous sinus,partial,3,"male:tributary-of-internal-pudendal-vein male:left-deep-femoral-vein male:right-deep-femoral-vein"
3910,"Superficial vein",12,structure,vein / venous sinus,partial,7,"male:left-superficial-epigastric-vein male:right-superficial-epigastric-vein male:tributary-of-superficial-external-pudendal-vein male:left-superficial-dorsal-vein-of-penis"
3911,"Sinus venosus",12,structure,other,none,0,""
3912,"Anastomotic vessel",12,structure,other,none,0,""
3913,"Arteriolovenular anastomosis",12,structure,other,none,0,""
3914,"Collateral vessel",12,structure,other,none,0,""
3915,"Lymphatic vessels",12,structure,lymphatic,partial,2,"female:afferent-lymphatic-vessel female:efferent-lymphatic-vessel"
3916,"Superficial lymph vessel",12,structure,lymphatic,none,0,""
3917,"Deep lymph vessel",12,structure,lymphatic,none,0,""
3918,"Lymphatic capillary",12,structure,lymphatic,none,0,""
3919,"Vessel",12,abstract,,n/a,0,""
3920,"Tunica externa of vessel",12,structure,other,none,0,""
3921,"Tunica media of vessel",12,structure,other,none,0,""
3922,"Tunica intima of vessel",12,structure,other,none,0,""
3923,"Venous valve",12,structure,vein / venous sinus,none,0,""
3924,"Lymphatic valve",12,structure,lymphatic,none,0,""
3925,"Vascular plexuses",12,structure,other,none,0,""
3926,"Venous plexus",12,structure,vein / venous sinus,partial,1,"male:basilar-venous-plexus"
3927,"Arterial plexus",12,structure,artery,none,0,""
3928,"Rete mirabile",12,structure,other,none,0,""
3929,"Articular vascular plexus",12,structure,nerve / plexus / ganglion,none,0,""
3930,"Lymphatic plexus",12,structure,lymphatic,none,0,""
3931,"Lymphatic rete",12,structure,lymphatic,none,0,""
3932,"HEART",12,structure,viscus (thorax / abdomen / pelvis),partial,4,"male:circumflex-artery-of-heart female:heart-left-ventricle female:heart-right-ventricle female:great-vein-of-heart"
3933,"Base of heart",12,feature,,n/a,0,""
3934,"Anterior surface of heart",12,feature,,n/a,0,""
3935,"Inferior surface of heart",12,feature,,n/a,0,""
3936,"Right surface of heart",12,feature,,n/a,0,""
3937,"Left surface of heart",12,feature,,n/a,0,""
3938,"Right border of heart",12,feature,,n/a,0,""
3939,"Inferior border of heart",12,feature,,n/a,0,""
3940,"Left border of heart",12,feature,,n/a,0,""
3941,"Apex of heart",12,feature,,n/a,0,""
3942,"Notch of cardiac apex",12,feature,,n/a,0,""
3943,"Anterior interventricular sulcus",12,feature,,n/a,0,""
3944,"Inferior interventricular sulcus",12,feature,,n/a,0,""
3945,"Coronary sulcus",12,feature,,n/a,0,""
3946,"Sulcus terminalis of heart",12,feature,,n/a,0,""
3947,"Epicardium",12,structure,other,none,0,""
3948,"Serosa of epicaridum",12,structure,other,none,0,""
3949,"Subserosa of epicardium",12,structure,other,none,0,""
3950,"Myocardium",12,structure,other,none,0,""
3951,"Vortex of heart",12,structure,viscus (thorax / abdomen / pelvis),none,0,""
3952,"Conducting system of heart",12,structure,viscus (thorax / abdomen / pelvis),none,0,""
3953,"Sinuatrial node",12,structure,other,none,0,""
3954,"Atrioventricular node",12,structure,other,none,0,""
3955,"Atrioventricular bundle",12,structure,other,none,0,""
3956,"Right bundle branch",12,structure,other,none,0,""
3957,"Left bundle branch",12,structure,other,none,0,""
3958,"Left anterior branch of atrioventricular bundle",12,structure,other,none,0,""
3959,"Left intermediate branch of atrioventricular bundle",12,structure,other,none,0,""
3960,"Left posterior branch of atrioventricular bundle",12,structure,other,none,0,""
3961,"Subendocardial branches",12,structure,other,none,0,""
3962,"Endocardium",12,structure,other,none,0,""
3963,"CARDIAC SEPTA",12,structure,other,none,0,""
3964,"Interatrial septum",12,structure,other,none,0,""
3965,"Fossa ovalis of right atrium",12,feature,,n/a,0,""
3966,"Limbus fossae ovalis",12,structure,other,none,0,""
3967,"(Foramen ovale of heart)",12,feature,,n/a,0,""
3968,"Valve of foramen ovale",12,feature,,n/a,0,""
3969,"Atrioventricular septum",12,structure,other,none,0,""
3970,"Interventricular septum",12,structure,other,exact,1,"female:interventricular-septum"
3971,"Muscular part of interventricular septum",12,structure,muscle / tendon,none,0,""
3972,"Membranous part of interventricular septum",12,structure,other,none,0,""
3973,"VALVULAR COMPLEX OF HEART",12,heading,,n/a,0,""
3974,"Fibrous skeleton of heart",12,structure,viscus (thorax / abdomen / pelvis),none,0,""
3975,"Right fibrous ring",12,structure,other,none,0,""
3976,"Left fibrous ring",12,structure,other,none,0,""
3977,"Left fibrous trigone",12,structure,other,none,0,""
3978,"Central fibrous body of heart",12,feature,,n/a,0,""
3979,"Right fibrous trigone",12,structure,other,none,0,""
3980,"Inferior pyramidal space",12,space,,n/a,0,""
3981,"Tendon of inferior pyramidal space",12,space,,n/a,0,""
3982,"Right atrioventricular valve",12,structure,viscus (thorax / abdomen / pelvis),exact,1,"female:tricuspid-valve"
3983,"Right atrioventricular orifice",12,structure,other,none,0,""
3984,"Superior leaflet of right atrioventricular valve",12,structure,viscus (thorax / abdomen / pelvis),none,0,""
3985,"Inferior leaflet of right atrioventricular valve",12,structure,viscus (thorax / abdomen / pelvis),exact,1,"male:inferior-leaflet-of-right-atrioventricular-valve"
3986,"Septal leaflet of right atrioventricular valve",12,structure,viscus (thorax / abdomen / pelvis),exact,1,"male:septal-leaflet-of-right-atrioventricular-valve"
3987,"Left atrioventricular valve",12,structure,viscus (thorax / abdomen / pelvis),exact,1,"female:mitral-valve"
3988,"Left atrioventricular orifice",12,structure,other,none,0,""
3989,"Anterior leaflet of left atrioventricular valve",12,structure,viscus (thorax / abdomen / pelvis),none,0,""
3990,"Posterior leaflet of left atrioventricular valve",12,structure,viscus (thorax / abdomen / pelvis),exact,1,"male:posterior-leaflet-of-left-atrioventricular-valve"
3991,"Commissural leaflets",12,structure,other,none,0,""
3992,"Root of aorta",12,feature,,n/a,0,""
3993,"Aortic valve",12,structure,artery,exact,1,"female:aortic-valve"
3994,"Aortic orifice",12,structure,artery,none,0,""
3995,"Right coronary leaflet",12,structure,other,exact,2,"male:left-coronary-leaflet male:right-coronary-leaflet"
3996,"Left coronary leaflet",12,structure,other,exact,2,"male:left-coronary-leaflet male:right-coronary-leaflet"
3997,"Noncoronary leaflet",12,structure,other,exact,1,"male:non-coronary-leaflet"
3998,"Nodules of semilunar leaflets of aortic valve",12,structure,artery,none,0,""
3999,"Lunules of semilunar leaflets of aortic valve",12,structure,artery,none,0,""
4000,"Commissures of semilunar leaflets of aortic valve",12,structure,artery,none,0,""
4001,"Aortic sinuses",12,structure,artery,none,0,""
4002,"Right coronary aortic sinus",12,structure,artery,none,0,""
4003,"Left coronary aortic sinus",12,structure,artery,none,0,""
4004,"Noncoronary aortic sinus",12,structure,artery,none,0,""
4005,"Interleaflet triangles of aortic valve",12,structure,artery,none,0,""
4006,"Supravalvular ridge of aorta",12,feature,,n/a,0,""
4007,"Root of pulmonary trunk",12,feature,,n/a,0,""
4008,"Pulmonary valve",12,structure,viscus (thorax / abdomen / pelvis),exact,1,"female:pulmonary-valve"
4009,"Opening of pulmonary trunk",12,structure,other,none,0,""
4010,"Right semilunar leaflet of pulmonary valve",12,structure,viscus (thorax / abdomen / pelvis),exact,2,"male:left-semilunar-leaflet-of-pulmonary-valve male:right-semilunar-leaflet-of-pulmonary-valve"
4011,"Left semilunar leaflet of pulmonary valve",12,structure,viscus (thorax / abdomen / pelvis),exact,2,"male:left-semilunar-leaflet-of-pulmonary-valve male:right-semilunar-leaflet-of-pulmonary-valve"
4012,"Anterior semilunar leaflet of pulmonary valve",12,structure,viscus (thorax / abdomen / pelvis),exact,1,"male:anterior-semilunar-leaflet-of-pulmonary-valve"
4013,"Nodules of semilunar leaflets of pulmonary valve",12,structure,viscus (thorax / abdomen / pelvis),none,0,""
4014,"Lunules of semilunar leaflets of pulmonary valve",12,structure,viscus (thorax / abdomen / pelvis),none,0,""
4015,"Commissures of semilunar leaflets of pulmonary valve",12,structure,viscus (thorax / abdomen / pelvis),none,0,""
4016,"Sinuses of pulmonary trunk",12,structure,other,none,0,""
4017,"Right sinus of pulmonary trunk",12,structure,other,none,0,""
4018,"Left sinus of pulmonary trunk",12,structure,other,none,0,""
4019,"Anterior sinus of pulmonary trunk",12,structure,other,none,0,""
4020,"Interleaflet triangles of pulmonary trunk",12,structure,other,none,0,""
4021,"Supravalvular ridge of pulmonary trunk",12,feature,,n/a,0,""
4022,"RIGHT ATRIUM",12,structure,viscus (thorax / abdomen / pelvis),partial,9,"male:cavity-of-right-atrium male:cavity-of-left-atrium male:wall-of-left-atrium male:wall-of-right-atrium"
4023,"Right auricle of heart",12,structure,viscus (thorax / abdomen / pelvis),none,0,""
4024,"Pectinate muscles of right atrium",12,structure,muscle / tendon,none,0,""
4025,"Crista terminalis",12,structure,other,none,0,""
4026,"Smooth part of right atrium",12,structure,viscus (thorax / abdomen / pelvis),none,0,""
4027,"Sinus of venae cavae",12,structure,other,none,0,""
4028,"Opening of superior vena cava",12,structure,vein / venous sinus,none,0,""
4029,"Opening of coronary sinus",12,structure,other,none,0,""
4030,"Valve of coronary sinus",12,structure,viscus (thorax / abdomen / pelvis),none,0,""
4031,"Opening of inferior vena cava",12,structure,vein / venous sinus,none,0,""
4032,"Valve of inferior vena cava",12,structure,vein / venous sinus,none,0,""
4033,"Body of right atrium",12,feature,,n/a,0,""
4034,"Vestibule of right atrioventricular valve",12,space,,n/a,0,""
4035,"Triangle of atrioventricular node",12,space,,n/a,0,""
4036,"Openings of smallest cardiac veins",12,structure,vein / venous sinus,none,0,""
4037,"Cavotricuspid isthmus",12,structure,other,none,0,""
4038,"RIGHT VENTRICLE",12,structure,viscus (thorax / abdomen / pelvis),partial,48,"male:cavity-of-left-ventricle male:cavity-of-right-ventricle male:anterolateral-head-of-lateral-papillary-muscle-of-left-ventricle male:anterior-papillary-muscle-of-right-ventricle"
4039,"Inlet of right ventricle",12,structure,viscus (thorax / abdomen / pelvis),none,0,""
4040,"Supraventricular crest",12,feature,,n/a,0,""
4041,"Conus arteriosus",12,structure,other,none,0,""
4042,"Trabecular part of right ventricle",12,structure,viscus (thorax / abdomen / pelvis),none,0,""
4043,"Papillary muscles of right ventricle",12,structure,muscle / tendon,partial,12,"male:anterolateral-head-of-lateral-papillary-muscle-of-left-ventricle male:anterior-papillary-muscle-of-right-ventricle male:lateral-papillary-muscle-of-left-ventricle male:posterior-papillary-muscle-of-right-ventricle"
4044,"Anterior papillary muscle",12,structure,muscle / tendon,exact,2,"male:anterior-papillary-muscle-of-right-ventricle female:anterior-papillary-muscle-of-left-ventricle"
4045,"Inferior papillary muscle of right ventricle",12,structure,muscle / tendon,exact,2,"male:inferior-papillary-muscle-of-left-ventricle male:inferior-papillary-muscle-of-right-ventricle"
4046,"Septal papillary muscle of right ventricle",12,structure,muscle / tendon,exact,2,"male:septal-papillary-muscle-of-right-ventricle female:f-septal-papillary-muscle-of-right-ventricle"
4047,"Chordae tendinae of right atrioventricular valve",12,structure,viscus (thorax / abdomen / pelvis),none,0,""
4048,"Chordae tendinae spuriae of right ventricle",12,structure,viscus (thorax / abdomen / pelvis),none,0,""
4049,"Trabeculae carneae of right ventricle",12,structure,viscus (thorax / abdomen / pelvis),none,0,""
4050,"Septomarginal trabecula",12,structure,other,none,0,""
4051,"Parietal limb of septomarginal trabecula",12,structure,other,none,0,""
4052,"Anterior limb of septomarginal trabecula",12,structure,other,none,0,""
4053,"Coarse apical trabeculations",12,structure,other,none,0,""
4054,"LEFT ATRIUM",12,structure,viscus (thorax / abdomen / pelvis),partial,9,"male:cavity-of-right-atrium male:cavity-of-left-atrium male:wall-of-left-atrium male:wall-of-right-atrium"
4055,"Left auricle of heart",12,structure,viscus (thorax / abdomen / pelvis),none,0,""
4056,"Pectinate muscles of left atrium",12,structure,muscle / tendon,none,0,""
4057,"Smooth part of left atrium",12,structure,viscus (thorax / abdomen / pelvis),none,0,""
4058,"Sinus of pulmonary veins",12,structure,vein / venous sinus,none,0,""
4059,"Openings of pulmonary veins",12,structure,vein / venous sinus,none,0,""
4060,"Body of left atrium",12,feature,,n/a,0,""
4061,"Vestibule of left atrioventricular valve",12,space,,n/a,0,""
4062,"LEFT VENTRICLE",12,structure,viscus (thorax / abdomen / pelvis),partial,48,"male:cavity-of-left-ventricle male:cavity-of-right-ventricle male:anterolateral-head-of-lateral-papillary-muscle-of-left-ventricle male:anterior-papillary-muscle-of-right-ventricle"
4063,"Inlet of left ventricle",12,structure,viscus (thorax / abdomen / pelvis),none,0,""
4064,"Aortic vestibule",12,structure,artery,none,0,""
4065,"Trabecular part of left ventricle",12,structure,viscus (thorax / abdomen / pelvis),none,0,""
4066,"Papillary muscles of left ventricle",12,structure,muscle / tendon,partial,12,"male:anterolateral-head-of-lateral-papillary-muscle-of-left-ventricle male:anterior-papillary-muscle-of-right-ventricle male:lateral-papillary-muscle-of-left-ventricle male:posterior-papillary-muscle-of-right-ventricle"
4067,"Superior papillary muscle of left ventricle",12,structure,muscle / tendon,exact,2,"male:anterior-papillary-muscle-of-right-ventricle female:anterior-papillary-muscle-of-left-ventricle"
4068,"Inferior papillary muscle of left ventricle",12,structure,muscle / tendon,exact,2,"male:inferior-papillary-muscle-of-left-ventricle male:inferior-papillary-muscle-of-right-ventricle"
4069,"Chordae tendinae of left atrioventricular valve",12,structure,viscus (thorax / abdomen / pelvis),none,0,""
4070,"Chordae tendinae spuriae of left ventricle",12,structure,viscus (thorax / abdomen / pelvis),none,0,""
4071,"Trabeculae carneae of left ventricle",12,structure,viscus (thorax / abdomen / pelvis),none,0,""
4072,"Fine apical trabeculations",12,structure,other,none,0,""
4073,"PULMONARY VESSELS",12,heading,,n/a,0,""
4074,"Pulmonary arteries",12,structure,artery,exact,4,"male:left-pulmonary-artery male:right-pulmonary-artery female:f-left-pulmonary-artery female:f-right-pulmonary-artery"
4075,"Pulmonary trunk",12,structure,other,exact,2,"male:pulmonary-arterial-trunk female:pulmonary-trunk"
4076,"Bifurcation of pulmonary trunk",12,structure,other,exact,1,"male:bifurcation-of-pulmonary-trunk"
4077,"Right pulmonary artery",12,structure,artery,exact,4,"male:left-pulmonary-artery male:right-pulmonary-artery female:f-left-pulmonary-artery female:f-right-pulmonary-artery"
4078,"Superior lobar artery of right lung",12,structure,artery,exact,1,"male:superior-lobar-artery-of-right-lung"
4079,"Apical segmental artery of right lung",12,structure,artery,exact,2,"male:apical-segmental-artery-of-left-lung male:apical-segmental-artery-of-right-lung"
4080,"Anterior segmental artery of right lung",12,structure,artery,exact,2,"male:anterior-segmental-artery-of-left-lung male:anterior-segmental-artery-of-right-lung"
4081,"Posterior segmental artery of right lung",12,structure,artery,exact,2,"male:posterior-segmental-artery-of-left-lung male:posterior-segmental-artery-of-right-lung"
4082,"Middle lobar artery of right lung",12,structure,artery,exact,1,"male:middle-lobar-artery-of-right-lung"
4083,"Medial segmental artery of right lung",12,structure,artery,exact,1,"male:medial-segmental-artery-of-right-lung"
4084,"Lateral segmental artery of right lung",12,structure,artery,exact,1,"male:lateral-segmental-artery-of-right-lung"
4085,"Inferior lobar artery of right lung",12,structure,artery,exact,1,"male:inferior-lobar-artery-of-right-lung"
4086,"Superior segmental artery of right lung",12,structure,artery,exact,2,"male:superior-segmental-artery-of-left-lung male:superior-segmental-artery-of-right-lung"
4087,"Anterior basal segmental artery of right lung",12,structure,artery,exact,2,"male:anterior-basal-segmental-artery-of-left-lung male:anterior-basal-segmental-artery-of-right-lung"
4088,"Lateral basal segmental artery of right lung",12,structure,artery,exact,2,"male:lateral-basal-segmental-artery-of-left-lung male:lateral-basal-segmental-artery-of-right-lung"
4089,"Medial basal segmental artery of right lung",12,structure,artery,exact,2,"male:medial-basal-segmental-artery-of-left-lung male:medial-basal-segmental-artery-of-right-lung"
4090,"Posterior basal segmental artery of right lung",12,structure,artery,exact,2,"male:posterior-basal-segmental-artery-of-left-lung male:posterior-basal-segmental-artery-of-right-lung"
4091,"Left pulmonary artery",12,structure,artery,exact,4,"male:left-pulmonary-artery male:right-pulmonary-artery female:f-left-pulmonary-artery female:f-right-pulmonary-artery"
4092,"Ligamentum arteriosum",12,structure,other,partial,1,"male:node-of-ligamentum-arteriosum"
4093,"(Ductus arteriosus)",12,structure,other,none,0,""
4094,"Superior lobar artery of left lung",12,structure,artery,exact,1,"male:superior-lobar-artery-of-right-lung"
4095,"Apical segmental artery of left lung",12,structure,artery,exact,2,"male:apical-segmental-artery-of-left-lung male:apical-segmental-artery-of-right-lung"
4096,"Anterior segmental artery of left lung",12,structure,artery,exact,2,"male:anterior-segmental-artery-of-left-lung male:anterior-segmental-artery-of-right-lung"
4097,"Posterior segmental artery of left lung",12,structure,artery,exact,2,"male:posterior-segmental-artery-of-left-lung male:posterior-segmental-artery-of-right-lung"
4098,"Lingular artery of left lung",12,structure,artery,partial,2,"male:inferior-lingular-artery-of-left-lung male:superior-lingular-artery-of-left-lung"
4099,"Inferior lingular artery of left lung",12,structure,artery,exact,1,"male:inferior-lingular-artery-of-left-lung"
4100,"Superior lingular artery of left lung",12,structure,artery,exact,1,"male:superior-lingular-artery-of-left-lung"
4101,"Inferior lobar artery of left lung",12,structure,artery,exact,1,"male:inferior-lobar-artery-of-right-lung"
4102,"Superior segmental artery of left lung",12,structure,artery,exact,2,"male:superior-segmental-artery-of-left-lung male:superior-segmental-artery-of-right-lung"
4103,"Anterior basal segmental artery of left lung",12,structure,artery,exact,2,"male:anterior-basal-segmental-artery-of-left-lung male:anterior-basal-segmental-artery-of-right-lung"
4104,"Lateral basal segmental artery of left lung",12,structure,artery,exact,2,"male:lateral-basal-segmental-artery-of-left-lung male:lateral-basal-segmental-artery-of-right-lung"
4105,"Medial basal segmental artery of left lung",12,structure,artery,exact,2,"male:medial-basal-segmental-artery-of-left-lung male:medial-basal-segmental-artery-of-right-lung"
4106,"Posterior basal segmental artery of left lung",12,structure,artery,exact,2,"male:posterior-basal-segmental-artery-of-left-lung male:posterior-basal-segmental-artery-of-right-lung"
4107,"Pulmonary veins",12,structure,vein / venous sinus,partial,11,"male:left-superior-pulmonary-vein male:left-superior-pulmonary-vein-2 male:left-inferior-pulmonary-vein male:left-inferior-pulmonary-vein-2"
4108,"Right superior pulmonary vein",12,structure,vein / venous sinus,exact,5,"male:left-superior-pulmonary-vein male:left-superior-pulmonary-vein-2 male:right-superior-pulmonary-vein female:f-left-superior-pulmonary-vein"
4109,"Apical vein of right lung",12,structure,vein / venous sinus,exact,1,"male:apical-vein-of-right-lung"
4110,"Anterior vein of right lung",12,structure,vein / venous sinus,exact,2,"male:anterior-vein-of-left-lung male:anterior-vein-of-right-lung"
4111,"Posterior vein of right lung",12,structure,vein / venous sinus,exact,1,"male:posterior-vein-of-right-lung"
4112,"Middle lobar vein of right lung",12,structure,vein / venous sinus,none,0,""
4113,"Lateral vein of right lung",12,structure,vein / venous sinus,exact,1,"male:lateral-vein-of-right-lung"
4114,"Medial vein of right lung",12,structure,vein / venous sinus,exact,1,"male:medial-vein-of-right-lung"
4115,"Right inferior pulmonary vein",12,structure,vein / venous sinus,exact,6,"male:left-inferior-pulmonary-vein male:left-inferior-pulmonary-vein-2 male:left-inferior-pulmonary-vein-3 male:right-inferior-pulmonary-vein"
4116,"Superior vein of right lung",12,structure,vein / venous sinus,exact,2,"male:superior-vein-of-left-lung male:superior-vein-of-right-lung"
4117,"Superior basal vein of right lung",12,structure,vein / venous sinus,exact,2,"male:superior-basal-vein-of-left-lung male:superior-basal-vein-of-right-lung"
4118,"Inferior basal vein of right lung",12,structure,vein / venous sinus,exact,2,"male:inferior-basal-vein-of-left-lung male:inferior-basal-vein-of-right-lung"
4119,"Left superior pulmonary vein",12,structure,vein / venous sinus,exact,5,"male:left-superior-pulmonary-vein male:left-superior-pulmonary-vein-2 male:right-superior-pulmonary-vein female:f-left-superior-pulmonary-vein"
4120,"Apicoposterior vein of left lung",12,structure,vein / venous sinus,exact,1,"male:apicoposterior-vein-of-left-lung"
4121,"Anterior vein of left lung",12,structure,vein / venous sinus,exact,2,"male:anterior-vein-of-left-lung male:anterior-vein-of-right-lung"
4122,"Lingular vein of left lung",12,structure,vein / venous sinus,exact,1,"male:lingular-vein-of-left-lung"
4123,"Superior lingular vein of left lung",12,structure,vein / venous sinus,exact,1,"male:superior-lingular-vein-of-left-lung"
4124,"Inferior lingular vein of left lung",12,structure,vein / venous sinus,exact,1,"male:inferior-lingular-vein-of-left-lung"
4125,"Left inferior pulmonary vein",12,structure,vein / venous sinus,exact,6,"male:left-inferior-pulmonary-vein male:left-inferior-pulmonary-vein-2 male:left-inferior-pulmonary-vein-3 male:right-inferior-pulmonary-vein"
4126,"Superior vein of left lung",12,structure,vein / venous sinus,exact,2,"male:superior-vein-of-left-lung male:superior-vein-of-right-lung"
4127,"Superior basal vein of left lung",12,structure,vein / venous sinus,exact,2,"male:superior-basal-vein-of-left-lung male:superior-basal-vein-of-right-lung"
4128,"Inferior basal vein of left lung",12,structure,vein / venous sinus,exact,2,"male:inferior-basal-vein-of-left-lung male:inferior-basal-vein-of-right-lung"
4129,"CARDIAC VESSELS",12,heading,,n/a,0,""
4130,"Cardiac arteries",12,structure,artery,partial,1,"male:circumflex-artery-of-heart"
4131,"Right coronary artery",12,structure,artery,exact,2,"female:left-coronary-artery female:right-coronary-artery"
4132,"Conal branch of right coronary artery",12,structure,artery,partial,2,"male:conus-branch-of-anterior-interventricular-branch-of-left-coronary-artery male:conus-branch-of-anterior-interventricular-branch-of-left-coronary-artery-2"
4133,"Sinuatrial nodal branch of right coronary artery",12,structure,artery,none,0,""
4134,"Atrial branches of right coronary artery",12,structure,artery,none,0,""
4135,"Intermediate atrial branch of right coronary artery",12,structure,artery,none,0,""
4136,"Anterior ventricular branches of right coronary artery",12,structure,artery,partial,3,"male:first-anterior-ventricular-branch-of-right-coronary-artery male:first-anterior-ventricular-branch-of-right-coronary-artery-2 male:first-anterior-ventricular-branch-of-right-coronary-artery-3"
4137,"Right marginal branch of right coronary artery",12,structure,artery,exact,6,"male:marginal-branch-of-right-coronary-artery male:marginal-branch-of-right-coronary-artery-2 male:marginal-branch-of-right-coronary-artery-3 male:marginal-branch-of-right-coronary-artery-4"
4138,"Inferior interventricular artery",12,structure,artery,exact,9,"male:posterior-interventricular-branch-of-right-coronary-artery male:posterior-interventricular-branch-of-right-coronary-artery-2 male:posterior-interventricular-branch-of-right-coronary-artery-3 male:posterior-interventricular-branch-of-right-coronary-artery-4"
4139,"Interventricular septal branches of inferior interventricular artery",12,structure,artery,none,0,""
4140,"Atrioventricular nodal branch of right coronary artery",12,structure,artery,none,0,""
4141,"(Right inferolateral branch of right coronary artery)",12,structure,artery,exact,1,"male:right-inferolateral-branch-of-right-coronary-artery"
4142,"Left coronary artery",12,structure,artery,exact,2,"female:left-coronary-artery female:right-coronary-artery"
4143,"Anterior interventricular artery",12,structure,artery,exact,1,"male:anterior-interventricular-artery"
4144,"Conal branch of anterior interventricular artery",12,structure,artery,none,0,""
4145,"Anterior ventricular branches of anterior interventricular artery",12,structure,artery,partial,3,"male:first-anterior-ventricular-branch-of-right-coronary-artery male:first-anterior-ventricular-branch-of-right-coronary-artery-2 male:first-anterior-ventricular-branch-of-right-coronary-artery-3"
4146,"Diagonal branch of anterior interventricular artery",12,structure,artery,none,0,""
4147,"Interventricular septal branches of anterior interventricular artery",12,structure,artery,exact,3,"male:septal-branch-of-anterior-interventricular-artery male:septal-branch-of-anterior-interventricular-artery-2 male:septal-branch-of-anterior-interventricular-artery-3"
4148,"Circumflex artery of heart",12,structure,artery,exact,1,"male:circumflex-artery-of-heart"
4149,"Atrial branches of circumflex artery of heart",12,structure,artery,none,0,""
4150,"Atrial anastomotic branch of circumflex artery of heart",12,structure,artery,none,0,""
4151,"Intermediate atrial branch of circumflex artery of heart",12,structure,artery,none,0,""
4152,"Left marginal branch of circumflex artery of heart",12,structure,artery,exact,6,"male:marginal-branch-of-right-coronary-artery male:marginal-branch-of-right-coronary-artery-2 male:marginal-branch-of-right-coronary-artery-3 male:marginal-branch-of-right-coronary-artery-4"
4153,"Inferior left ventricular branch of circumflex artery of heart",12,structure,artery,partial,10,"male:first-posterior-ventricular-branch-of-right-coronary-artery male:first-posterior-ventricular-branch-of-right-coronary-artery-2 male:first-posterior-ventricular-branch-of-right-coronary-artery-3 male:first-posterior-ventricular-branch-of-right-coronary-artery-4"
4154,"(Sinuatrial nodal branch of circumflex artery of heart)",12,structure,artery,none,0,""
4155,"(Atrioventricular nodal branch of circumflex artery of heart)",12,structure,artery,none,0,""
4156,"(Inferior interventricular branch of circumflex artery of heart)",12,structure,artery,none,0,""
4157,"Cardiac veins",12,structure,vein / venous sinus,partial,22,"male:great-cardiac-vein male:middle-cardiac-vein male:middle-cardiac-vein-2 male:middle-cardiac-vein-3"
4158,"Coronary sinus",12,structure,other,exact,2,"male:coronary-sinus female:f-coronary-sinus"
4159,"Great cardiac vein",12,structure,vein / venous sinus,exact,1,"male:great-cardiac-vein"
4160,"Anterior interventricular vein",12,structure,vein / venous sinus,exact,9,"male:anterior-interventricular-vein male:anterior-interventricular-vein-2 male:anterior-interventricular-vein-3 male:anterior-interventricular-vein-4"
4161,"Left marginal vein of heart",12,structure,vein / venous sinus,none,0,""
4162,"Inferior vein of left ventricle",12,structure,vein / venous sinus,exact,1,"male:inferior-vein-of-left-ventricle"
4163,"Oblique vein of left atrium",12,structure,vein / venous sinus,exact,1,"female:oblique-vein-of-left-atrium"
4164,"Ligament of left superior vena cava",12,structure,vein / venous sinus,none,0,""
4165,"Middle cardiac vein",12,structure,vein / venous sinus,exact,15,"male:middle-cardiac-vein male:middle-cardiac-vein-2 male:middle-cardiac-vein-3 male:middle-cardiac-vein-4"
4166,"Small cardiac vein",12,structure,vein / venous sinus,exact,3,"male:small-cardiac-vein male:small-cardiac-vein-2 female:f-small-cardiac-vein"
4167,"Right marginal vein of heart",12,structure,vein / venous sinus,none,0,""
4168,"Anterior cardiac veins",12,structure,vein / venous sinus,exact,3,"male:anterior-cardiac-vein male:anterior-cardiac-vein-2 female:f-anterior-cardiac-vein"
4169,"Smallest cardiac veins",12,structure,vein / venous sinus,none,0,""
4170,"Smallest right atrial veins",12,structure,vein / venous sinus,none,0,""
4171,"Smallest right ventricular veins",12,structure,vein / venous sinus,none,0,""
4172,"(Smallest left atrial veins)",12,structure,vein / venous sinus,none,0,""
4173,"(Smallest left ventricular veins)",12,structure,vein / venous sinus,none,0,""
4174,"SYSTEMIC ARTERIES",12,heading,,n/a,0,""
4175,"Aorta",12,structure,artery,partial,12,"male:descending-thoracic-aorta male:abdominal-aorta male:aorta male:ascending-aorta"
4176,"ASCENDING AORTA",12,structure,artery,exact,2,"male:ascending-aorta female:f-ascending-aorta"
4177,"AORTIC ARCH",12,structure,artery,exact,1,"male:aortic-arch"
4178,"(Aortic isthmus)",12,structure,artery,none,0,""
4179,"Brachiocephalic trunk",12,structure,other,exact,1,"male:brachiocephalic-trunk"
4180,"(Thyroidea ima artery)",12,structure,artery,none,0,""
4181,"Right common carotid artery",12,structure,artery,exact,2,"male:left-common-carotid-artery male:right-common-carotid-artery"
4182,"Right subclavian artery",12,structure,artery,exact,4,"male:left-subclavian-artery male:right-subclavian-artery female:f-left-subclavian-artery female:f-left-subclavian-artery-2"
4183,"Left common carotid artery",12,structure,artery,exact,2,"male:left-common-carotid-artery male:right-common-carotid-artery"
4184,"Left subclavian artery",12,structure,artery,exact,4,"male:left-subclavian-artery male:right-subclavian-artery female:f-left-subclavian-artery female:f-left-subclavian-artery-2"
4185,"DESCENDING AORTA",12,structure,artery,exact,3,"male:descending-aorta female:f-descending-aorta female:f-descending-aorta-2"
4186,"Thoracic aorta",12,structure,artery,exact,1,"male:thoracic-aorta"
4187,"Bronchial branches of aorta",12,structure,artery,partial,1,"male:bronchial-branch-of-arch-of-aorta"
4188,"Esophageal branches of aorta",12,structure,artery,partial,1,"male:set-of-oesophageal-branches-of-thoracic-aorta"
4189,"Pericardial branches of aorta",12,structure,artery,none,0,""
4190,"Mediastinal branches of aorta",12,structure,artery,none,0,""
4191,"Posterior intercostal arteries",12,structure,artery,exact,2,"male:posterior-intercostal-arteries male:posterior-intercostal-arteries-2"
4192,"Posterior intercostal artery",12,structure,artery,exact,2,"male:posterior-intercostal-arteries male:posterior-intercostal-arteries-2"
4193,"Dorsal branch of posterior intercostal artery",12,structure,artery,none,0,""
4194,"Medial dorsal cutaneous branch of posterior intercostal artery",12,structure,artery,none,0,""
4195,"Lateral dorsal cutaneous branch of posterior intercostal artery",12,structure,artery,none,0,""
4196,"Spinal branch of posterior intercostal artery",12,structure,artery,none,0,""
4197,"Collateral branch of posterior intercostal artery",12,structure,artery,none,0,""
4198,"Lateral cutaneous branch of posterior intercostal artery",12,structure,artery,none,0,""
4199,"Lateral mammary branches of posterior intercostal artery",12,structure,artery,none,0,""
4200,"(Aberrant artery)",12,structure,artery,none,0,""
4201,"Superior phrenic arteries",12,structure,artery,exact,1,"male:superior-phrenic-arteries"
4202,"Subcostal artery",12,structure,artery,exact,2,"male:right-subcostal-artery male:left-subcostal-artery"
4203,"Dorsal branch of subcostal artery",12,structure,artery,none,0,""
4204,"Spinal branch of subcostal artery",12,structure,artery,none,0,""
4205,"Abdominal aorta",12,structure,artery,exact,1,"male:abdominal-aorta"
4206,"Inferior phrenic artery",12,structure,artery,exact,15,"male:left-inferior-phrenic-artery male:left-inferior-phrenic-artery-2 male:left-inferior-phrenic-artery-3 male:left-inferior-phrenic-artery-4"
4207,"Superior suprarenal arteries",12,structure,artery,none,0,""
4208,"Lumbar arteries",12,structure,artery,exact,2,"male:lumbar-artery male:lumbar-artery-2"
4209,"Dorsal branch of lumbar artery",12,structure,artery,none,0,""
4210,"Spinal branch of lumbar artery",12,structure,artery,none,0,""
4211,"Celiac trunk",12,structure,other,exact,2,"male:celiac-trunk female:f-celiac-trunk"
4212,"Left gastric artery",12,structure,artery,exact,2,"male:left-gastric-artery male:right-gastric-artery"
4213,"Esophageal branches of left gastric artery",12,structure,artery,none,0,""
4214,"Common hepatic artery",12,structure,artery,exact,2,"male:common-hepatic-artery female:f-common-hepatic-artery"
4215,"Gastroduodenal artery",12,structure,artery,partial,1,"male:trunk-of-gastroduodenal-artery"
4216,"(Supraduodenal artery)",12,structure,artery,none,0,""
4217,"Posterior superior pancreaticoduodenal artery",12,structure,artery,exact,1,"male:posterior-superior-pancreaticoduodenal-artery"
4218,"Pancreatic branches of posterior superior pancreaticoduodenal artery",12,structure,artery,none,0,""
4219,"Duodenal branches of posterior superior pancreaticoduodenal artery",12,structure,artery,none,0,""
4220,"Retroduodenal arteries",12,structure,artery,none,0,""
4221,"Right gastroomental artery",12,structure,artery,exact,2,"male:left-gastro-epiploic-artery male:right-gastro-epiploic-artery"
4222,"Gastric branches of right gastroomental artery",12,structure,artery,none,0,""
4223,"Omental branches of right gastroomental artery",12,structure,artery,none,0,""
4224,"Anterior superior pancreaticoduodenal artery",12,structure,artery,exact,1,"male:anterior-superior-pancreaticoduodenal-artery"
4225,"Pancreatic branches of anterior superior pancreaticoduodenal artery",12,structure,artery,none,0,""
4226,"Duodenal branches of anterior superior pancreaticoduodenal artery",12,structure,artery,none,0,""
4227,"Proper hepatic artery",12,structure,artery,exact,2,"male:hepatic-artery-proper female:f-hepatic-artery-proper"
4228,"Right gastric artery",12,structure,artery,exact,2,"male:left-gastric-artery male:right-gastric-artery"
4229,"Right hepatic artery",12,structure,artery,exact,2,"female:right-hepatic-artery female:left-hepatic-artery"
4230,"Cystic artery",12,structure,artery,exact,1,"female:cystic-artery"
4231,"Right artery of caudate lobe",12,structure,artery,partial,3,"male:caudate-lobe-branch-of-right-hepatic-artery male:caudate-lobe-branch-of-right-hepatic-artery-2 male:caudate-lobe-branch-of-left-hepatic-artery"
4232,"Anterior segmental artery of liver",12,structure,artery,none,0,""
4233,"Posterior segmental artery of liver",12,structure,artery,none,0,""
4234,"Left hepatic artery",12,structure,artery,exact,2,"female:right-hepatic-artery female:left-hepatic-artery"
4235,"Left artery of caudate lobe",12,structure,artery,partial,3,"male:caudate-lobe-branch-of-right-hepatic-artery male:caudate-lobe-branch-of-right-hepatic-artery-2 male:caudate-lobe-branch-of-left-hepatic-artery"
4236,"Medial segmental artery of liver",12,structure,artery,none,0,""
4237,"Lateral segmental artery of liver",12,structure,artery,none,0,""
4238,"Intermediate branch of left hepatic artery",12,structure,artery,none,0,""
4239,"Splenic artery",12,structure,artery,exact,5,"male:splenic-artery male:splenic-artery-2 male:splenic-artery-3 male:splenic-artery-4"
4240,"Pancreatic branches of splenic artery",12,structure,artery,none,0,""
4241,"Dorsal pancreatic artery",12,structure,artery,exact,1,"male:dorsal-pancreatic-artery"
4242,"Inferior pancreatic artery",12,structure,artery,exact,1,"male:inferior-pancreatic-artery"
4243,"Prepancreatic artery",12,structure,artery,none,0,""
4244,"Great pancreatic artery",12,structure,artery,exact,1,"male:great-pancreatic-artery"
4245,"Artery to tail of pancreas",12,structure,artery,none,0,""
4246,"Posterior gastric artery",12,structure,artery,none,0,""
4247,"Splenic branches of splenic artery",12,structure,artery,none,0,""
4248,"Left gastroomental artery",12,structure,artery,exact,2,"male:left-gastro-epiploic-artery male:right-gastro-epiploic-artery"
4249,"Gastric branches of left gastroomental artery",12,structure,artery,none,0,""
4250,"Omental branches of left gastroomental artery",12,structure,artery,none,0,""
4251,"Short gastric arteries",12,structure,artery,none,0,""
4252,"Superior mesenteric artery",12,structure,artery,exact,4,"male:superior-mesenteric-artery male:superior-mesenteric-artery-2 female:f-superior-mesenteric-artery female:f-superior-mesenteric-artery-2"
4253,"Inferior pancreaticoduodenal artery",12,structure,artery,exact,1,"male:inferior-pancreaticoduodenal-artery"
4254,"Anterior inferior pancreaticoduodenal artery",12,structure,artery,exact,1,"male:anterior-inferior-pancreaticoduodenal-artery"
4255,"Posterior inferior pancreaticoduodenal artery",12,structure,artery,exact,1,"male:posterior-inferior-pancreaticoduodenal-artery"
4256,"Jejunal arteries",12,structure,artery,none,0,""
4257,"Ileal arteries",12,structure,artery,exact,1,"male:ileal-artery"
4258,"Ileocolic artery",12,structure,artery,exact,2,"male:ileocolic-artery female:f-ileocolic-artery"
4259,"Anterior cecal artery",12,structure,artery,exact,1,"male:anterior-cecal-artery"
4260,"Posterior cecal artery",12,structure,artery,exact,1,"male:posterior-cecal-artery"
4261,"Appendicular artery",12,structure,artery,exact,1,"male:appendicular-artery"
4262,"Ileal branch of ileocolic artery",12,structure,artery,exact,1,"male:ileal-branch-of-ileocolic-artery"
4263,"Colic branch of ileocolic artery",12,structure,artery,exact,1,"male:colic-branch-of-ileocolic-artery"
4264,"Right colic artery",12,structure,artery,exact,4,"male:left-colic-artery male:right-colic-artery female:f-left-colic-artery female:f-right-colic-artery"
4265,"Middle colic artery",12,structure,artery,exact,2,"male:middle-colic-artery female:f-middle-colic-artery"
4266,"Marginal artery",12,structure,artery,exact,2,"male:marginal-artery female:left-marginal-artery"
4267,"Intercolic anastomic artery",12,structure,artery,none,0,""
4268,"Middle suprarenal artery",12,structure,artery,exact,2,"male:left-middle-suprarenal-artery male:right-middle-suprarenal-artery"
4269,"Renal artery",12,structure,artery,exact,4,"male:right-renal-artery male:left-renal-artery female:f-right-renal-artery female:f-left-renal-artery"
4270,"Capsular branches of renal artery",12,structure,artery,none,0,""
4271,"Inferior suprarenal artery",12,structure,artery,exact,2,"male:left-inferior-suprarenal-artery male:right-inferior-suprarenal-artery"
4272,"Anterior branch of renal artery",12,structure,artery,exact,2,"male:left-anterior-branch-of-renal-artery male:right-anterior-branch-of-renal-artery"
4273,"Superior segmental artery of kidney",12,structure,artery,none,0,""
4274,"Anterior superior segmental artery of kidney",12,structure,artery,none,0,""
4275,"Anterior inferior segmental artery of kidney",12,structure,artery,none,0,""
4276,"Inferior segmental artery of kidney",12,structure,artery,none,0,""
4277,"Posterior branch of renal artery",12,structure,artery,exact,2,"male:left-posterior-branch-of-renal-artery male:right-posterior-branch-of-renal-artery"
4278,"Posterior segmental artery of kidney",12,structure,artery,none,0,""
4279,"Ureteric branches of renal artery",12,structure,artery,none,0,""
4280,"Intrarenal arteries",12,structure,artery,partial,2,"male:intrarenal-arteries-of-left-kidney male:intrarenal-arteries-of-right-kidney"
4281,"Interlobar artery of kidney",12,structure,artery,none,0,""
4282,"Arcuate artery of kidney",12,structure,artery,none,0,""
4283,"Interlobular artery of kidney",12,structure,artery,none,0,""
4284,"(Accessory renal artery)",12,structure,artery,none,0,""
4285,"Ovarian artery ♀",12,structure,artery,none,0,""
4286,"Ureteric branches of ovarian artery ♀",12,structure,artery,none,0,""
4287,"Tubal branches of ovarian artery ♀",12,structure,artery,none,0,""
4288,"Testicular artery ♂",12,structure,artery,exact,2,"male:left-testicular-artery male:right-testicular-artery"
4289,"Ureteric branches of testicular artery ♂",12,structure,artery,none,0,""
4290,"Epididymal branches of testicular artery ♂",12,structure,artery,none,0,""
4291,"Inferior mesenteric artery",12,structure,artery,exact,2,"male:inferior-mesenteric-artery female:f-inferior-mesenteric-artery"
4292,"Left colic artery",12,structure,artery,exact,4,"male:left-colic-artery male:right-colic-artery female:f-left-colic-artery female:f-right-colic-artery"
4293,"Ascending branch of left colic artery",12,structure,artery,exact,1,"male:ascending-branch-of-left-colic-artery"
4294,"Descending branch of left colic artery",12,structure,artery,exact,1,"male:descending-branch-of-left-colic-artery"
4295,"Sigmoid arteries",12,structure,artery,exact,4,"male:sigmoid-artery female:f-sigmoid-artery female:f-sigmoid-artery-2 female:f-sigmoid-artery-3"
4296,"Superior anorectal artery",12,structure,artery,exact,1,"male:superior-anorectal-artery"
4297,"AORTIC BIFURCATION",12,structure,artery,none,0,""
4298,"Median sacral artery",12,structure,artery,exact,1,"male:median-sacral-artery"
4299,"Arteriae lumbales imae",12,structure,other,none,0,""
4300,"Lateral sacral branches of median sacral artery",12,structure,artery,none,0,""
4301,"Common iliac artery",12,structure,artery,exact,2,"male:left-common-iliac-artery male:right-common-iliac-artery"
4302,"Internal iliac artery",12,structure,artery,exact,2,"male:left-internal-iliac-artery male:right-internal-iliac-artery"
4303,"Posterior division of internal iliac artery",12,structure,artery,exact,2,"male:left-posterior-division-of-internal-iliac-artery male:right-posterior-division-of-internal-iliac-artery"
4304,"Iliolumbar artery",12,structure,artery,exact,2,"male:left-iliolumbar-artery male:right-iliolumbar-artery"
4305,"Lumbar branch of iliolumbar artery",12,structure,artery,exact,2,"male:left-lumbar-branch-of-iliolumbar-artery male:right-lumbar-branch-of-iliolumbar-artery"
4306,"Spinal branch of iliolumbar artery",12,structure,artery,exact,2,"male:left-spinal-branch-of-iliolumbar-artery male:right-spinal-branch-of-iliolumbar-artery"
4307,"Iliacus branch of iliolumbar artery",12,structure,artery,exact,2,"male:left-iliacus-branch-of-iliolumbar-artery male:right-iliacus-branch-of-iliolumbar-artery"
4308,"Lateral sacral arteries",12,structure,artery,none,0,""
4309,"Spinal branches of lateral sacral artery",12,structure,artery,none,0,""
4310,"Superior gluteal artery",12,structure,artery,exact,2,"male:left-superior-gluteal-artery male:right-superior-gluteal-artery"
4311,"Superficial branch of superior gluteal artery",12,structure,artery,none,0,""
4312,"Deep branch of superior gluteal artery",12,structure,artery,none,0,""
4313,"Superior branch of superior gluteal artery",12,structure,artery,none,0,""
4314,"Inferior branch of superior gluteal artery",12,structure,artery,none,0,""
4315,"Anterior division of internal iliac artery",12,structure,artery,exact,2,"male:left-anterior-division-of-internal-iliac-artery male:right-anterior-division-of-internal-iliac-artery"
4316,"Umbilical artery",12,structure,artery,exact,2,"female:umbilical-artery female:umbilical-artery-2"
4317,"Patent part of umbilical artery",12,structure,artery,none,0,""
4318,"Artery to ductus deferens ♂",12,structure,artery,none,0,""
4319,"Ureteric branches of artery to ductus deferens",12,structure,artery,none,0,""
4320,"Superior vesical arteries",12,structure,artery,none,0,""
4321,"Occluded part of umbilical artery",12,structure,artery,none,0,""
4322,"Medial umbilical ligament",12,structure,ligament / capsule,none,0,""
4323,"Obturator artery",12,structure,artery,exact,2,"male:left-obturator-artery male:right-obturator-artery"
4324,"Pubic branch of obturator artery",12,structure,artery,none,0,""
4325,"Acetabular branch of obturator artery",12,structure,artery,none,0,""
4326,"Anterior branch of obturator artery",12,structure,artery,none,0,""
4327,"Posterior branch of obturator artery",12,structure,artery,none,0,""
4328,"Inferior vesical artery ♂",12,structure,artery,none,0,""
4329,"Prostatic branches of inferior vesical artery ♂",12,structure,artery,none,0,""
4330,"Uterine artery ♀",12,structure,artery,exact,2,"female:left-uterine-artery female:right-uterine-artery"
4331,"Helicine branches of uterine artery ♀",12,structure,artery,none,0,""
4332,"Vaginal branches of uterine artery ♀",12,structure,artery,none,0,""
4333,"(Azygos artery of vagina) ♀",12,structure,artery,none,0,""
4334,"Ovarian branch of uterine artery ♀",12,structure,artery,none,0,""
4335,"Tubal branch of uterine artery ♀",12,structure,artery,none,0,""
4336,"Vaginal artery ♀",12,structure,artery,none,0,""
4337,"Inferior vesical branches of vaginal artery ♀",12,structure,artery,none,0,""
4338,"Middle anorectal artery",12,structure,artery,none,0,""
4339,"Vaginal branches of middle anorectal artery ♀",12,structure,artery,none,0,""
4340,"Prostatic branches of middle anorectal artery ♂",12,structure,artery,none,0,""
4341,"Internal pudendal artery",12,structure,artery,exact,2,"male:left-internal-pudendal-artery male:right-internal-pudendal-artery"
4342,"Inferior anorectal artery",12,structure,artery,none,0,""
4343,"Perineal artery",12,structure,artery,none,0,""
4344,"Posterior labial arteries ♀",12,structure,artery,none,0,""
4345,"Posterior scrotal arteries ♂",12,structure,artery,none,0,""
4346,"Artery of bulb of vestibule ♀",12,structure,artery,none,0,""
4347,"Artery of bulb of penis ♂",12,structure,artery,none,0,""
4348,"Urethral artery",12,structure,artery,none,0,""
4349,"Deep artery of clitoris ♀",12,structure,artery,none,0,""
4350,"Deep artery of penis ♂",12,structure,artery,exact,2,"male:left-deep-artery-of-penis male:right-deep-artery-of-penis"
4351,"Helicine branches of deep artery of penis ♂",12,structure,artery,none,0,""
4352,"Perforating arteries of penis ♂",12,structure,artery,none,0,""
4353,"Dorsal artery of clitoris ♀",12,structure,artery,none,0,""
4354,"Dorsal artery of penis ♂",12,structure,artery,exact,4,"male:left-dorsal-artery-of-penis male:left-dorsal-artery-of-penis-2 male:right-dorsal-artery-of-penis male:right-dorsal-artery-of-penis-2"
4355,"Inferior gluteal artery",12,structure,artery,exact,2,"male:left-inferior-gluteal-artery male:right-inferior-gluteal-artery"
4356,"Artery to sciatic nerve",12,structure,artery,none,0,""
4357,"External iliac artery",12,structure,artery,exact,2,"male:left-external-iliac-artery male:right-external-iliac-artery"
4358,"Inferior epigastric artery",12,structure,artery,exact,2,"male:left-inferior-epigastric-artery male:right-inferior-epigastric-artery"
4359,"Pubic branch of inferior epigastric artery",12,structure,artery,none,0,""
4360,"(Accessory obturator artery)",12,structure,artery,partial,4,"male:left-anterior-branch-of-obturator-nerve male:right-anterior-branch-of-obturator-nerve male:left-posterior-branch-of-obturator-nerve male:right-posterior-branch-of-obturator-nerve"
4361,"(Aberrant obturator artery)",12,structure,artery,none,0,""
4362,"Cremasteric artery ♂",12,structure,artery,none,0,""
4363,"Artery of round ligament of uterus ♀",12,structure,artery,none,0,""
4364,"Deep circumflex iliac artery",12,structure,artery,none,0,""
4365,"Ascending branch of deep circumflex iliac artery",12,structure,artery,none,0,""
4366,"Common carotid artery",12,structure,artery,exact,2,"male:left-common-carotid-artery male:right-common-carotid-artery"
4367,"Carotid sinus",12,structure,other,none,0,""
4368,"Carotid bifurcation",12,structure,other,none,0,""
4369,"EXTERNAL CAROTID ARTERY",12,structure,artery,exact,2,"male:left-external-carotid-artery male:right-external-carotid-artery"
4370,"Superior thyroid artery",12,structure,artery,none,0,""
4371,"Infrahyoid branch of superior thyroid artery",12,structure,artery,none,0,""
4372,"Sternocleidomastoid branch of superior thyroid artery",12,structure,artery,none,0,""
4373,"Superior laryngeal artery",12,structure,artery,none,0,""
4374,"Cricothyroid branch of superior thyroid artery",12,structure,artery,none,0,""
4375,"Anterior glandular branch of superior thyroid artery",12,structure,artery,none,0,""
4376,"Posterior glandular branch of superior thyroid artery",12,structure,artery,none,0,""
4377,"Lateral glandular branch of superior thyroid artery",12,structure,artery,none,0,""
4378,"Ascending pharyngeal artery",12,structure,artery,exact,2,"male:left-ascending-pharyngeal-artery male:right-ascending-pharyngeal-artery"
4379,"Posterior meningeal artery",12,structure,artery,none,0,""
4380,"Pharyngeal branches of ascending pharyngeal artery",12,structure,artery,none,0,""
4381,"Inferior tympanic artery",12,structure,artery,none,0,""
4382,"(Linguofacial trunk)",12,structure,other,none,0,""
4383,"Lingual artery",12,structure,artery,none,0,""
4384,"Suprahyoid branch of lingual artery",12,structure,artery,none,0,""
4385,"Dorsal lingual branches of lingual artery",12,structure,artery,none,0,""
4386,"Sublingual artery",12,structure,artery,none,0,""
4387,"Deep lingual artery",12,structure,artery,none,0,""
4388,"Facial artery",12,structure,artery,exact,2,"male:left-facial-artery male:right-facial-artery"
4389,"Ascending palatine artery",12,structure,artery,none,0,""
4390,"Tonsillar branch of facial artery",12,structure,artery,none,0,""
4391,"Submental artery",12,structure,artery,exact,2,"male:left-submental-artery male:right-submental-artery"
4392,"Glandular branches of facial artery",12,structure,artery,none,0,""
4393,"Inferior labial artery",12,structure,artery,exact,2,"male:left-inferior-labial-artery male:right-inferior-labial-artery"
4394,"Superior labial artery",12,structure,artery,exact,2,"male:left-superior-labial-artery male:right-superior-labial-artery"
4395,"Nasal septal branch of superior labial artery",12,structure,artery,none,0,""
4396,"Lateral nasal branch of facial artery",12,structure,artery,none,0,""
4397,"Angular artery",12,structure,artery,exact,2,"male:left-angular-artery male:right-angular-artery"
4398,"Occipital artery",12,structure,artery,exact,2,"male:left-occipital-artery male:right-occipital-artery"
4399,"Mastoid branch of occipital artery",12,structure,artery,none,0,""
4400,"Auricular branch of occipital artery",12,structure,artery,none,0,""
4401,"Sternocleidomastoid branches of occipital artery",12,structure,artery,none,0,""
4402,"Occipital branches of occipital artery",12,structure,artery,partial,8,"male:anterior-temporal-branch-of-right-lateral-occipital-artery male:anterior-temporal-branch-of-left-lateral-occipital-artery male:middle-temporal-branch-of-right-lateral-occipital-artery male:middle-temporal-branch-of-left-lateral-occipital-artery"
4403,"(Meningeal branch of occipital artery)",12,structure,artery,none,0,""
4404,"Descending branch of occipital artery",12,structure,artery,none,0,""
4405,"Posterior auricular artery",12,structure,artery,none,0,""
4406,"Stylomastoid artery",12,structure,artery,none,0,""
4407,"Posterior tympanic artery",12,structure,artery,none,0,""
4408,"Mastoid branch of posterior tympanic artery",12,structure,artery,none,0,""
4409,"(Stapedial branch of posterior tympanic artery)",12,structure,artery,none,0,""
4410,"Auricular branch of posterior auricular artery",12,structure,artery,none,0,""
4411,"Occipital branch of posterior auricular artery",12,structure,artery,none,0,""
4412,"Parotid branch of posterior auricular artery",12,structure,artery,none,0,""
4413,"Superficial temporal artery",12,structure,artery,exact,2,"male:left-superficial-temporal-artery male:right-superficial-temporal-artery"
4414,"Parotid branch of superficial temporal artery",12,structure,artery,none,0,""
4415,"Temporomandibular articular branch of superficial temporal artery",12,structure,artery,none,0,""
4416,"Transverse facial artery",12,structure,artery,exact,2,"male:left-transverse-facial-artery male:right-transverse-facial-artery"
4417,"Anterior auricular branches of superficial temporal artery",12,structure,artery,none,0,""
4418,"Zygomaticoorbital artery",12,structure,artery,none,0,""
4419,"Middle temporal artery",12,structure,artery,partial,6,"male:middle-temporal-branch-of-right-lateral-occipital-artery male:middle-temporal-branch-of-left-lateral-occipital-artery male:middle-temporal-branch-of-right-middle-cerebral-artery male:middle-temporal-branch-of-left-middle-cerebral-artery"
4420,"Frontal branch of superficial temporal artery",12,structure,artery,exact,2,"male:left-frontal-branch-of-superficial-temporal-artery male:right-frontal-branch-of-superficial-temporal-artery"
4421,"Parietal branch of superficial temporal artery",12,structure,artery,none,0,""
4422,"Maxillary artery",12,structure,artery,exact,2,"male:left-maxillary-artery male:right-maxillary-artery"
4423,"Deep auricular artery",12,structure,artery,none,0,""
4424,"Temporomandibular articular branch of deep auricular artery",12,structure,artery,none,0,""
4425,"Anterior tympanic artery",12,structure,artery,none,0,""
4426,"Inferior alveolar artery",12,structure,artery,exact,2,"male:left-inferior-alveolar-artery male:right-inferior-alveolar-artery"
4427,"Mylohyoid branch of inferior alveolar artery",12,structure,artery,exact,2,"male:left-mylohyoid-branch-of-inferior-alveolar-artery male:right-mylohyoid-branch-of-inferior-alveolar-artery"
4428,"Dental branches of inferior alveolar artery",12,structure,artery,none,0,""
4429,"Peridental branches of inferior alveolar artery",12,structure,artery,none,0,""
4430,"Mental branch of inferior alveolar artery",12,structure,artery,exact,2,"male:left-mental-branch-of-inferior-alveolar-artery male:right-mental-branch-of-inferior-alveolar-artery"
4431,"Middle meningeal artery",12,structure,artery,exact,2,"male:left-middle-meningeal-artery male:right-middle-meningeal-artery"
4432,"Accessory branch of middle meningeal artery",12,structure,artery,exact,2,"male:left-accessory-branch-of-middle-meningeal-artery male:right-accessory-branch-of-middle-meningeal-artery"
4433,"Frontal branch of middle meningeal artery",12,structure,artery,none,0,""
4434,"Orbital branch of middle meningeal artery",12,structure,artery,none,0,""
4435,"Parietal branch of middle meningeal artery",12,structure,artery,none,0,""
4436,"Petrosal branch of middle meningeal artery",12,structure,artery,none,0,""
4437,"Superior tympanic artery",12,structure,artery,none,0,""
4438,"Anastomotic branch of middle meningeal artery with lacrimal artery",12,structure,artery,none,0,""
4439,"Masseteric artery",12,structure,artery,none,0,""
4440,"Anterior deep temporal artery",12,structure,artery,exact,2,"male:left-anterior-deep-temporal-artery male:right-anterior-deep-temporal-artery"
4441,"Posterior deep temporal artery",12,structure,artery,exact,2,"male:left-posterior-deep-temporal-artery male:right-posterior-deep-temporal-artery"
4442,"Pterygoid branches of posterior deep temporal artery",12,structure,artery,none,0,""
4443,"Buccal artery",12,structure,artery,exact,2,"male:left-buccal-artery male:right-buccal-artery"
4444,"Posterior superior alveolar artery",12,structure,artery,exact,2,"male:left-posterior-superior-alveolar-artery male:right-posterior-superior-alveolar-artery"
4445,"Dental branches of posterior superior alveolar artery",12,structure,artery,none,0,""
4446,"Peridental branches of posterior superior alveolar artery",12,structure,artery,none,0,""
4447,"Infraorbital artery",12,structure,artery,exact,2,"male:left-infra-orbital-artery male:right-infra-orbital-artery"
4448,"Middle superior alveolar artery",12,structure,artery,none,0,""
4449,"Dental branches of middle superior alveolar artery",12,structure,artery,none,0,""
4450,"Peridental branches of middle superior alveolar artery",12,structure,artery,none,0,""
4451,"Anterior superior alveolar artery",12,structure,artery,none,0,""
4452,"Dental branches of anterior superior alveolar artery",12,structure,artery,none,0,""
4453,"Peridental branches of anterior superior alveolar artery",12,structure,artery,none,0,""
4454,"Artery of pterygoid canal",12,feature,,n/a,0,""
4455,"Pharyngeal branch of artery of pterygoid canal",12,feature,,n/a,0,""
4456,"Descending palatine artery",12,structure,artery,exact,2,"male:left-descending-palatine-artery male:right-descending-palatine-artery"
4457,"Greater palatine artery",12,structure,artery,exact,2,"male:left-greater-palatine-artery male:right-greater-palatine-artery"
4458,"Lesser palatine arteries",12,structure,artery,none,0,""
4459,"Pharyngeal branch of descending palatine artery",12,structure,artery,none,0,""
4460,"Sphenopalatine artery",12,structure,artery,partial,4,"male:left-posterior-septal-branches-of-sphenopalatine-artery male:right-posterior-septal-branches-of-sphenopalatine-artery male:left-posterior-lateral-nasal-branches-of-sphenopalatine-artery male:right-posterior-lateral-nasal-branches-of-sphenopalatine-artery"
4461,"Posterior lateral nasal branches of sphenopalatine artery",12,structure,artery,exact,2,"male:left-posterior-lateral-nasal-branches-of-sphenopalatine-artery male:right-posterior-lateral-nasal-branches-of-sphenopalatine-artery"
4462,"Posterior septal branches of sphenopalatine artery",12,structure,artery,exact,2,"male:left-posterior-septal-branches-of-sphenopalatine-artery male:right-posterior-septal-branches-of-sphenopalatine-artery"
4463,"INTERNAL CAROTID ARTERY",12,structure,artery,exact,2,"male:right-internal-carotid-artery male:left-internal-carotid-artery"
4464,"Caroticotympanic arteries",12,structure,artery,none,0,""
4465,"Carotid siphon",12,structure,other,none,0,""
4466,"Meningeal branches of internal carotid artery",12,structure,artery,none,0,""
4467,"Inferior hypophyseal artery",12,structure,artery,none,0,""
4468,"Superior hypophyseal artery",12,structure,artery,none,0,""
4469,"Ophthalmic artery",12,structure,artery,exact,4,"male:right-ophthalmic-artery male:left-ophthalmic-artery female:ophthalmic-artery female:ophthalmic-artery-2"
4470,"Central retinal artery",12,structure,artery,exact,4,"male:left-central-retinal-artery male:right-central-retinal-artery female:left-central-retinal-artery female:right-central-retinal-artery"
4471,"Superior temporal retinal arteriole",12,structure,artery,none,0,""
4472,"Inferior temporal retinal arteriole",12,structure,artery,none,0,""
4473,"Superior nasal retinal arteriole",12,structure,artery,none,0,""
4474,"Inferior nasal retinal arteriole",12,structure,artery,none,0,""
4475,"Macular arterioles",12,structure,other,none,0,""
4476,"Lacrimal artery",12,structure,artery,exact,2,"male:left-lacrimal-artery male:right-lacrimal-artery"
4477,"Recurrent meningeal branch of lacrimal artery",12,structure,artery,none,0,""
4478,"Lateral palpebral arteries",12,structure,artery,none,0,""
4479,"Short posterior ciliary arteries",12,structure,artery,exact,2,"male:left-short-posterior-ciliary-arteries male:right-short-posterior-ciliary-arteries"
4480,"Vascular circle of optic nerve",12,structure,nerve / plexus / ganglion,none,0,""
4481,"Long posterior ciliary arteries",12,structure,artery,exact,4,"male:left-long-posterior-ciliary-arteries male:right-long-posterior-ciliary-arteries female:left-long-posterior-ciliary-artery female:right-long-posterior-ciliary-artery"
4482,"Major arterial circle of iris",12,structure,artery,none,0,""
4483,"Minor arterial circle of iris",12,structure,artery,none,0,""
4484,"Muscular arteries",12,structure,artery,none,0,""
4485,"Anterior ciliary arteries",12,structure,artery,none,0,""
4486,"Supraorbital artery",12,structure,artery,exact,2,"male:left-supra-orbital-artery male:right-supra-orbital-artery"
4487,"Anterior ethmoidal artery",12,structure,artery,exact,2,"male:left-anterior-ethmoidal-artery male:right-anterior-ethmoidal-artery"
4488,"Anterior meningeal branch of anterior ethmoidal artery",12,structure,artery,none,0,""
4489,"Anterior septal branches of anterior ethmoidal artery",12,structure,artery,exact,2,"male:left-anterior-septal-branches-of-anterior-ethmoidal-artery male:right-anterior-septal-branches-of-anterior-ethmoidal-artery"
4490,"Anterior lateral nasal branches of anterior ethmoidal artery",12,structure,artery,none,0,""
4491,"(Middle ethomidal artery)",12,structure,artery,none,0,""
4492,"Posterior ethmoidal artery",12,structure,artery,exact,2,"male:left-posterior-ethmoidal-artery male:right-posterior-ethmoidal-artery"
4493,"Meningeal branch of posterior ethmoidal artery",12,structure,artery,none,0,""
4494,"Septal branches of posterior ethmoidal artery",12,structure,artery,exact,2,"male:left-septal-branches-of-posterior-ethmoidal-artery male:right-septal-branches-of-posterior-ethmoidal-artery"
4495,"Lateral nasal branches of posterior ethmoidal artery",12,structure,artery,none,0,""
4496,"Medial palpebral arteries",12,structure,artery,none,0,""
4497,"Superior palpebral arch",12,structure,other,none,0,""
4498,"Inferior palpebral arch",12,structure,other,none,0,""
4499,"Supratrochlear artery",12,structure,artery,exact,2,"male:left-supratrochlear-artery male:right-supratrochlear-artery"
4500,"Dorsal nasal artery",12,structure,artery,none,0,""
4501,"Anterior choroidal artery",12,structure,artery,exact,2,"male:right-anterior-choroidal-artery male:left-anterior-choroidal-artery"
4502,"Anterior cerebral artery",12,structure,artery,exact,2,"male:right-anterior-cerebral-artery male:left-anterior-cerebral-artery"
4503,"Anteromedial central arteries",12,structure,artery,none,0,""
4504,"Orbitofrontal branches of anterior cerebral artery",12,structure,artery,exact,2,"male:left-orbitofrontal-branches-of-anterior-cerebral-artery male:right-orbitofrontal-branches-of-anterior-cerebral-artery"
4505,"Callosomarginal artery",12,structure,artery,exact,2,"male:right-callosomarginal-artery male:left-callosomarginal-artery"
4506,"Frontal branches of callosomarginal artery",12,structure,artery,exact,2,"male:left-frontal-branches-of-callosomarginal-artery male:right-frontal-branches-of-callosomarginal-artery"
4507,"Pericallosal artery",12,structure,artery,exact,2,"male:right-pericallosal-artery male:left-pericallosal-artery"
4508,"Parietal branches of pericallosal artery",12,structure,artery,none,0,""
4509,"Middle cerebral artery",12,structure,artery,partial,28,"male:insular-part-of-right-middle-cerebral-artery male:insular-part-of-left-middle-cerebral-artery male:anterolateral-central-branch-of-right-middle-cerebral-artery male:anterolateral-central-branch-of-left-middle-cerebral-artery"
4510,"Anterolateral central arteries",12,structure,artery,partial,4,"male:anterolateral-central-branch-of-right-middle-cerebral-artery male:anterolateral-central-branch-of-left-middle-cerebral-artery male:anterolateral-central-branch-of-right-middle-cerebral-artery-2 male:anterolateral-central-branch-of-left-middle-cerebral-artery-2"
4511,"Orbitofrontal branches of middle cerebral artery",12,structure,artery,none,0,""
4512,"Insular branches of middle cerebral artery",12,structure,artery,partial,2,"male:right-insular-branches-of-middle-cerebral-artery-m2 male:left-insular-branches-of-middle-cerebral-artery-m2-segment"
4513,"Temporal branches of middle cerebral artery",12,structure,artery,exact,2,"male:middle-temporal-branch-of-right-middle-cerebral-artery male:middle-temporal-branch-of-left-middle-cerebral-artery"
4514,"Frontal branches of middle cerebral artery",12,structure,artery,none,0,""
4515,"Parietal branches of middle cerebral artery",12,structure,artery,exact,2,"male:left-parietal-branches-of-middle-cerebral-artery male:right-parietal-branches-of-middle-cerebral-artery"
4516,"Cerebral arterial circle",12,structure,artery,none,0,""
4517,"Anterior communicating artery",12,structure,artery,exact,1,"male:anterior-communicating-artery"
4518,"Anteromedial central branches of anterior communicating artery",12,structure,artery,none,0,""
4519,"Precommunicating part of anterior cerebral artery",12,structure,artery,none,0,""
4520,"Communicating part of internal carotid artery",12,structure,artery,none,0,""
4521,"Posterior communicating artery",12,structure,artery,exact,2,"male:right-posterior-communicating-artery male:left-posterior-communicating-artery"
4522,"Posteromedial central branches of posterior communicating artery",12,structure,artery,none,0,""
4523,"Precommunicating part of posterior cerebral artery",12,structure,artery,exact,2,"male:precommunicating-part-of-right-posterior-cerebral-artery male:precommunicating-part-of-left-posterior-cerebral-artery"
4524,"Arteries of spinal cord",12,structure,artery,none,0,""
4525,"Anterior spinal artery",12,structure,artery,exact,2,"male:right-anterior-spinal-artery male:left-anterior-spinal-artery"
4526,"Union of anterior spinal branches of vertebral artery",12,structure,artery,none,0,""
4527,"Posterior spinal arteries",12,structure,artery,none,0,""
4528,"Spinal arterial branches",12,structure,artery,none,0,""
4529,"Spinal arterial branch",12,structure,artery,none,0,""
4530,"Postcentral arterial branch",12,structure,artery,exact,2,"male:right-postcentral-arterial-branch male:left-postcentral-arterial-branch"
4531,"Prelaminar arterial branch",12,structure,artery,none,0,""
4532,"Radicular arteries",12,structure,artery,none,0,""
4533,"Anterior radicular artery",12,structure,artery,none,0,""
4534,"Posterior radicular artery",12,structure,artery,none,0,""
4535,"Segmental medullary artery",12,structure,artery,none,0,""
4536,"Great radicular artery",12,structure,artery,none,0,""
4537,"Subclavian artery",12,structure,artery,exact,4,"male:left-subclavian-artery male:right-subclavian-artery female:f-left-subclavian-artery female:f-left-subclavian-artery-2"
4538,"VERTEBRAL ARTERY",12,structure,artery,exact,2,"male:right-vertebral-artery male:left-vertebral-artery"
4539,"Spinal branches of vertebral artery",12,structure,artery,none,0,""
4540,"Muscular branches of vertebral artery",12,structure,artery,none,0,""
4541,"Meningeal branches of vertebral artery",12,structure,artery,none,0,""
4542,"Posterior inferior cerebellar artery",12,structure,artery,exact,26,"male:right-posterior-inferior-cerebellar-artery male:left-posterior-inferior-cerebellar-artery male:right-posterior-inferior-cerebellar-artery-2 male:left-posterior-inferior-cerebellar-artery-2"
4543,"Posterior spinal branch of posterior inferior cerebellar artery",12,structure,artery,none,0,""
4544,"Choroidal branches to fourth ventricle of posterior inferior cerebellar artery",12,structure,artery,none,0,""
4545,"Anterior spinal branch of vertebral artery",12,structure,artery,none,0,""
4546,"Medial medullary branches of vertebral artery",12,structure,artery,none,0,""
4547,"Lateral medullary branches of vertebral artery",12,structure,artery,none,0,""
4548,"Basilar artery",12,structure,artery,exact,2,"male:basilar-artery male:basilar-artery-2"
4549,"Union of vertebral arteries",12,structure,artery,none,0,""
4550,"Anterior inferior cerebellar artery",12,structure,artery,exact,2,"male:anterior-inferior-cerebellar-artery male:anterior-inferior-cerebellar-artery-2"
4551,"Labyrinthine artery",12,structure,artery,none,0,""
4552,"Anterior vestibular artery",12,structure,artery,none,0,""
4553,"Common cochlear artery",12,structure,artery,none,0,""
4554,"Vesibulocochlear artery",12,structure,artery,none,0,""
4555,"Posterior vestibular branch of vestibulocochlear artery",12,structure,artery,none,0,""
4556,"Cochlear branch of vestibulocochlear artery",12,structure,artery,none,0,""
4557,"Proper cochlear artery",12,structure,artery,none,0,""
4558,"Spiral modiolar artery",12,structure,artery,none,0,""
4559,"Pontine branches of basilar artery",12,structure,artery,partial,4,"male:left-lateral-pontine-branches-of-basilar-artery male:right-lateral-pontine-branches-of-basilar-artery male:left-medial-pontine-branches-of-basilar-artery male:right-medial-pontine-branches-of-basilar-artery"
4560,"Medial pontine branches of basilar artery",12,structure,artery,exact,2,"male:left-medial-pontine-branches-of-basilar-artery male:right-medial-pontine-branches-of-basilar-artery"
4561,"Lateral pontine branches of basilar artery",12,structure,artery,exact,2,"male:left-lateral-pontine-branches-of-basilar-artery male:right-lateral-pontine-branches-of-basilar-artery"
4562,"Mesencephalic branches of basilar artery",12,structure,artery,none,0,""
4563,"Superior cerebellar artery",12,structure,artery,exact,2,"male:right-superior-cerebellar-artery male:left-superior-cerebellar-artery"
4564,"Bifurcation of basilar artery",12,structure,artery,none,0,""
4565,"Posterior cerebral artery",12,structure,artery,partial,8,"male:postcommunicating-part-of-right-posterior-cerebral-artery male:postcommunicating-part-of-left-posterior-cerebral-artery male:posterior-temporal-branch-of-right-middle-cerebral-artery male:posterior-temporal-branch-of-left-middle-cerebral-artery"
4566,"Posteromedial central arteries",12,structure,artery,exact,2,"male:posteromedial-central-branch-of-right-posterior-cerebral-artery male:posteromedial-central-branch-of-left-posterior-cerebral-artery"
4567,"Posterolateral central arteries",12,structure,artery,none,0,""
4568,"Posterior choroidal branches of posterior cerebral artery",12,structure,artery,none,0,""
4569,"Medial posterior choroidal branch of posterior cerebral artery",12,structure,artery,none,0,""
4570,"Lateral posterior choroidal branch of posterior cerebral artery",12,structure,artery,none,0,""
4571,"Parietooccipital artery",12,structure,artery,exact,2,"male:left-parieto-occipital-artery male:right-parieto-occipital-artery"
4572,"Lateral occipital artery",12,structure,artery,exact,2,"male:right-lateral-occipital-artery male:left-lateral-occipital-artery"
4573,"Temporal branches of lateral occipital artery",12,structure,artery,partial,6,"male:anterior-temporal-branch-of-right-lateral-occipital-artery male:anterior-temporal-branch-of-left-lateral-occipital-artery male:middle-temporal-branch-of-right-lateral-occipital-artery male:middle-temporal-branch-of-left-lateral-occipital-artery"
4574,"Medial occipital artery",12,structure,artery,exact,2,"male:right-medial-occipital-artery male:left-medial-occipital-artery"
4575,"Rami occipitales of medial occipital artery",12,structure,artery,none,0,""
4576,"INTERNAL THORACIC ARTERY",12,structure,artery,exact,2,"male:right-internal-thoracic-artery male:left-internal-thoracic-artery"
4577,"Mediastinal branches of internal thoracic artery",12,structure,artery,none,0,""
4578,"Thymic branches of internal thoracic artery",12,structure,artery,none,0,""
4579,"(Bronchial branches of internal thoracic artery)",12,structure,artery,none,0,""
4580,"(Tracheal branches of internal thoracic artery)",12,structure,artery,none,0,""
4581,"Pericardiacophrenic artery",12,structure,artery,none,0,""
4582,"Sternal branches of internal thoracic artery",12,structure,artery,none,0,""
4583,"Perforating branches of internal thoracic artery",12,structure,artery,none,0,""
4584,"Medial mammary branches of internal thoracic artery",12,structure,artery,none,0,""
4585,"(Lateral costal branch of internal thoracic artery)",12,structure,artery,none,0,""
4586,"Anterior intercostal branches of internal thoracic artery",12,structure,artery,none,0,""
4587,"Musculophrenic artery",12,structure,artery,exact,2,"male:right-musculophrenic-artery male:left-musculophrenic-artery"
4588,"Superior epigastric artery",12,structure,artery,exact,2,"male:right-superior-epigastric-artery male:left-superior-epigastric-artery"
4589,"(Lateral internal thoracic artery)",12,structure,artery,none,0,""
4590,"THYROCERVICAL TRUNK",12,structure,other,exact,2,"male:left-thyrocervical-trunk male:right-thyrocervical-trunk"
4591,"Inferior thyroid artery",12,structure,artery,exact,2,"male:right-inferior-thyroid-artery male:left-inferior-thyroid-artery"
4592,"Inferior laryngeal artery",12,structure,artery,none,0,""
4593,"Glandular branches of inferior thyroid artery",12,structure,artery,none,0,""
4594,"Pharyngeal branches of inferior thyroid artery",12,structure,artery,none,0,""
4595,"Esophageal branches of inferior thyroid artery",12,structure,artery,none,0,""
4596,"Tracheal branches of inferior thyroid artery",12,structure,artery,none,0,""
4597,"Ascending cervical artery",12,structure,artery,none,0,""
4598,"Spinal branches of ascending cervical artery",12,structure,artery,none,0,""
4599,"Suprascapular artery",12,structure,artery,exact,2,"male:left-suprascapular-artery male:right-suprascapular-artery"
4600,"Acromial branch of suprascapular artery",12,structure,artery,none,0,""
4601,"Transverse cervical artery",12,structure,artery,exact,2,"male:left-transverse-cervical-artery male:right-transverse-cervical-artery"
4602,"(Superficial branch of transverse cervical artery)",12,structure,artery,exact,2,"male:left-superficial-branch-of-transverse-cervical-artery male:right-superficial-branch-of-transverse-cervical-artery"
4603,"Ascending branch of transverse cervical artery",12,structure,artery,none,0,""
4604,"Descending branch of transverse cervical artery",12,structure,artery,none,0,""
4605,"(Deep branch of transverse cervical artery)",12,structure,artery,exact,2,"male:left-deep-branch-of-transverse-cervical-artery male:right-deep-branch-of-transverse-cervical-artery"
4606,"Dorsal scapular artery",12,structure,artery,exact,2,"male:left-dorsal-scapular-artery male:right-dorsal-scapular-artery"
4607,"COSTOCERVICAL TRUNK",12,structure,other,exact,2,"male:left-costocervical-trunk male:right-costocervical-trunk"
4608,"Deep cervical artery",12,structure,artery,exact,2,"male:left-deep-cervical-artery male:right-deep-cervical-artery"
4609,"Supreme intercostal artery",12,structure,artery,none,0,""
4610,"First posterior intercostal artery",12,structure,artery,exact,2,"male:right-first-posterior-intercostal-artery male:left-first-posterior-intercostal-artery"
4611,"Dorsal brancs of first posterior intercostal artery",12,structure,artery,none,0,""
4612,"Spinal branch of first posterior intercostal artery",12,structure,artery,none,0,""
4613,"Second posterior intercostal artery",12,structure,artery,exact,2,"male:right-second-posterior-intercostal-artery male:left-second-posterior-intercostal-artery"
4614,"Dorsal branch of second posterior intercostal artery",12,structure,artery,none,0,""
4615,"Spinal branch of second posterior intercostal artery",12,structure,artery,none,0,""
4616,"AXILLARY ARTERY",12,structure,artery,exact,2,"male:left-axillary-artery male:right-axillary-artery"
4617,"Subscapular branches of axillary artery",12,structure,artery,none,0,""
4618,"Superior thoracic artery",12,structure,artery,none,0,""
4619,"Thoracoacromial artery",12,structure,artery,partial,8,"male:acromial-branch-of-left-thoraco-acromial-artery male:deltoid male:trunk-of-left-thoraco-acromial-artery male:acromial-branch-of-right-thoraco-acromial-artery"
4620,"Acromial branch of thoracoacromial artery",12,structure,artery,exact,2,"male:acromial-branch-of-left-thoraco-acromial-artery male:acromial-branch-of-right-thoraco-acromial-artery"
4621,"Acromial anastomosis",12,structure,other,none,0,""
4622,"Clavicular branch of thoracoacromial artery",12,structure,artery,none,0,""
4623,"Deltoid branch of thoracoacromial artery",12,structure,artery,exact,2,"male:deltoid male:deltoid-branch-of-right-thoraco-acromial-artery"
4624,"Pectoral branches of thoracoacromial artery",12,structure,artery,exact,2,"male:pectoral-branch-of-left-thoraco-acromial-artery male:pectoral-branch-of-right-thoraco-acromial-artery"
4625,"Lateral thoracic artery",12,structure,artery,exact,2,"male:right-lateral-thoracic-artery male:left-lateral-thoracic-artery"
4626,"Lateral mammary branches of lateral thoracic artery",12,structure,artery,none,0,""
4627,"Subscapular artery",12,structure,artery,exact,2,"male:left-subscapular-artery male:right-subscapular-artery"
4628,"Thoracodorsal artery",12,structure,artery,exact,2,"male:left-thoracodorsal-artery male:right-thoracodorsal-artery"
4629,"Circumflex scapular artery",12,structure,artery,exact,2,"male:left-circumflex-scapular-artery male:right-circumflex-scapular-artery"
4630,"Anterior circumflex humeral artery",12,structure,artery,exact,2,"male:left-anterior-circumflex-humeral-artery male:right-anterior-circumflex-humeral-artery"
4631,"Posterior circumflex humeral artery",12,structure,artery,exact,4,"male:left-posterior-circumflex-humeral-artery male:left-posterior-circumflex-humeral-artery-2 male:right-posterior-circumflex-humeral-artery male:right-posterior-circumflex-humeral-artery-2"
4632,"Brachial artery",12,structure,artery,exact,2,"male:left-brachial-artery male:brachial-artery"
4633,"(Superficial brachial artery)",12,structure,artery,none,0,""
4634,"Deep brachial artery",12,structure,artery,exact,2,"male:left-deep-brachial-artery male:right-deep-brachial-artery"
4635,"Nutrient arteries of humerus",12,structure,artery,none,0,""
4636,"Deltoid branch of deep brachial artery",12,structure,artery,none,0,""
4637,"Middle collateral artery",12,structure,artery,exact,2,"male:left-middle-collateral-artery male:right-middle-collateral-artery"
4638,"Radial collateral artery",12,structure,artery,partial,2,"male:radial-collateral-branch-of-left-deep-brachial-artery male:radial-collateral-branch-of-right-deep-brachial-artery"
4639,"Superior ulnar collateral artery",12,structure,artery,exact,2,"male:right-superior-ulnar-collateral-artery male:left-superior-ulnar-collateral-artery"
4640,"Inferior ulnar collateral artery",12,structure,artery,exact,2,"male:left-inferior-ulnar-collateral-artery male:right-inferior-ulnar-collateral-artery"
4641,"Radial artery",12,structure,artery,exact,2,"male:left-radial-artery male:right-radial-artery"
4642,"Radial recurrent artery",12,structure,artery,exact,2,"male:left-radial-recurrent-artery male:right-radial-recurrent-artery"
4643,"Nutrient artery of radius",12,structure,artery,none,0,""
4644,"Palmar carpal branch of radial artery",12,structure,artery,exact,2,"male:left-palmar-carpal-branch-of-radial-artery male:right-palmar-carpal-branch-of-radial-artery"
4645,"Superficial palmar branch of radial artery",12,structure,artery,none,0,""
4646,"Dorsal carpal branch of radial artery",12,structure,artery,exact,2,"male:dorsal-carpal-branch-of-left-radial-artery male:dorsal-carpal-branch-of-right-radial-artery"
4647,"Dorsal carpal anastomosis",12,structure,bone / cartilage / joint,exact,2,"male:left-dorsal-carpal-anastomosis male:right-dorsal-carpal-anastomosis"
4648,"Dorsal metacarpal arteries",12,structure,artery,exact,2,"male:set-of-dorsal-metacarpal-arteries male:set-of-dorsal-metacarpal-arteries-2"
4649,"Dorsal digital arteries of hand",12,structure,artery,exact,2,"male:left-dorsal-digital-arteries-of-hand male:right-dorsal-digital-arteries-of-hand"
4650,"Princeps pollicis artery",12,structure,artery,none,0,""
4651,"Radialis indicis artery",12,structure,artery,none,0,""
4652,"Deep palmar arch",12,structure,other,exact,2,"male:left-deep-palmar-arch male:right-deep-palmar-arch"
4653,"Palmar metacarpal arteries",12,structure,artery,exact,2,"male:left-palmar-metacarpal-artery male:right-palmar-metacarpal-artery"
4654,"Perforating branches of palmar metacarpal arteries",12,structure,artery,none,0,""
4655,"Ulnar artery",12,structure,artery,exact,2,"male:left-ulnar-artery male:right-ulnar-artery"
4656,"Ulnar recurrent artery",12,structure,artery,partial,4,"male:left-posterior-ulnar-recurrent-artery male:left-anterior-ulnar-recurrent-artery male:right-posterior-ulnar-recurrent-artery male:right-anterior-ulnar-recurrent-artery"
4657,"Anterior branch of ulnar recurrent artery",12,structure,artery,none,0,""
4658,"Posterior branch of ulnar recurrent artery",12,structure,artery,none,0,""
4659,"Cubital anastomosis",12,structure,other,none,0,""
4660,"Nutrient artery of ulna",12,structure,artery,none,0,""
4661,"Common interosseous artery",12,structure,artery,exact,2,"male:left-common-interosseous-artery male:right-common-interosseous-artery"
4662,"Anterior interosseous artery",12,structure,artery,exact,2,"male:left-anterior-interosseous-artery male:right-anterior-interosseous-artery"
4663,"Median artery",12,structure,artery,partial,1,"male:median-sacral-artery"
4664,"(Persistent median artery)",12,structure,artery,none,0,""
4665,"Posterior interosseous artery",12,structure,artery,exact,2,"male:left-posterior-interosseous-artery male:right-posterior-interosseous-artery"
4666,"Recurrent interosseous artery",12,structure,artery,exact,2,"male:left-recurrent-interosseous-artery male:right-recurrent-interosseous-artery"
4667,"Perforating branch of posterior interosseous artery",12,structure,artery,none,0,""
4668,"Dorsal carpal branch of ulnar artery",12,structure,artery,exact,2,"male:left-dorsal-carpal-branch-of-ulnar-artery male:right-dorsal-carpal-branch-of-ulnar-artery"
4669,"Palmar carpal branch of ulnar artery",12,structure,artery,none,0,""
4670,"Deep palmar branch of ulnar artery",12,structure,artery,none,0,""
4671,"Superficial palmar arch",12,structure,other,exact,2,"male:left-superficial-palmar-arch male:right-superficial-palmar-arch"
4672,"Common palmar digital arteries",12,structure,artery,exact,2,"male:left-common-palmar-digital-arteries male:right-common-palmar-digital-arteries"
4673,"Proper palmar digital arteries",12,structure,artery,exact,2,"male:left-proper-palmar-digital-arteries male:right-proper-palmar-digital-arteries"
4674,"Femoral artery",12,structure,artery,exact,2,"male:left-femoral-artery male:femoral-artery"
4675,"Superficial epigastric artery",12,structure,artery,exact,2,"male:left-superficial-epigastric-artery male:right-superficial-epigastric-artery"
4676,"Superficial circumflex iliac artery",12,structure,artery,none,0,""
4677,"Superficial external pudendal artery",12,structure,artery,exact,2,"male:left-superficial-external-pudendal-artery male:right-superficial-external-pudendal-artery"
4678,"Deep external pudendal artery",12,structure,artery,exact,2,"male:left-deep-external-pudendal-artery male:right-deep-external-pudendal-artery"
4679,"Anterior labial arteries ♀",12,structure,artery,none,0,""
4680,"Anterior scrotal arteries ♂",12,structure,artery,none,0,""
4681,"Inguinal branches",12,structure,other,none,0,""
4682,"Descending genicular artery",12,structure,artery,exact,2,"male:left-descending-genicular-artery male:right-descending-genicular-artery"
4683,"Saphenous branch of descending genicular artery",12,structure,artery,none,0,""
4684,"Articular branches of descending genicular artery",12,structure,artery,none,0,""
4685,"DEEP FEMORAL ARTERY",12,structure,artery,none,0,""
4686,"Medial circumflex femoral artery",12,structure,artery,exact,2,"male:left-medial-circumflex-femoral-artery male:right-medial-circumflex-femoral-artery"
4687,"Superficial branch of medial circumflex femoral artery",12,structure,artery,none,0,""
4688,"Deep branch of medial circumflex femoral artery",12,structure,artery,none,0,""
4689,"Acetabular branch of medial circumflex femoral artery",12,structure,artery,none,0,""
4690,"Ascending branch of medial circumflex femoral artery",12,structure,artery,none,0,""
4691,"Descending branch of medial circumflex femoral artery",12,structure,artery,none,0,""
4692,"Lateral circumflex femoral artery",12,structure,artery,exact,2,"male:left-lateral-circumflex-femoral-artery male:right-lateral-circumflex-femoral-artery"
4693,"Ascending branch of lateral circumflex femoral artery",12,structure,artery,none,0,""
4694,"Transverse branch of lateral circumflex femoral artery",12,structure,artery,none,0,""
4695,"Descending branch of lateral circumflex femoral artery",12,structure,artery,exact,2,"male:descending-branch-of-right-lateral-circumflex-femoral-artery male:descending-branch-of-left-lateral-circumflex-femoral-artery"
4696,"Perforating femoral arteries",12,structure,artery,exact,2,"male:left-perforating-femoral-arteries male:right-perforating-femoral-arteries"
4697,"Nutrient arteries of femur",12,structure,artery,none,0,""
4698,"Cruciate anastomosis",12,structure,other,none,0,""
4699,"POPLITEAL ARTERY",12,structure,artery,exact,2,"male:left-popliteal-artery male:right-popliteal-artery"
4700,"Superior lateral genicular artery",12,structure,artery,exact,2,"male:left-lateral-superior-genicular-artery male:right-lateral-superior-genicular-artery"
4701,"Superior medial genicular artery",12,structure,artery,exact,2,"male:left-medial-superior-genicular-artery male:right-medial-superior-genicular-artery"
4702,"Middle genicular artery",12,structure,artery,exact,2,"male:left-middle-genicular-artery male:right-middle-genicular-artery"
4703,"Sural arteries",12,structure,artery,none,0,""
4704,"Inferior lateral genicular artery",12,structure,artery,exact,2,"male:left-inferior-lateral-genicular-artery male:right-inferior-lateral-genicular-artery"
4705,"Inferior medial genicular artery",12,structure,artery,exact,2,"male:left-inferior-medial-genicular-artery male:right-inferior-medial-genicular-artery"
4706,"Genicular anastomosis",12,structure,other,none,0,""
4707,"Patellar anastomosis",12,structure,other,exact,2,"male:left-patellar-anastomosis male:right-patellar-anastomosis"
4708,"Anterior tibial artery",12,structure,artery,exact,2,"male:left-anterior-tibial-artery male:right-anterior-tibial-artery"
4709,"Anterior tibial recurrent artery",12,structure,artery,exact,2,"male:left-anterior-tibial-recurrent-artery male:right-anterior-tibial-recurrent-artery"
4710,"(Posterior tibial recurrent artery)",12,structure,artery,none,0,""
4711,"Anterior lateral malleolar artery",12,structure,artery,none,0,""
4712,"Anterior medial malleolar artery",12,structure,artery,none,0,""
4713,"Lateral malleolar network",12,structure,other,none,0,""
4714,"Dorsalis pedis artery",12,structure,artery,exact,2,"male:right-dorsalis-pedis-artery male:left-dorsalis-pedis-artery"
4715,"Lateral tarsal artery",12,structure,artery,exact,2,"male:left-lateral-tarsal-artery male:right-lateral-tarsal-artery"
4716,"Medial tarsal arteries",12,structure,artery,none,0,""
4717,"Arcuate artery",12,structure,artery,exact,2,"male:left-arcuate-artery male:right-arcuate-artery"
4718,"Dorsal metatarsal arteries",12,structure,artery,exact,2,"male:left-dorsal-metatarsal-arteries male:right-dorsal-metatarsal-arteries"
4719,"Dorsal digital arteries of foot",12,structure,artery,exact,2,"male:dorsal-digital-artery-of-foot male:dorsal-digital-artery-of-foot-2"
4720,"Deep plantar artery",12,structure,artery,exact,2,"male:left-deep-plantar-artery male:right-deep-plantar-artery"
4721,"Posterior tibial artery",12,structure,artery,exact,2,"male:left-posterior-tibial-artery male:right-posterior-tibial-artery"
4722,"Circumflex fibular branch of posterior tibial artery",12,structure,artery,none,0,""
4723,"Nutrient arteries of tibia",12,structure,artery,none,0,""
4724,"Medial malleolar branches of posterior tibial artery",12,structure,artery,none,0,""
4725,"Medial malleolar network",12,structure,other,none,0,""
4726,"Calcaneal branches of posterior tibial artery",12,structure,artery,exact,2,"male:set-of-calcaneal-branches-of-posterior-tibial-artery male:set-of-calcaneal-branches-of-posterior-tibial-artery-2"
4727,"Fibular artery",12,structure,artery,exact,2,"male:left-fibular-artery male:right-fibular-artery"
4728,"Perforating branch of fibular artery",12,structure,artery,none,0,""
4729,"Communicating branch of fibular artery",12,structure,artery,none,0,""
4730,"Lateral malleolar branch of fibular artery",12,structure,artery,none,0,""
4731,"Calcaneal branches of fibular artery",12,structure,artery,exact,2,"male:left-calcaneal-branches-of-fibular-artery male:right-calcaneal-branches-of-fibular-artery"
4732,"Calcaneal anastomosis",12,structure,other,none,0,""
4733,"Nutrient artery of fibula",12,structure,artery,none,0,""
4734,"Medial plantar artery",12,structure,artery,exact,2,"male:left-medial-plantar-artery male:right-medial-plantar-artery"
4735,"Deep branch of medial plantar artery",12,structure,artery,none,0,""
4736,"Superficial branch of medial plantar artery",12,structure,artery,exact,2,"male:left-superficial-branch-of-medial-plantar-artery male:right-superficial-branch-of-medial-plantar-artery"
4737,"Lateral plantar artery",12,structure,artery,exact,2,"male:left-lateral-plantar-artery male:right-lateral-plantar-artery"
4738,"Plantar arch",12,structure,other,exact,2,"male:left-plantar-arch male:right-plantar-arch"
4739,"Plantar metatarsal arteries",12,structure,artery,exact,2,"male:plantar-metatarsal-artery male:plantar-metatarsal-artery-2"
4740,"Perforating branches of plantar metatarsal arteries",12,structure,artery,exact,2,"male:left-perforating-branches-of-plantar-metatarsal-arteries male:right-perforating-branches-of-plantar-metatarsal-arteries"
4741,"Common plantar digital arteries",12,structure,artery,exact,2,"male:set-of-common-plantar-digital-arteries male:set-of-common-plantar-digital-arteries-2"
4742,"Proper plantar digital arteries",12,structure,artery,exact,3,"male:set-of-plantar-digital-arteries-proper male:set-of-plantar-digital-arteries-proper-2 male:set-of-plantar-digital-arteries-proper-3"
4743,"(Superficial plantar arch)",12,structure,other,none,0,""
4744,"SYSTEMIC VEINS",12,heading,,n/a,0,""
4745,"Superior vena cava",12,structure,vein / venous sinus,exact,2,"male:superior-vena-cava female:f-superior-vena-cava"
4746,"Union of brachiocephalic veins",12,structure,vein / venous sinus,none,0,""
4747,"AZYGOS VEIN",12,structure,vein / venous sinus,exact,1,"male:azygos-vein"
4748,"Arch of azygos vein",12,feature,,n/a,0,""
4749,"Right superior intercostal vein",12,structure,vein / venous sinus,exact,2,"male:left-superior-intercostal-vein male:right-superior-intercostal-vein"
4750,"Right posterior intercostal veins",12,structure,vein / venous sinus,none,0,""
4751,"Esophageal tributaries of azygos vein",12,structure,vein / venous sinus,none,0,""
4752,"Bronchial tributaries of azygos vein",12,structure,vein / venous sinus,none,0,""
4753,"Pericardial tributaries of azygos vein",12,structure,vein / venous sinus,none,0,""
4754,"Mediastinal tributaries of azygos vein",12,structure,vein / venous sinus,none,0,""
4755,"Right superior phrenic vein",12,structure,vein / venous sinus,exact,7,"male:superior-phrenic-vein male:superior-phrenic-vein-2 male:superior-phrenic-vein-3 male:superior-phrenic-vein-4"
4756,"Right subcostal vein",12,structure,vein / venous sinus,exact,2,"male:left-subcostal-vein male:right-subcostal-vein"
4757,"Right ascending lumbar vein",12,structure,vein / venous sinus,exact,3,"male:left-ascending-lumbar-vein male:right-ascending-lumbar-vein male:ascending-lumbar-vein"
4758,"Accessory hemiazygos vein",12,structure,vein / venous sinus,exact,1,"male:accessory-hemiazygos-vein"
4759,"Middle left posterior intercostal veins",12,structure,vein / venous sinus,none,0,""
4760,"Esophageal tributaries of accessory hemiazygos vein",12,structure,vein / venous sinus,none,0,""
4761,"Bronchial tributaries of accessory hemiazygos vein",12,structure,vein / venous sinus,none,0,""
4762,"Pericardial tributaries of accessory hemiazygos vein",12,structure,vein / venous sinus,none,0,""
4763,"Mediastinal tributaries of accessory hemiazygos vein",12,structure,vein / venous sinus,none,0,""
4764,"Hemiazygos vein",12,structure,vein / venous sinus,exact,1,"male:hemiazygos-vein"
4765,"Inferior left posterior intercostal veins",12,structure,vein / venous sinus,none,0,""
4766,"Esophageal tributaries of hemiazygos vein",12,structure,vein / venous sinus,none,0,""
4767,"Pericardial tributaries of hemiazygos vein",12,structure,vein / venous sinus,none,0,""
4768,"Mediastinal tributaries of hemiazygos vein",12,structure,vein / venous sinus,none,0,""
4769,"Left superior phrenic vein",12,structure,vein / venous sinus,exact,7,"male:superior-phrenic-vein male:superior-phrenic-vein-2 male:superior-phrenic-vein-3 male:superior-phrenic-vein-4"
4770,"Left subcostal vein",12,structure,vein / venous sinus,exact,2,"male:left-subcostal-vein male:right-subcostal-vein"
4771,"Left ascending lumbar vein",12,structure,vein / venous sinus,exact,3,"male:left-ascending-lumbar-vein male:right-ascending-lumbar-vein male:ascending-lumbar-vein"
4772,"BRACHIOCEPHALIC VEIN",12,structure,vein / venous sinus,exact,2,"male:left-brachiocephalic-vein male:right-brachiocephalic-vein"
4773,"Thymic veins",12,structure,vein / venous sinus,none,0,""
4774,"Pericardial tributaries of brachiocephalic vein",12,structure,vein / venous sinus,none,0,""
4775,"Pericardiacophrenic veins",12,structure,vein / venous sinus,none,0,""
4776,"Mediastinal tributaries of brachiocephalic vein",12,structure,vein / venous sinus,none,0,""
4777,"Bronchial tributaries of brachiocephalic vein",12,structure,vein / venous sinus,none,0,""
4778,"Tracheal veins",12,structure,vein / venous sinus,none,0,""
4779,"Esophageal tributaries of brachiocephalic vein",12,structure,vein / venous sinus,none,0,""
4780,"Vertebral vein",12,structure,vein / venous sinus,exact,2,"male:left-vertebral-vein male:right-vertebral-vein"
4781,"Occipital vein",12,structure,vein / venous sinus,exact,2,"male:left-occipital-vein male:right-occipital-vein"
4782,"Anterior vertebral vein",12,structure,vein / venous sinus,none,0,""
4783,"(Accessory vertebral vein)",12,structure,vein / venous sinus,none,0,""
4784,"Suboccipital venous plexus",12,structure,vein / venous sinus,none,0,""
4785,"Deep cervical vein",12,structure,vein / venous sinus,none,0,""
4786,"Internal thoracic veins",12,structure,vein / venous sinus,exact,1,"male:right-internal-thoracic-vein"
4787,"Superior epigastric veins",12,structure,vein / venous sinus,exact,2,"male:left-superior-epigastric-vein male:right-superior-epigastric-vein"
4788,"Subcutaneous abdominal veins",12,structure,vein / venous sinus,none,0,""
4789,"Musculophrenic veins",12,structure,vein / venous sinus,exact,2,"male:left-musculophrenic-vein male:right-musculophrenic-vein"
4790,"Anterior intercostal veins",12,structure,vein / venous sinus,exact,2,"male:set-of-anterior-intercostal-veins male:set-of-anterior-intercostal-veins-2"
4791,"Supreme intercostal vein",12,structure,vein / venous sinus,none,0,""
4792,"Right brachiocephalic vein",12,structure,vein / venous sinus,exact,2,"male:left-brachiocephalic-vein male:right-brachiocephalic-vein"
4793,"(Right inferior thyroid vein)",12,structure,vein / venous sinus,none,0,""
4794,"Left brachiocephalic vein",12,structure,vein / venous sinus,exact,2,"male:left-brachiocephalic-vein male:right-brachiocephalic-vein"
4795,"Inferior thyroid vein",12,structure,vein / venous sinus,none,0,""
4796,"Unpaired thyroid venous plexus",12,structure,vein / venous sinus,none,0,""
4797,"Inferior laryngeal vein",12,structure,vein / venous sinus,none,0,""
4798,"Left superior intercostal vein",12,structure,vein / venous sinus,exact,2,"male:left-superior-intercostal-vein male:right-superior-intercostal-vein"
4799,"Superior left posterior intercostal veins",12,structure,vein / venous sinus,none,0,""
4800,"Internal jugular vein",12,structure,vein / venous sinus,exact,2,"male:left-internal-jugular-vein male:right-internal-jugular-vein"
4801,"Superior bulb of internal jugular vein",12,structure,vein / venous sinus,none,0,""
4802,"Vein of cochlear aqueduct",12,structure,vein / venous sinus,none,0,""
4803,"Inferior bulb of internal jugular vein",12,structure,vein / venous sinus,none,0,""
4804,"Meningeal veins",12,structure,vein / venous sinus,none,0,""
4805,"Pharyngeal venous plexus",12,structure,vein / venous sinus,none,0,""
4806,"Pharyngeal veins",12,structure,vein / venous sinus,none,0,""
4807,"Lingual vein",12,structure,vein / venous sinus,exact,2,"male:left-lingual-vein male:right-lingual-vein"
4808,"Dorsal lingual veins",12,structure,vein / venous sinus,none,0,""
4809,"Vena comitans of hypoglossal nerve",12,structure,vein / venous sinus,none,0,""
4810,"Sublingual vein",12,structure,vein / venous sinus,none,0,""
4811,"Deep lingual vein",12,structure,vein / venous sinus,none,0,""
4812,"Superior thyroid vein",12,structure,vein / venous sinus,exact,2,"male:left-superior-thyroid-vein male:right-superior-thyroid-vein"
4813,"Superior laryngeal vein",12,structure,vein / venous sinus,none,0,""
4814,"Middle thyroid vein",12,structure,vein / venous sinus,none,0,""
4815,"Sternocleidomastoid vein",12,structure,vein / venous sinus,none,0,""
4816,"COMMON FACIAL VEIN",12,structure,vein / venous sinus,exact,2,"male:left-common-facial-vein male:right-common-facial-vein"
4817,"Facial vein",12,structure,vein / venous sinus,exact,2,"male:left-facial-vein male:right-facial-vein"
4818,"Angular vein",12,structure,vein / venous sinus,exact,2,"male:left-angular-vein male:right-angular-vein"
4819,"Supratrochlear veins",12,structure,vein / venous sinus,none,0,""
4820,"Supraorbital vein",12,structure,vein / venous sinus,none,0,""
4821,"Superior palpebral veins",12,structure,vein / venous sinus,none,0,""
4822,"External nasal veins",12,structure,vein / venous sinus,none,0,""
4823,"Inferior palpebral veins",12,structure,vein / venous sinus,none,0,""
4824,"Superior labial vein",12,structure,vein / venous sinus,exact,2,"male:left-superior-labial-vein male:right-superior-labial-vein"
4825,"Inferior labial veins",12,structure,vein / venous sinus,exact,2,"male:left-inferior-labial-veins male:right-inferior-labial-veins"
4826,"Deep facial vein",12,structure,vein / venous sinus,none,0,""
4827,"Anterior parotid veins",12,structure,vein / venous sinus,none,0,""
4828,"External palatine vein",12,structure,vein / venous sinus,none,0,""
4829,"Submental vein",12,structure,vein / venous sinus,exact,2,"male:left-submental-vein male:right-submental-vein"
4830,"Anterior division of retromandibular vein",12,structure,vein / venous sinus,exact,2,"male:left-anterior-division-of-retromandibular-vein male:right-anterior-division-of-retromandibular-vein"
4831,"Retromandibular vein",12,structure,vein / venous sinus,exact,2,"male:left-retromandibular-vein male:right-retromandibular-vein"
4832,"Superficial temporal veins",12,structure,vein / venous sinus,exact,2,"male:left-superficial-temporal-veins male:right-superficial-temporal-veins"
4833,"Middle temporal vein",12,structure,vein / venous sinus,none,0,""
4834,"Transverse facial vein",12,structure,vein / venous sinus,none,0,""
4835,"Maxillary veins",12,structure,vein / venous sinus,exact,2,"male:left-maxillary-veins male:right-maxillary-veins"
4836,"Pterygoid venous plexus",12,structure,vein / venous sinus,none,0,""
4837,"Middle meningeal veins",12,structure,vein / venous sinus,none,0,""
4838,"Deep temporal veins",12,structure,vein / venous sinus,none,0,""
4839,"Vein of pterygoid canal",12,feature,,n/a,0,""
4840,"Anterior auricular veins",12,structure,vein / venous sinus,none,0,""
4841,"Posterior parotid veins",12,structure,vein / venous sinus,none,0,""
4842,"Temporomandibular articular veins",12,structure,vein / venous sinus,none,0,""
4843,"Tympanic veins",12,structure,vein / venous sinus,none,0,""
4844,"Stylomastoid vein",12,structure,vein / venous sinus,none,0,""
4845,"Cranial veins",12,structure,vein / venous sinus,none,0,""
4846,"Dural venous sinuses",12,structure,vein / venous sinus,none,0,""
4847,"Sigmoid sinus",12,structure,other,exact,2,"male:left-sigmoid-sinus male:right-sigmoid-sinus"
4848,"Marginal sinus",12,structure,other,none,0,""
4849,"Transverse sinus",12,structure,other,exact,2,"male:left-transverse-sinus male:right-transverse-sinus"
4850,"Superior petrosal sinus",12,structure,other,exact,2,"male:left-superior-petrosal-sinus male:right-superior-petrosal-sinus"
4851,"Petrosquamous sinus",12,structure,other,none,0,""
4852,"Confluence of sinuses",12,structure,other,none,0,""
4853,"Straight sinus",12,structure,other,exact,1,"male:straight-sinus"
4854,"Inferior sagittal sinus",12,structure,other,exact,1,"male:inferior-sagittal-sinus"
4855,"Occipital sinus",12,structure,other,exact,1,"male:occipital-sinus"
4856,"Superior sagittal sinus",12,structure,other,exact,1,"male:superior-sagittal-sinus"
4857,"Lateral lacunae",12,structure,other,none,0,""
4858,"Inferior petrosal sinus",12,structure,other,exact,2,"male:left-inferior-petrosal-sinus male:right-inferior-petrosal-sinus"
4859,"Labyrinthine veins",12,structure,vein / venous sinus,none,0,""
4860,"Cavernous sinus",12,structure,other,exact,2,"male:left-cavernous-sinus male:right-cavernous-sinus"
4861,"Sphenoparietal sinus",12,structure,other,none,0,""
4862,"Intercavernous sinuses",12,structure,other,partial,2,"male:anterior-intercavernous-sinus male:posterior-intercavernous-sinus"
4863,"Anterior intercavernous sinus",12,structure,other,exact,1,"male:anterior-intercavernous-sinus"
4864,"Posterior intercavernous sinus",12,structure,other,exact,1,"male:posterior-intercavernous-sinus"
4865,"(Inferior intercavernous sinus)",12,structure,other,none,0,""
4866,"Basilar venous plexus",12,structure,vein / venous sinus,exact,1,"male:basilar-venous-plexus"
4867,"Diploic veins",12,structure,vein / venous sinus,none,0,""
4868,"Frontal diploic vein",12,structure,vein / venous sinus,none,0,""
4869,"Anterior temporal diploic vein",12,structure,vein / venous sinus,none,0,""
4870,"Posterior temporal diploic vein",12,structure,vein / venous sinus,none,0,""
4871,"Occipital diploic vein",12,structure,vein / venous sinus,none,0,""
4872,"Emissary veins",12,structure,vein / venous sinus,none,0,""
4873,"Parietal emissary vein",12,structure,vein / venous sinus,none,0,""
4874,"Mastoid emissary vein",12,structure,vein / venous sinus,none,0,""
4875,"Condylar emissary vein",12,structure,vein / venous sinus,none,0,""
4876,"Occipital emissary vein",12,structure,vein / venous sinus,none,0,""
4877,"Venous plexus of hypoglossal canal",12,feature,,n/a,0,""
4878,"Venous plexus of foramen ovale",12,feature,,n/a,0,""
4879,"Sphenoidal vein",12,structure,vein / venous sinus,none,0,""
4880,"Internal carotid venous plexus",12,structure,vein / venous sinus,none,0,""
4881,"Portal veins of hypophysis",12,structure,vein / venous sinus,none,0,""
4882,"Superficial petrosal vein",12,structure,vein / venous sinus,none,0,""
4883,"Vein of foramen cecum",12,feature,,n/a,0,""
4884,"Veins of foramen lacerum",12,feature,,n/a,0,""
4885,"Clival veins",12,structure,vein / venous sinus,none,0,""
4886,"ORBITAL VEINS",12,heading,,n/a,0,""
4887,"Superior ophthalmic vein",12,structure,vein / venous sinus,exact,4,"male:left-superior-ophthalmic-vein male:right-superior-ophthalmic-vein female:left-superior-ophthalmic-vein female:right-superior-ophthalmic-vein"
4888,"Nasofrontal vein",12,structure,vein / venous sinus,none,0,""
4889,"Anterior ethmoidal vein",12,structure,vein / venous sinus,none,0,""
4890,"Posterior ethmoidal vein",12,structure,vein / venous sinus,none,0,""
4891,"Lacrimal vein",12,structure,vein / venous sinus,none,0,""
4892,"Vorticose veins",12,structure,vein / venous sinus,none,0,""
4893,"Posterior ciliary veins",12,structure,vein / venous sinus,none,0,""
4894,"Anterior ciliary veins",12,structure,vein / venous sinus,none,0,""
4895,"Central retinal vein",12,structure,vein / venous sinus,exact,2,"female:left-central-retinal-vein female:right-central-retinal-vein"
4896,"Retinal venules",12,structure,other,none,0,""
4897,"Episcleral veins",12,structure,vein / venous sinus,none,0,""
4898,"Palpebral veins",12,structure,vein / venous sinus,none,0,""
4899,"Conjunctival veins",12,structure,vein / venous sinus,none,0,""
4900,"Inferior ophthalmic vein",12,structure,vein / venous sinus,exact,4,"male:left-inferior-ophthalmic-vein male:right-inferior-ophthalmic-vein female:left-inferior-ophthalmic-vein female:right-inferior-ophthalmic-vein"
4901,"VEINS OF BRAIN",12,heading,,n/a,0,""
4902,"Superficial cerebral veins",12,structure,vein / venous sinus,none,0,""
4903,"Superior cerebral veins",12,structure,vein / venous sinus,none,0,""
4904,"Frontopolar vein",12,structure,vein / venous sinus,none,0,""
4905,"Frontal veins",12,structure,vein / venous sinus,none,0,""
4906,"Parietal veins",12,structure,vein / venous sinus,none,0,""
4907,"Occipital veins",12,structure,vein / venous sinus,exact,2,"male:left-occipital-vein male:right-occipital-vein"
4908,"Superficial middle cerebral vein",12,structure,vein / venous sinus,none,0,""
4909,"Superior anastomotic vein",12,structure,vein / venous sinus,none,0,""
4910,"Inferior anastomotic vein",12,structure,vein / venous sinus,none,0,""
4911,"Inferior cerebral veins",12,structure,vein / venous sinus,none,0,""
4912,"Orbitofrontal veins",12,structure,vein / venous sinus,none,0,""
4913,"Vein of uncus",12,structure,vein / venous sinus,none,0,""
4914,"Temporal veins",12,structure,vein / venous sinus,partial,2,"male:left-superficial-temporal-veins male:right-superficial-temporal-veins"
4915,"Deep cerebral veins",12,structure,vein / venous sinus,none,0,""
4916,"Basal vein",12,structure,vein / venous sinus,partial,33,"male:left-posterior-basal-segmental-vein male:left-posterior-basal-segmental-vein-2 male:left-posterior-basal-segmental-vein-3 male:left-posterior-basal-segmental-vein-4"
4917,"Anterior cerebral vein",12,structure,vein / venous sinus,none,0,""
4918,"Deep middle cerebral vein",12,structure,vein / venous sinus,none,0,""
4919,"Insular veins",12,structure,vein / venous sinus,none,0,""
4920,"Inferior thalamostriate veins",12,structure,vein / venous sinus,none,0,""
4921,"Inferior choroidal vein",12,structure,vein / venous sinus,none,0,""
4922,"Great cerebral vein",12,structure,vein / venous sinus,none,0,""
4923,"Internal cerebral vein",12,structure,vein / venous sinus,none,0,""
4924,"Superior choroid vein",12,structure,vein / venous sinus,none,0,""
4925,"Superior thalamostriate vein",12,structure,vein / venous sinus,none,0,""
4926,"Veins of septum pellucidum",12,structure,vein / venous sinus,none,0,""
4927,"Lateral direct cerebral veins",12,structure,vein / venous sinus,none,0,""
4928,"Posterior vein of corpus callosum",12,structure,vein / venous sinus,none,0,""
4929,"Veins of brainstem",12,structure,vein / venous sinus,none,0,""
4930,"Pontomesencephalic vein",12,structure,vein / venous sinus,none,0,""
4931,"Pontine veins",12,structure,vein / venous sinus,none,0,""
4932,"Veins of medulla oblongata",12,structure,vein / venous sinus,none,0,""
4933,"Vein of lateral recess of fourth ventricle",12,space,,n/a,0,""
4934,"Vein of cerebellomedullary cistern",12,structure,vein / venous sinus,none,0,""
4935,"Cerebellar veins",12,structure,vein / venous sinus,none,0,""
4936,"Superior vein of vermis",12,structure,vein / venous sinus,none,0,""
4937,"Inferior vein of vermis",12,structure,vein / venous sinus,none,0,""
4938,"Superior veins of cerebellar hemisphere",12,structure,vein / venous sinus,none,0,""
4939,"Inferior veins of cerebellar hemisphere",12,structure,vein / venous sinus,none,0,""
4940,"Precentral cerebellar vein",12,structure,vein / venous sinus,none,0,""
4941,"Petrosal vein",12,structure,vein / venous sinus,none,0,""
4942,"Veins of vertebral column",12,structure,vein / venous sinus,none,0,""
4943,"Intervertebral veins",12,structure,vein / venous sinus,none,0,""
4944,"Radicular veins",12,structure,vein / venous sinus,none,0,""
4945,"Anterior spinal veins",12,structure,vein / venous sinus,none,0,""
4946,"Posterior spinal veins",12,structure,vein / venous sinus,none,0,""
4947,"Anterior internal vertebral venous plexus",12,structure,vein / venous sinus,none,0,""
4948,"Basivertebral veins",12,structure,vein / venous sinus,none,0,""
4949,"Posterior internal vertebral venous plexus",12,structure,vein / venous sinus,none,0,""
4950,"External vertebral venous plexuses",12,structure,vein / venous sinus,none,0,""
4951,"Anterior external vertebral venous plexus",12,structure,vein / venous sinus,none,0,""
4952,"Posterior external vertebral venous plexus",12,structure,vein / venous sinus,none,0,""
4953,"Subclavian vein",12,structure,vein / venous sinus,exact,2,"male:left-subclavian-vein male:right-subclavian-vein"
4954,"Pectoral veins",12,structure,vein / venous sinus,none,0,""
4955,"Dorsal scapular vein",12,structure,vein / venous sinus,none,0,""
4956,"External jugular vein",12,structure,vein / venous sinus,exact,2,"male:left-external-jugular-vein male:right-external-jugular-vein"
4957,"Posterior division of retromandibular vein",12,structure,vein / venous sinus,exact,2,"male:left-posterior-division-of-retromandibular-vein male:right-posterior-division-of-retromandibular-vein"
4958,"Posterior auricular vein",12,structure,vein / venous sinus,exact,2,"male:left-posterior-auricular-vein male:right-posterior-auricular-vein"
4959,"Anterior jugular vein",12,structure,vein / venous sinus,exact,2,"male:left-anterior-jugular-vein male:right-anterior-jugular-vein"
4960,"Jugular venous arch",12,structure,vein / venous sinus,none,0,""
4961,"Suprascapular vein",12,structure,vein / venous sinus,exact,2,"male:left-suprascapular-vein male:right-suprascapular-vein"
4962,"Transverse cervical veins",12,structure,vein / venous sinus,none,0,""
4963,"Axillary vein",12,structure,vein / venous sinus,exact,2,"male:left-axillary-vein male:right-axillary-vein"
4964,"Cephalic vein",12,structure,vein / venous sinus,exact,2,"male:left-cephalic-vein male:right-cephalic-vein"
4965,"Thoracoacromial vein",12,structure,vein / venous sinus,none,0,""
4966,"(Accessory cephalic vein)",12,structure,vein / venous sinus,none,0,""
4967,"Dorsal venous network of hand",12,structure,vein / venous sinus,exact,2,"male:dorsal-venous-network-of-left-hand male:dorsal-venous-network-of-right-hand"
4968,"Intercapitular veins of hand",12,structure,vein / venous sinus,none,0,""
4969,"Dorsal metacarpal veins",12,structure,vein / venous sinus,exact,2,"male:tributary-of-deep-palmar-venous-arch male:tributary-of-deep-palmar-venous-arch-2"
4970,"Dorsal digital veins of hand",12,structure,vein / venous sinus,exact,2,"male:left-dorsal-digital-veins-of-hand male:right-dorsal-digital-veins-of-hand"
4971,"Lateral thoracic vein",12,structure,vein / venous sinus,exact,2,"male:left-lateral-thoracic-vein male:right-lateral-thoracic-vein"
4972,"Subscapular vein",12,structure,vein / venous sinus,exact,2,"male:left-subscapular-vein male:right-subscapular-vein"
4973,"Circumflex scapular vein",12,structure,vein / venous sinus,exact,2,"male:left-circumflex-scapular-vein male:right-circumflex-scapular-vein"
4974,"Thoracodorsal vein",12,structure,vein / venous sinus,exact,2,"male:left-thoracodorsal-vein male:right-thoracodorsal-vein"
4975,"Posterior circumflex humeral vein",12,structure,vein / venous sinus,exact,2,"male:left-posterior-circumflex-humeral-vein male:right-posterior-circumflex-humeral-vein"
4976,"Anterior circumflex humeral vein",12,structure,vein / venous sinus,exact,2,"male:left-anterior-circumflex-humeral-vein male:right-anterior-circumflex-humeral-vein"
4977,"Thoracoepigastric veins",12,structure,vein / venous sinus,none,0,""
4978,"Areolar venous plexus",12,structure,vein / venous sinus,none,0,""
4979,"Basilic vein",12,structure,vein / venous sinus,exact,2,"male:left-basilic-vein male:right-basilic-vein"
4980,"Median cubital vein",12,structure,vein / venous sinus,exact,2,"male:left-median-cubital-vein male:right-median-cubital-vein"
4981,"Median antebrachial vein",12,structure,vein / venous sinus,exact,2,"male:left-median-antebrachial-vein male:right-median-antebrachial-vein"
4982,"Brachial veins",12,structure,vein / venous sinus,partial,2,"male:left-medial-brachial-vein male:right-medial-brachial-vein"
4983,"Anterior interosseous veins",12,structure,vein / venous sinus,none,0,""
4984,"Posterior interosseous veins",12,structure,vein / venous sinus,none,0,""
4985,"Ulnar veins",12,structure,vein / venous sinus,exact,2,"male:left-ulnar-vein male:right-ulnar-vein"
4986,"Superficial venous palmar arch",12,structure,vein / venous sinus,exact,2,"male:left-superficial-palmar-venous-arch male:right-superficial-palmar-venous-arch"
4987,"Palmar digital veins",12,structure,vein / venous sinus,exact,2,"male:left-palmar-digital-veins male:right-palmar-digital-veins"
4988,"Radial veins",12,structure,vein / venous sinus,exact,2,"male:left-radial-vein male:right-radial-vein"
4989,"Deep venous palmar arch",12,structure,vein / venous sinus,exact,2,"male:left-deep-palmar-venous-arch male:right-deep-palmar-venous-arch"
4990,"Palmar metacarpal veins",12,structure,vein / venous sinus,exact,6,"male:left-palmar-metacarpal-vein male:right-palmar-metacarpal-vein male:left-palmar-metacarpal-vein-2 male:left-palmar-metacarpal-vein-3"
4991,"Inferior vena cava",12,structure,vein / venous sinus,exact,4,"male:ivc male:inferior-vena-cava female:f-inferior-vena-cava female:f-inferior-vena-cava-2"
4992,"Inferior phrenic veins",12,structure,vein / venous sinus,exact,6,"male:inferior-phrenic-vein male:inferior-phrenic-vein-2 male:inferior-phrenic-vein-3 male:inferior-phrenic-vein-4"
4993,"Lumbar veins",12,structure,vein / venous sinus,exact,2,"male:lumbar-vein male:lumbar-vein-2"
4994,"Hepatic veins",12,structure,vein / venous sinus,exact,4,"male:left-hepatic-vein male:right-hepatic-vein female:f-left-hepatic-vein female:f-right-hepatic-vein"
4995,"Right hepatic vein",12,structure,vein / venous sinus,exact,4,"male:left-hepatic-vein male:right-hepatic-vein female:f-left-hepatic-vein female:f-right-hepatic-vein"
4996,"Intermediate hepatic vein",12,structure,vein / venous sinus,none,0,""
4997,"Left hepatic vein",12,structure,vein / venous sinus,exact,4,"male:left-hepatic-vein male:right-hepatic-vein female:f-left-hepatic-vein female:f-right-hepatic-vein"
4998,"Right suprarenal vein",12,structure,vein / venous sinus,exact,2,"male:left-suprarenal-vein male:right-suprarenal-vein"
4999,"Central vein of right suprarenal gland",12,structure,vein / venous sinus,none,0,""
5000,"Right renal vein",12,structure,vein / venous sinus,exact,6,"male:left-renal-vein male:left-renal-vein-2 male:right-renal-vein male:right-renal-vein-2"
5001,"Capsular veins of right kidney",12,structure,vein / venous sinus,none,0,""
5002,"Intrarenal veins of right kidney",12,structure,vein / venous sinus,exact,2,"male:intrarenal-veins-of-left-kidney male:intrarenal-veins-of-right-kidney"
5003,"Interlobar vein of right kidney",12,structure,vein / venous sinus,none,0,""
5004,"Arcuate vein of right kidney",12,structure,vein / venous sinus,none,0,""
5005,"Interlobular vein of right kidney",12,structure,vein / venous sinus,none,0,""
5006,"Left renal vein",12,structure,vein / venous sinus,exact,6,"male:left-renal-vein male:left-renal-vein-2 male:right-renal-vein male:right-renal-vein-2"
5007,"Capsular veins of left kidney",12,structure,vein / venous sinus,none,0,""
5008,"Intrarenal veins of left kidney",12,structure,vein / venous sinus,exact,2,"male:intrarenal-veins-of-left-kidney male:intrarenal-veins-of-right-kidney"
5009,"Interlobar vein of left kidney",12,structure,vein / venous sinus,none,0,""
5010,"Arcuate vein of left kidney",12,structure,vein / venous sinus,none,0,""
5011,"Interlobular vein of left kidney",12,structure,vein / venous sinus,none,0,""
5012,"Left suprarenal vein",12,structure,vein / venous sinus,exact,2,"male:left-suprarenal-vein male:right-suprarenal-vein"
5013,"Central vein of left suprarenal gland",12,structure,vein / venous sinus,none,0,""
5014,"Left ovarian vein ♀",12,structure,vein / venous sinus,none,0,""
5015,"Left testicular vein ♂",12,structure,vein / venous sinus,exact,2,"male:left-testicular-vein male:right-testicular-vein"
5016,"Left pampiniform plexus ♂",12,structure,nerve / plexus / ganglion,none,0,""
5017,"Right ovarian vein ♀",12,structure,vein / venous sinus,none,0,""
5018,"Right testicular vein ♂",12,structure,vein / venous sinus,exact,2,"male:left-testicular-vein male:right-testicular-vein"
5019,"Right pampiniform plexus ♂",12,structure,nerve / plexus / ganglion,none,0,""
5020,"Union of common iliac veins",12,structure,vein / venous sinus,none,0,""
5021,"COMMON ILIAC VEIN",12,structure,vein / venous sinus,exact,4,"male:left-common-iliac-vein male:right-common-iliac-vein female:f-left-common-iliac-vein female:f-right-common-iliac-vein"
5022,"Median sacral vein",12,structure,vein / venous sinus,exact,2,"male:median-sacral-vein female:f-median-sacral-vein"
5023,"Iliolumbar vein",12,structure,vein / venous sinus,exact,2,"male:left-iliolumbar-vein male:right-iliolumbar-vein"
5024,"Internal iliac vein",12,structure,vein / venous sinus,exact,11,"male:left-internal-iliac-vein male:left-internal-iliac-vein-2 male:left-internal-iliac-vein-3 male:right-internal-iliac-vein"
5025,"Superior gluteal veins",12,structure,vein / venous sinus,exact,2,"male:left-superior-gluteal-vein male:right-superior-gluteal-vein"
5026,"Inferior gluteal veins",12,structure,vein / venous sinus,exact,2,"male:left-inferior-gluteal-vein male:right-inferior-gluteal-vein"
5027,"Obturator veins",12,structure,vein / venous sinus,exact,2,"male:left-obturator-vein male:right-obturator-vein"
5028,"Lateral sacral veins",12,structure,vein / venous sinus,exact,2,"male:left-lateral-sacral-vein male:right-lateral-sacral-vein"
5029,"Sacral venous plexus",12,structure,vein / venous sinus,none,0,""
5030,"Middle anorectal veins",12,structure,vein / venous sinus,exact,2,"female:left-middle-rectal-vein female:right-middle-rectal-vein"
5031,"Anorectal venous plexus",12,structure,vein / venous sinus,none,0,""
5032,"Internal pudendal vein",12,structure,vein / venous sinus,exact,4,"male:left-internal-pudendal-vein male:right-internal-pudendal-vein female:internal-pudendal-vein female:internal-pudendal-vein-2"
5033,"Inferior anorectal veins",12,structure,vein / venous sinus,exact,2,"female:inferior-rectal-vein female:inferior-rectal-vein-2"
5034,"Posterior labial veins ♀",12,structure,vein / venous sinus,none,0,""
5035,"Posterior scrotal veins ♂",12,structure,vein / venous sinus,none,0,""
5036,"Vein of bulb of vestibule ♀",12,structure,vein / venous sinus,none,0,""
5037,"Vein of bulb of penis ♂",12,structure,vein / venous sinus,none,0,""
5038,"Vesical veins",12,structure,vein / venous sinus,none,0,""
5039,"Vesical venous plexus",12,structure,vein / venous sinus,none,0,""
5040,"Deep dorsal vein of clitoris ♀",12,structure,vein / venous sinus,none,0,""
5041,"Deep veins of clitoris ♀",12,structure,vein / venous sinus,none,0,""
5042,"Veins of prostate ♂",12,structure,vein / venous sinus,none,0,""
5043,"Prostatic venous plexus ♂",12,structure,vein / venous sinus,none,0,""
5044,"Deep dorsal vein of penis ♂",12,structure,vein / venous sinus,exact,1,"male:tributary-of-internal-pudendal-vein"
5045,"Deep veins of penis ♂",12,structure,vein / venous sinus,partial,1,"male:tributary-of-internal-pudendal-vein"
5046,"Uterine veins ♀",12,structure,vein / venous sinus,exact,2,"female:left-uterine-vein female:right-uterine-vein"
5047,"Uterine venous plexus ♀",12,structure,vein / venous sinus,none,0,""
5048,"Vaginal veins ♀",12,structure,vein / venous sinus,none,0,""
5049,"Vaginal venous plexus ♀",12,structure,vein / venous sinus,none,0,""
5050,"External iliac vein",12,structure,vein / venous sinus,exact,5,"male:left-external-iliac-vein male:left-external-iliac-vein-2 male:left-external-iliac-vein-3 male:left-external-iliac-vein-4"
5051,"Inferior epigastric vein",12,structure,vein / venous sinus,exact,2,"male:left-inferior-epigastric-vein male:right-inferior-epigastric-vein"
5052,"Pubic vein",12,structure,vein / venous sinus,none,0,""
5053,"(Accessory obturator vein)",12,structure,vein / venous sinus,none,0,""
5054,"Deep circumflex iliac vein",12,structure,vein / venous sinus,none,0,""
5055,"Femoral vein",12,structure,vein / venous sinus,exact,2,"male:left-femoral-vein male:right-femoral-vein"
5056,"Medial circumflex femoral veins",12,structure,vein / venous sinus,exact,2,"male:left-medial-circumflex-femoral-vein male:right-medial-circumflex-femoral-vein"
5057,"Lateral circumflex femoral veins",12,structure,vein / venous sinus,exact,2,"male:left-lateral-circumflex-femoral-vein male:right-lateral-circumflex-femoral-vein"
5058,"Great saphenous vein",12,structure,vein / venous sinus,exact,2,"male:left-great-saphenous-vein male:right-great-saphenous-vein"
5059,"External pudendal veins",12,structure,vein / venous sinus,exact,2,"male:left-external-pudendal-veins male:right-external-pudendal-veins"
5060,"Deep external pudendal vein",12,structure,vein / venous sinus,none,0,""
5061,"Superficial external pudendal vein",12,structure,vein / venous sinus,none,0,""
5062,"Superficial dorsal veins of clitoris ♀",12,structure,vein / venous sinus,none,0,""
5063,"Superficial dorsal veins of penis ♂",12,structure,vein / venous sinus,exact,3,"male:tributary-of-superficial-external-pudendal-vein male:left-superficial-dorsal-vein-of-penis male:right-superficial-dorsal-vein-of-penis"
5064,"Anterior labial veins ♀",12,structure,vein / venous sinus,none,0,""
5065,"Anterior scrotal veins ♂",12,structure,vein / venous sinus,none,0,""
5066,"Superficial circumflex iliac vein",12,structure,vein / venous sinus,none,0,""
5067,"Superficial epigastric vein",12,structure,vein / venous sinus,exact,2,"male:left-superficial-epigastric-vein male:right-superficial-epigastric-vein"
5068,"Accessory saphenous vein",12,structure,vein / venous sinus,none,0,""
5069,"Medial marginal vein of foot",12,structure,vein / venous sinus,none,0,""
5070,"Deep femoral vein",12,structure,vein / venous sinus,exact,2,"male:left-deep-femoral-vein male:right-deep-femoral-vein"
5071,"Perforating veins",12,structure,vein / venous sinus,exact,5,"male:set-of-perforating-veins male:set-of-perforating-veins-2 male:set-of-perforating-veins-3 male:set-of-perforating-veins-4"
5072,"Popliteal vein",12,structure,vein / venous sinus,exact,2,"male:left-popliteal-vein male:right-popliteal-vein"
5073,"Sural veins",12,structure,vein / venous sinus,none,0,""
5074,"Genicular veins",12,structure,vein / venous sinus,exact,8,"male:left-genicular-vein male:left-genicular-vein-2 male:left-genicular-vein-3 male:left-genicular-vein-4"
5075,"Anterior tibial veins",12,structure,vein / venous sinus,exact,4,"male:left-anterior-tibial-vein male:right-anterior-tibial-vein male:left-anterior-tibial-vein-2 male:right-anterior-tibial-vein-2"
5076,"Dorsalis pedis veins",12,structure,vein / venous sinus,none,0,""
5077,"Posterior tibial veins",12,structure,vein / venous sinus,exact,2,"male:left-posterior-tibial-vein male:right-posterior-tibial-vein"
5078,"Fibular veins",12,structure,vein / venous sinus,exact,5,"male:left-fibular-vein male:left-fibular-vein-2 male:right-fibular-vein male:right-fibular-vein-2"
5079,"Medial plantar veins",12,structure,vein / venous sinus,exact,2,"male:left-medial-plantar-veins male:right-medial-plantar-veins"
5080,"Plantar venous network",12,structure,vein / venous sinus,none,0,""
5081,"Lateral plantar veins",12,structure,vein / venous sinus,exact,2,"male:left-lateral-plantar-veins male:right-lateral-plantar-veins"
5082,"Plantar venous arch",12,structure,vein / venous sinus,exact,2,"male:left-plantar-venous-arch male:right-plantar-venous-arch"
5083,"Plantar metatarsal veins",12,structure,vein / venous sinus,exact,2,"male:plantar-metatarsal-vein male:plantar-metatarsal-vein-2"
5084,"Plantar digital veins",12,structure,vein / venous sinus,exact,2,"male:set-of-plantar-digital-veins male:set-of-plantar-digital-veins-2"
5085,"Small saphenous vein",12,structure,vein / venous sinus,exact,2,"male:left-small-saphenous-vein male:right-small-saphenous-vein"
5086,"Lateral marginal vein of foot",12,structure,vein / venous sinus,none,0,""
5087,"Dorsal venous network of foot",12,structure,vein / venous sinus,none,0,""
5088,"Dorsal venous arch of foot",12,feature,,n/a,0,""
5089,"Dorsal metatarsal veins",12,structure,vein / venous sinus,exact,2,"male:left-dorsal-metatarsal-veins male:right-dorsal-metatarsal-veins"
5090,"Dorsal digital veins of foot",12,structure,vein / venous sinus,exact,2,"male:left-dorsal-digital-veins-of-foot male:right-dorsal-digital-veins-of-foot"
5091,"Intercapitular veins of foot",12,structure,vein / venous sinus,exact,2,"male:left-intercapitular-veins-of-foot male:right-intercapitular-veins-of-foot"
5092,"Hepatic portal vein",12,structure,vein / venous sinus,exact,2,"male:hepatic-portal-vein female:f-hepatic-portal-vein"
5093,"BRANCHES OF HEPATIC PORTAL VEIN",12,heading,,n/a,0,""
5094,"Right branch of hepatic portal vein",12,structure,vein / venous sinus,none,0,""
5095,"Anterior right branch of hepatic portal vein",12,structure,vein / venous sinus,none,0,""
5096,"Posterior right branch of hepatic portal vein",12,structure,vein / venous sinus,none,0,""
5097,"Left branch of hepatic portal vein",12,structure,vein / venous sinus,none,0,""
5098,"Transverse part of left branch of hepatic portal vein",12,structure,vein / venous sinus,none,0,""
5099,"Caudate branches of hepatic portal vein",12,structure,vein / venous sinus,none,0,""
5100,"Umbilical part of left branch of hepatic portal vein",12,structure,vein / venous sinus,none,0,""
5101,"Ligamentum venosum",12,structure,other,exact,1,"female:ligamentum-venosum"
5102,"Lateral left branches of hepatic portal vein",12,structure,vein / venous sinus,none,0,""
5103,"Umbilical vein",12,structure,vein / venous sinus,exact,1,"female:umbilical-vein"
5104,"Round ligament of liver",12,structure,ligament / capsule,exact,1,"female:round-ligament-of-liver"
5105,"Medial left branches of hepatic portal vein",12,structure,vein / venous sinus,none,0,""
5106,"TRIBUTARIES OF HEPATIC PORTAL VEIN",12,heading,,n/a,0,""
5107,"Cystic veins",12,structure,vein / venous sinus,exact,1,"female:cystic-vein"
5108,"Paraumbilical veins",12,structure,vein / venous sinus,none,0,""
5109,"Posterior superior pancreaticoduodenal vein",12,structure,vein / venous sinus,none,0,""
5110,"Left gastric vein",12,structure,vein / venous sinus,exact,2,"male:left-gastric-vein male:right-gastric-vein"
5111,"Right gastric vein",12,structure,vein / venous sinus,exact,2,"male:left-gastric-vein male:right-gastric-vein"
5112,"Prepyloric vein",12,structure,vein / venous sinus,none,0,""
5113,"Superior mesenteric vein",12,structure,vein / venous sinus,exact,2,"male:superior-mesenteric-vein female:f-superior-mesenteric-vein"
5114,"Jejunal veins",12,structure,vein / venous sinus,none,0,""
5115,"Ileal veins",12,structure,vein / venous sinus,exact,1,"male:ileal-vein"
5116,"Right gastroomental vein",12,structure,vein / venous sinus,exact,2,"male:left-gastro-omental-vein male:right-gastro-omental-vein"
5117,"Veins of head of pancreas",12,feature,,n/a,0,""
5118,"Pancreaticoduodenal veins",12,structure,vein / venous sinus,exact,3,"male:pancreaticoduodenal-vein male:pancreaticoduodenal-vein-2 male:pancreaticoduodenal-vein-3"
5119,"Ileocolic vein",12,structure,vein / venous sinus,exact,3,"male:ileocolic-vein male:ileocolic-vein-2 female:f-ileocolic-vein"
5120,"Appendicular vein",12,structure,vein / venous sinus,none,0,""
5121,"Right colic vein",12,structure,vein / venous sinus,exact,6,"male:left-colic-vein male:left-colic-vein-2 male:left-colic-vein-3 male:right-colic-vein"
5122,"Middle colic vein",12,structure,vein / venous sinus,exact,2,"male:middle-colic-vein female:f-middle-colic-vein"
5123,"Splenic vein",12,structure,vein / venous sinus,exact,2,"male:splenic-vein female:f-splenic-vein"
5124,"Pancreatic veins",12,structure,vein / venous sinus,none,0,""
5125,"Short gastric veins",12,structure,vein / venous sinus,none,0,""
5126,"Left gastroomental vein",12,structure,vein / venous sinus,exact,2,"male:left-gastro-omental-vein male:right-gastro-omental-vein"
5127,"Inferior mesenteric vein",12,structure,vein / venous sinus,exact,1,"male:inferior-mesenteric-vein"
5128,"Left colic vein",12,structure,vein / venous sinus,exact,6,"male:left-colic-vein male:left-colic-vein-2 male:left-colic-vein-3 male:right-colic-vein"
5129,"Sigmoid veins",12,structure,vein / venous sinus,exact,4,"male:sigmoid-vein female:f-sigmoid-vein female:f-sigmoid-vein-2 female:f-sigmoid-vein-3"
5130,"Superior anorectal vein",12,structure,vein / venous sinus,exact,1,"male:superior-rectal-vein"
5131,"GREAT LYMPHATIC VESSELS",12,heading,,n/a,0,""
5132,"Right lymphatic duct",12,structure,lymphatic,none,0,""
5133,"Right jugular trunk",12,structure,other,none,0,""
5134,"Right subclavian trunk",12,structure,other,none,0,""
5135,"Right bronchomediastinal trunk",12,structure,other,none,0,""
5136,"Left bronchomediastinal trunk",12,structure,other,none,0,""
5137,"Thoracic duct",12,structure,other,none,0,""
5138,"Cervical part of thoracic duct",12,structure,other,none,0,""
5139,"Arch of thoracic duct",12,feature,,n/a,0,""
5140,"Left jugular trunk",12,structure,other,none,0,""
5141,"Left subclavian trunk",12,structure,other,none,0,""
5142,"Thoracic part of thoracic duct",12,structure,other,none,0,""
5143,"Intercostal trunks",12,structure,other,none,0,""
5144,"Abdominal part of thoracic duct",12,structure,other,none,0,""
5145,"(Cisterna chyli)",12,structure,other,none,0,""
5146,"Right lumbar trunk",12,structure,other,none,0,""
5147,"Left lumbar trunk",12,structure,other,none,0,""
5148,"Intestinal trunk",12,structure,other,none,0,""
5149,"Lymphoid system",13,structure,lymphatic,none,0,""
5150,"PRIMARY LYMPHOID ORGANS",13,heading,,n/a,0,""
5151,"Red bone marrows",13,structure,bone / cartilage / joint,none,0,""
5152,"Thymus",13,structure,lymphatic,partial,4,"male:left-lobe-of-thymus male:right-lobe-of-thymus female:left-thymus-lobe female:right-thymus-lobe"
5153,"Lobe of thymus",13,structure,lymphatic,exact,4,"male:left-lobe-of-thymus male:right-lobe-of-thymus female:left-thymus-lobe female:right-thymus-lobe"
5154,"Lobules of thymus",13,structure,lymphatic,none,0,""
5155,"Cortex of thymus",13,structure,lymphatic,none,0,""
5156,"Medulla of thymus",13,structure,lymphatic,none,0,""
5157,"(Accessory thymic lobules)",13,structure,other,none,0,""
5158,"SECONDARY LYMPHOID ORGANS",13,heading,,n/a,0,""
5159,"Spleen",13,structure,lymphatic,exact,1,"male:spleen"
5160,"Diaphragmatic surface of spleen",13,feature,,n/a,0,""
5161,"Visceral surface of spleen",13,feature,,n/a,0,""
5162,"Renal impression of spleen",13,feature,,n/a,0,""
5163,"Gastric impression of spleen",13,feature,,n/a,0,""
5164,"Colic impression of spleen",13,feature,,n/a,0,""
5165,"(Pancreatic impression of spleen)",13,feature,,n/a,0,""
5166,"Anterior extremity of spleen",13,structure,lymphatic,none,0,""
5167,"Posterior extremity of spleen",13,structure,lymphatic,none,0,""
5168,"Inferior border of spleen",13,feature,,n/a,0,""
5169,"Superior border of spleen",13,feature,,n/a,0,""
5170,"Hilum of spleen",13,feature,,n/a,0,""
5171,"Serosa of spleen",13,structure,lymphatic,none,0,""
5172,"Fibrous capsule of spleen",13,structure,lymphatic,none,0,""
5173,"Splenic trabeculae",13,structure,lymphatic,none,0,""
5174,"Splenic pulp",13,structure,lymphatic,none,0,""
5175,"Red pulp",13,structure,other,none,0,""
5176,"White pulp",13,structure,other,none,0,""
5177,"(Accessory spleen)",13,structure,lymphatic,none,0,""
5178,"Pharyngeal lymphoid ring",13,structure,lymphatic,none,0,""
5179,"Lingual tonsil",13,structure,lymphatic,none,0,""
5180,"Crypts of lingual tonsil",13,structure,lymphatic,none,0,""
5181,"Palatine tonsil",13,structure,lymphatic,exact,4,"male:left-palatine-tonsil male:right-palatine-tonsil female:left-palatine-tonsil female:right-palatine-tonsil"
5182,"Capsule of palatine tonsil",13,structure,lymphatic,none,0,""
5183,"Pits of palatine tonsil",13,structure,lymphatic,none,0,""
5184,"Crypts of palatine tonsil",13,structure,lymphatic,none,0,""
5185,"Cleft of palatine tonsil",13,structure,lymphatic,none,0,""
5186,"Pharyngeal tonsil",13,structure,lymphatic,none,0,""
5187,"Pits of pharyngeal tonsil",13,structure,lymphatic,none,0,""
5188,"Crypts of pharyngeal tonsil",13,structure,lymphatic,none,0,""
5189,"Tubal tonsil",13,structure,lymphatic,none,0,""
5190,"Crypts of tubal tonsil",13,structure,lymphatic,none,0,""
5191,"Lymph nodes",13,structure,lymphatic,partial,4,"female:capsule-of-lymph-node female:lymph-node-follicle female:medulla-of-lymph-node female:lymph-node-t-cell-domain"
5192,"Lymph node",13,structure,lymphatic,partial,4,"female:capsule-of-lymph-node female:lymph-node-follicle female:medulla-of-lymph-node female:lymph-node-t-cell-domain"
5193,"Capsule of lymph node",13,structure,lymphatic,exact,1,"female:capsule-of-lymph-node"
5194,"Hilum of lymph node",13,feature,,n/a,0,""
5195,"Trabeculae of lymph node",13,structure,lymphatic,none,0,""
5196,"Cortex of lymph node",13,structure,lymphatic,none,0,""
5197,"Medulla of lymph node",13,structure,lymphatic,exact,1,"female:medulla-of-lymph-node"
5198,"Lymph nodes of head",13,structure,lymphatic,none,0,""
5199,"Occipital nodes",13,structure,other,exact,2,"male:left-occipital-nodes male:right-occipital-nodes"
5200,"Mastoid nodes",13,structure,other,exact,2,"male:left-mastoid-nodes male:right-mastoid-nodes"
5201,"Superficial parotid nodes",13,structure,other,exact,2,"male:left-superficial-parotid-nodes male:right-superficial-parotid-nodes"
5202,"Deep parotid nodes",13,structure,other,none,0,""
5203,"Preauricular nodes",13,structure,other,exact,2,"male:left-pre-auricular-nodes male:right-pre-auricular-nodes"
5204,"Infraauricular nodes",13,structure,other,exact,2,"male:left-infra-auricular-nodes male:right-infra-auricular-nodes"
5205,"Intraglandular nodes",13,structure,other,partial,2,"male:left-intraglandular-parotid-nodes male:right-intraglandular-parotid-nodes"
5206,"Facial nodes",13,structure,other,none,0,""
5207,"Buccinator node",13,structure,other,none,0,""
5208,"Nasolabial node",13,structure,other,exact,2,"male:left-nasolabial-node male:right-nasolabial-node"
5209,"Malar node",13,structure,other,none,0,""
5210,"Mandibular node",13,structure,other,exact,2,"male:left-mandibular-node male:right-mandibular-node"
5211,"Lingual nodes",13,structure,other,none,0,""
5212,"Lymph nodes of neck",13,structure,lymphatic,none,0,""
5213,"Submental nodes",13,structure,other,exact,2,"male:left-submental-nodes male:right-submental-nodes"
5214,"Submandibular nodes",13,structure,other,exact,2,"male:left-submandibular-nodes male:right-submandibular-nodes"
5215,"Anterior cervical nodes",13,structure,other,partial,1,"male:superficial-anterior-cervical-nodes"
5216,"Superficial anterior cervical nodes",13,structure,other,exact,1,"male:superficial-anterior-cervical-nodes"
5217,"Deep anterior cervical nodes",13,structure,other,none,0,""
5218,"Infrahyoid nodes",13,structure,other,none,0,""
5219,"Prelaryngeal nodes",13,structure,other,none,0,""
5220,"Thyroid nodes",13,structure,gland / endocrine,exact,2,"male:left-thyroid-nodes male:right-thyroid-nodes"
5221,"Pretracheal nodes",13,structure,other,exact,2,"male:left-pretracheal-nodes male:right-pretracheal-nodes"
5222,"Paratracheal cervical nodes",13,structure,other,exact,1,"male:paratracheal-cervical-nodes"
5223,"Lateral cervical nodes",13,structure,other,partial,4,"male:left-inferior-deep-lateral-cervical-nodes male:right-inferior-deep-lateral-cervical-nodes male:left-superficial-lateral-cervical-nodes male:right-superficial-lateral-cervical-nodes"
5224,"Superficial lateral cervical nodes",13,structure,other,exact,2,"male:left-superficial-lateral-cervical-nodes male:right-superficial-lateral-cervical-nodes"
5225,"Superior deep lateral cervical nodes",13,structure,other,none,0,""
5226,"Jugulodigastric node",13,structure,other,exact,2,"male:left-jugulodigastric-node male:right-jugulodigastric-node"
5227,"Lateral superior jugular node",13,structure,other,exact,2,"male:left-lateral-superior-jugular-node male:right-lateral-superior-jugular-node"
5228,"Anterior superior jugular node",13,structure,other,none,0,""
5229,"Inferior deep lateral cervical nodes",13,structure,other,exact,2,"male:left-inferior-deep-lateral-cervical-nodes male:right-inferior-deep-lateral-cervical-nodes"
5230,"Juguloomohyoid node",13,structure,other,none,0,""
5231,"Lateral inferior jugular node",13,structure,other,none,0,""
5232,"Anterior inferior jugular nodes",13,structure,other,exact,2,"male:left-anterior-inferior-jugular-nodes male:right-anterior-inferior-jugular-nodes"
5233,"Supraclavicular nodes",13,structure,other,exact,2,"male:left-supraclavicular-nodes male:right-supraclavicular-nodes"
5234,"Retropharyngeal nodes",13,structure,other,exact,2,"male:left-retropharyngeal-nodes male:right-retropharyngeal-nodes"
5235,"Lymph nodes of upper limb",13,structure,lymphatic,none,0,""
5236,"Axillary nodes",13,structure,other,partial,10,"male:left-anterior-axillary-nodes male:right-anterior-axillary-nodes male:left-apical-axillary-nodes male:right-apical-axillary-nodes"
5237,"Apical axillary nodes",13,structure,other,exact,2,"male:left-apical-axillary-nodes male:right-apical-axillary-nodes"
5238,"Central axillary nodes",13,structure,other,exact,2,"male:left-central-axillary-nodes male:right-central-axillary-nodes"
5239,"Lateral axillary nodes",13,structure,other,exact,2,"male:left-lateral-axillary-nodes male:right-lateral-axillary-nodes"
5240,"Posterior axillary nodes",13,structure,other,exact,2,"male:left-posterior-axillary-nodes male:right-posterior-axillary-nodes"
5241,"Anterior axillary nodes",13,structure,other,exact,2,"male:left-anterior-axillary-nodes male:right-anterior-axillary-nodes"
5242,"Interpectoral nodes",13,structure,other,exact,2,"male:left-interpectoral-nodes male:right-interpectoral-nodes"
5243,"Infraclavicular nodes",13,structure,other,exact,2,"male:left-infraclavicular-nodes male:right-infraclavicular-nodes"
5244,"Brachial nodes",13,structure,other,exact,2,"male:left-brachial-nodes male:right-brachial-nodes"
5245,"Cubital nodes",13,structure,other,exact,2,"male:left-cubital-nodes male:right-cubital-nodes"
5246,"Supratrochlear nodes",13,structure,other,exact,2,"male:left-supratrochlear-nodes male:right-supratrochlear-nodes"
5247,"Thoracic lymph nodes",13,structure,lymphatic,none,0,""
5248,"Parietal thoracic lymph nodes",13,structure,lymphatic,none,0,""
5249,"Paramammary nodes",13,structure,other,none,0,""
5250,"Parasternal nodes",13,structure,other,exact,2,"male:left-parasternal-nodes male:right-parasternal-nodes"
5251,"Intercostal nodes",13,structure,other,exact,2,"male:left-intercostal-nodes male:right-intercostal-nodes"
5252,"Prevertebral nodes",13,structure,other,exact,1,"male:prevertebral-nodes"
5253,"Superior diaphragmatic nodes",13,structure,other,exact,1,"male:superior-diaphragmatic-nodes"
5254,"Mediastinal lymph nodes",13,structure,lymphatic,none,0,""
5255,"Brachiocephalic nodes",13,structure,other,exact,1,"male:brachiocephalic-nodes"
5256,"(Node of ligamentum arteriosum)",13,structure,other,exact,1,"male:node-of-ligamentum-arteriosum"
5257,"(Node of arch of azygos vein)",13,feature,,n/a,0,""
5258,"Prepericardial nodes",13,structure,other,exact,1,"male:prepericardial-nodes"
5259,"Lateral pericardial nodes",13,structure,other,exact,1,"male:lateral-pericardial-nodes"
5260,"Paratracheal thoracic nodes",13,structure,other,exact,1,"male:paratracheal-thoracic-nodes"
5261,"Tracheobronchial nodes",13,structure,other,partial,2,"male:inferior-tracheobronchial-nodes male:superior-tracheobronchial-nodes"
5262,"Superior tracheobronchial nodes",13,structure,other,exact,1,"male:superior-tracheobronchial-nodes"
5263,"Inferior tracheobronchial nodes",13,structure,other,exact,1,"male:inferior-tracheobronchial-nodes"
5264,"Juxtaesophageal nodes",13,structure,other,exact,1,"male:juxta-oesophageal-nodes"
5265,"Pulmonary lymph nodes",13,structure,lymphatic,none,0,""
5266,"Bronchopulmonary nodes",13,structure,other,none,0,""
5267,"Intrapulmonary nodes",13,structure,other,exact,1,"male:intrapulmonary-nodes"
5268,"Abdominal lymph nodes",13,structure,lymphatic,none,0,""
5269,"Parietal abdominal lymph nodes",13,structure,lymphatic,none,0,""
5270,"Left lumbar nodes",13,structure,other,partial,1,"male:intermediate-lumbar-nodes"
5271,"Lateral aortic nodes",13,structure,artery,exact,1,"male:lateral-aortic-nodes"
5272,"Preaortic nodes",13,structure,other,exact,1,"male:pre-aortic-nodes"
5273,"Retroaortic nodes",13,structure,other,none,0,""
5274,"Intermediate lumbar nodes",13,structure,other,exact,1,"male:intermediate-lumbar-nodes"
5275,"Right lumbar nodes",13,structure,other,partial,1,"male:intermediate-lumbar-nodes"
5276,"Lateral caval nodes",13,structure,other,exact,1,"male:lateral-caval-nodes"
5277,"Precaval nodes",13,structure,other,exact,1,"male:precaval-nodes"
5278,"Retrocaval nodes",13,structure,other,exact,1,"male:retrocaval-nodes"
5279,"Inferior diaphragmatic nodes",13,structure,other,exact,1,"male:inferior-diaphragmatic-nodes"
5280,"Inferior epigastric nodes",13,structure,other,exact,2,"male:left-inferior-epigastric-nodes male:right-inferior-epigastric-nodes"
5281,"Visceral abdominal lymph nodes",13,structure,lymphatic,none,0,""
5282,"Celiac nodes",13,structure,other,exact,1,"male:coeliac-nodes"
5283,"Right gastric nodes",13,structure,other,exact,1,"male:right-gastric-nodes"
5284,"Left gastric nodes",13,structure,other,exact,1,"male:right-gastric-nodes"
5285,"(Nodes around cardia)",13,structure,other,none,0,""
5286,"Right gastroomental nodes",13,structure,other,exact,1,"male:right-gastro-omental-nodes"
5287,"Left gastroomental nodes",13,structure,other,exact,1,"male:right-gastro-omental-nodes"
5288,"Pyloric nodes",13,structure,other,none,0,""
5289,"(Suprapyloric node)",13,structure,other,exact,1,"male:suprapyloric-node"
5290,"(Subpyloric nodes)",13,structure,other,exact,1,"male:subpyloric-nodes"
5291,"(Retropyloric nodes)",13,structure,other,exact,1,"male:retropyloric-nodes"
5292,"Pancreatic nodes",13,structure,other,partial,2,"male:inferior-pancreatic-nodes male:superior-pancreatic-nodes"
5293,"Superior pancreatic nodes",13,structure,other,exact,1,"male:superior-pancreatic-nodes"
5294,"Inferior pancreatic nodes",13,structure,other,exact,1,"male:inferior-pancreatic-nodes"
5295,"Splenic nodes",13,structure,lymphatic,exact,1,"male:splenic-nodes"
5296,"Pancreaticoduodenal nodes",13,structure,other,partial,1,"male:superior-pancreaticoduodenal-nodes"
5297,"Superior pancreaticoduodenal nodes",13,structure,other,exact,1,"male:superior-pancreaticoduodenal-nodes"
5298,"Inferior pancreaticoduodenal nodes",13,structure,other,none,0,""
5299,"Hepatic nodes",13,structure,viscus (thorax / abdomen / pelvis),none,0,""
5300,"Cystic node",13,structure,other,exact,1,"male:cystic-node"
5301,"Node of anterior border of omental foramen",13,feature,,n/a,0,""
5302,"Superior mesenteric nodes",13,structure,other,partial,2,"male:central-superior-mesenteric-nodes male:paracolic-superior-mesenteric-nodes"
5303,"Juxtaintestinal mesenteric nodes",13,structure,other,exact,1,"male:juxta-intestinal-mesenteric-nodes"
5304,"Central superior mesenteric nodes",13,structure,other,exact,1,"male:central-superior-mesenteric-nodes"
5305,"Ileocolic nodes",13,structure,other,exact,1,"male:ileocolic-nodes"
5306,"Prececal nodes",13,structure,other,exact,1,"male:precaecal-nodes"
5307,"Retrocecal nodes",13,structure,other,exact,1,"male:retrocaecal-nodes"
5308,"Appendicular nodes",13,structure,other,exact,1,"male:appendicular-nodes"
5309,"Paracolic superior mesenteric nodes",13,structure,other,exact,1,"male:paracolic-superior-mesenteric-nodes"
5310,"Right colic nodes",13,structure,other,exact,2,"male:left-colic-nodes male:right-colic-nodes"
5311,"Middle colic nodes",13,structure,other,exact,1,"male:middle-colic-nodes"
5312,"Inferior mesenteric nodes",13,structure,other,none,0,""
5313,"Paracolic inferior mesenteric nodes",13,structure,other,none,0,""
5314,"Left colic nodes",13,structure,other,exact,2,"male:left-colic-nodes male:right-colic-nodes"
5315,"Sigmoid nodes",13,structure,other,exact,1,"male:sigmoid-nodes"
5316,"Superior anorectal nodes",13,structure,other,none,0,""
5317,"Pelvic lymph nodes",13,structure,lymphatic,none,0,""
5318,"Parietal pelvic lymph nodes",13,structure,lymphatic,none,0,""
5319,"Common iliac nodes",13,structure,other,partial,3,"male:intermediate-common-iliac-nodes male:lateral-common-iliac-nodes male:medial-common-iliac-nodes"
5320,"Medial common iliac nodes",13,structure,other,exact,1,"male:medial-common-iliac-nodes"
5321,"Intermediate common iliac nodes",13,structure,other,exact,1,"male:intermediate-common-iliac-nodes"
5322,"Lateral common iliac nodes",13,structure,other,exact,1,"male:lateral-common-iliac-nodes"
5323,"Subaortic nodes",13,structure,other,exact,1,"male:subaortic-nodes"
5324,"Promontorial nodes",13,structure,other,none,0,""
5325,"External iliac nodes",13,structure,other,partial,4,"male:left-intermediate-external-iliac-nodes male:right-intermediate-external-iliac-nodes male:left-medial-external-iliac-nodes male:right-medial-external-iliac-nodes"
5326,"Medial external iliac nodes",13,structure,other,exact,2,"male:left-medial-external-iliac-nodes male:right-medial-external-iliac-nodes"
5327,"Intermediate external iliac nodes",13,structure,other,exact,2,"male:left-intermediate-external-iliac-nodes male:right-intermediate-external-iliac-nodes"
5328,"Lateral external iliac nodes",13,structure,other,none,0,""
5329,"(Median lacunar node)",13,structure,other,none,0,""
5330,"(Intermediate lacunar node)",13,structure,other,none,0,""
5331,"(Lateral lacunar node)",13,structure,other,exact,2,"male:left-lateral-lacunar-node male:right-lateral-lacunar-node"
5332,"Interiliac nodes",13,structure,other,none,0,""
5333,"Obturator nodes",13,structure,other,exact,2,"male:left-obturator-nodes male:right-obturator-nodes"
5334,"Internal iliac nodes",13,structure,other,none,0,""
5335,"Gluteal nodes",13,structure,other,partial,4,"male:left-inferior-gluteal-nodes male:right-inferior-gluteal-nodes male:left-superior-gluteal-nodes male:right-superior-gluteal-nodes"
5336,"Superior gluteal nodes",13,structure,other,exact,2,"male:left-superior-gluteal-nodes male:right-superior-gluteal-nodes"
5337,"Inferior gluteal nodes",13,structure,other,exact,2,"male:left-inferior-gluteal-nodes male:right-inferior-gluteal-nodes"
5338,"Sacral nodes",13,structure,other,partial,2,"male:left-lateral-sacral-nodes male:right-lateral-sacral-nodes"
5339,"Visceral pelvic lymph nodes",13,structure,lymphatic,none,0,""
5340,"Paravesical nodes",13,structure,other,none,0,""
5341,"Prevesical nodes",13,structure,other,exact,1,"male:prevesical-nodes"
5342,"Postvesical nodes",13,structure,other,exact,1,"male:postvesical-nodes"
5343,"Lateral vesical nodes",13,structure,other,exact,2,"male:left-lateral-vesical-nodes male:right-lateral-vesical-nodes"
5344,"Parauterine nodes ♀",13,structure,other,none,0,""
5345,"Paravaginal nodes ♀",13,structure,other,none,0,""
5346,"Pararectal nodes",13,structure,other,exact,1,"male:pararectal-nodes"
5347,"Lymph nodes of lower limb",13,structure,lymphatic,none,0,""
5348,"Inguinal nodes",13,structure,other,partial,10,"male:left-intermediate-deep-inguinal-node male:right-intermediate-deep-inguinal-node male:left-proximal-deep-inguinal-node male:right-proximal-deep-inguinal-node"
5349,"Superficial inguinal nodes",13,structure,other,partial,6,"male:left-inferior-superficial-inguinal-nodes male:right-inferior-superficial-inguinal-nodes male:left-superolateral-superficial-inguinal-nodes male:right-superolateral-superficial-inguinal-nodes"
5350,"Superomedial superficial inguinal nodes",13,structure,other,exact,2,"male:left-superomedial-superficial-inguinal-nodes male:right-superomedial-superficial-inguinal-nodes"
5351,"Superolateral superficial inguinal nodes",13,structure,other,exact,2,"male:left-superolateral-superficial-inguinal-nodes male:right-superolateral-superficial-inguinal-nodes"
5352,"Inferior superficial inguinal nodes",13,structure,other,exact,2,"male:left-inferior-superficial-inguinal-nodes male:right-inferior-superficial-inguinal-nodes"
5353,"Deep inguinal nodes",13,structure,other,partial,4,"male:left-intermediate-deep-inguinal-node male:right-intermediate-deep-inguinal-node male:left-proximal-deep-inguinal-node male:right-proximal-deep-inguinal-node"
5354,"(Proximal deep inguinal node)",13,structure,other,exact,2,"male:left-proximal-deep-inguinal-node male:right-proximal-deep-inguinal-node"
5355,"(Intermediate deep inguinal node)",13,structure,other,exact,2,"male:left-intermediate-deep-inguinal-node male:right-intermediate-deep-inguinal-node"
5356,"Distal deep inguinal node",13,structure,other,none,0,""
5357,"Popliteal nodes",13,structure,other,partial,4,"male:left-deep-popliteal-nodes male:right-deep-popliteal-nodes male:left-superficial-popliteal-nodes male:right-superficial-popliteal-nodes"
5358,"Superficial popliteal nodes",13,structure,other,exact,2,"male:left-superficial-popliteal-nodes male:right-superficial-popliteal-nodes"
5359,"Deep popliteal nodes",13,structure,other,exact,2,"male:left-deep-popliteal-nodes male:right-deep-popliteal-nodes"
5360,"(Anterior tibial node)",13,structure,other,exact,2,"male:left-anterior-tibial-node male:right-anterior-tibial-node"
5361,"(Posterior tibial node)",13,structure,other,exact,2,"male:left-posterior-tibial-node male:right-posterior-tibial-node"
5362,"(Fibular node)",13,structure,other,exact,2,"male:left-fibular-node male:right-fibular-node"
5363,"Nervous system",14,structure,other,none,0,""
5364,"CENTRAL NERVOUS SYSTEM",14,heading,,n/a,0,""
5365,"Gray matter",14,structure,other,none,0,""
5366,"White matter",14,structure,other,partial,7,"male:white-matter-of-left-cerebral-hemisphere male:white-matter-of-right-cerebral-hemisphere male:white-matter-of-spinal-cord female:allen-white-matter-of-forebrain-l"
5367,"Reticular formation",14,structure,other,none,0,""
5368,"Ependyma",14,structure,other,none,0,""
5369,"Meninges",14,structure,other,none,0,""
5370,"DURA",14,structure,brain / spinal cord / meninges,exact,2,"female:dura-mater female:dura-mater-2"
5371,"Cranial dura",14,structure,brain / spinal cord / meninges,none,0,""
5372,"Periosteal cranial dura",14,structure,brain / spinal cord / meninges,none,0,""
5373,"Meningeal cranial dura",14,structure,brain / spinal cord / meninges,none,0,""
5374,"Falx cerebri",14,structure,other,exact,1,"male:falx-cerebri"
5375,"Tentorium cerebelli",14,structure,other,exact,1,"male:subdivision-of-cranial-dura-mater"
5376,"Tentorial notch",14,feature,,n/a,0,""
5377,"Falx cerebelli",14,structure,other,none,0,""
5378,"Diaphragma sellae",14,structure,other,none,0,""
5379,"Trigeminal cave",14,structure,other,none,0,""
5380,"(Subdural space)",14,space,,n/a,0,""
5381,"(Cranial epidural space)",14,space,,n/a,0,""
5382,"Spinal dura",14,structure,brain / spinal cord / meninges,exact,1,"male:spinal-dura"
5383,"Spinal epidural space",14,space,,n/a,0,""
5384,"Filum terminale externum",14,structure,other,none,0,""
5385,"LEPTOMENINGES",14,heading,,n/a,0,""
5386,"Arachnoid",14,structure,brain / spinal cord / meninges,none,0,""
5387,"Subarachnoid space",14,space,,n/a,0,""
5388,"Cerebrospinal fluid",14,structure,other,none,0,""
5389,"Arachnoid granulations",14,structure,brain / spinal cord / meninges,none,0,""
5390,"Arachnoid trabeculae",14,structure,brain / spinal cord / meninges,none,0,""
5391,"Cranial arachnoid",14,structure,brain / spinal cord / meninges,none,0,""
5392,"Cranial subarachnoid cisterns",14,structure,other,none,0,""
5393,"Pericallosal cistern",14,structure,other,none,0,""
5394,"Cistern of lateral cerebral fossa",14,feature,,n/a,0,""
5395,"Cistern of lamina terminalis",14,structure,other,none,0,""
5396,"Chiasmatic cistern",14,structure,other,none,0,""
5397,"Interpeduncular cistern",14,structure,other,none,0,""
5398,"Ambient cistern",14,structure,other,none,0,""
5399,"Quadrigeminal cistern",14,structure,other,none,0,""
5400,"Pontocerebellar cistern",14,structure,other,none,0,""
5401,"Lateral cerebellomedullary cistern",14,structure,other,none,0,""
5402,"Posterior cerebellomedullary cistern",14,structure,other,none,0,""
5403,"Spinal arachnoid",14,structure,brain / spinal cord / meninges,none,0,""
5404,"Lumbar cistern",14,structure,other,none,0,""
5405,"Pia",14,structure,brain / spinal cord / meninges,none,0,""
5406,"Cranial pia",14,structure,brain / spinal cord / meninges,none,0,""
5407,"Tenia choroidea",14,structure,other,none,0,""
5408,"Tela choroidea",14,structure,other,none,0,""
5409,"Choroid plexus",14,structure,brain / spinal cord / meninges,exact,2,"male:left-choroid-plexus male:right-choroid-plexus"
5410,"Spinal pia",14,structure,brain / spinal cord / meninges,none,0,""
5411,"Denticulate ligament",14,structure,ligament / capsule,none,0,""
5412,"Intermediate cervical septum",14,structure,other,none,0,""
5413,"Linea splendens",14,structure,other,none,0,""
5414,"Filum terminale internum",14,structure,other,none,0,""
5415,"Brain",14,structure,brain / spinal cord / meninges,partial,2,"female:fornix-of-brain female:fornix-of-brain-2"
5416,"CEREBRUM",14,structure,other,partial,7,"male:commissure-of-fornix-of-forebrain male:left-fornix-of-forebrain male:right-fornix-of-forebrain female:allen-basal-forebrain-l"
5417,"Longitudinal cerebral fissure",14,feature,,n/a,0,""
5418,"Cerebral hemisphere",14,structure,brain / spinal cord / meninges,partial,4,"male:region-of-wall-of-ventricular-system-of-neuraxis male:region-of-wall-of-ventricular-system-of-neuraxis-2 male:white-matter-of-left-cerebral-hemisphere male:white-matter-of-right-cerebral-hemisphere"
5419,"Frontal pole",14,feature,,n/a,0,""
5420,"Temporal pole",14,feature,,n/a,0,""
5421,"Occipital pole",14,feature,,n/a,0,""
5422,"Superolateral surface of cerebral hemisphere",14,feature,,n/a,0,""
5423,"Superior margin of cerebral hemisphere",14,feature,,n/a,0,""
5424,"Medial surface of cerebral hemisphere",14,feature,,n/a,0,""
5425,"Inferomedial margin of cerebral hemisphere",14,feature,,n/a,0,""
5426,"Inferior surface of cerebral hemisphere",14,feature,,n/a,0,""
5427,"Inferolateral margin of cerebral hemisphere",14,feature,,n/a,0,""
5428,"Transverse cerebral fissure",14,feature,,n/a,0,""
5429,"Lateral cerebral fossa",14,feature,,n/a,0,""
5430,"Telencephalon",14,structure,other,partial,1,"male:septum-of-telencephalon"
5431,"Cerebral lobes",14,structure,brain / spinal cord / meninges,none,0,""
5432,"Cerebral gyri",14,structure,brain / spinal cord / meninges,none,0,""
5433,"Cerebral sulci",14,structure,brain / spinal cord / meninges,none,0,""
5434,"Interlobar sulci",14,structure,other,none,0,""
5435,"Central sulcus",14,feature,,n/a,0,""
5436,"Lateral sulcus",14,feature,,n/a,0,""
5437,"Parietooccipital sulcus",14,feature,,n/a,0,""
5438,"Preoccipital notch",14,feature,,n/a,0,""
5439,"Sulcus of corpus callosum",14,feature,,n/a,0,""
5440,"Cingulate sulcus",14,feature,,n/a,0,""
5441,"Subparietal sulcus",14,feature,,n/a,0,""
5442,"Collateral sulcus",14,feature,,n/a,0,""
5443,"Rhinal sulcus",14,feature,,n/a,0,""
5444,"Circular sulcus of insula",14,feature,,n/a,0,""
5445,"Frontal lobe",14,structure,other,none,0,""
5446,"Frontal operculum",14,structure,other,exact,2,"female:frontal-operculum female:frontal-operculum-2"
5447,"Inferior frontal gyrus",14,structure,brain / spinal cord / meninges,exact,2,"male:left-inferior-frontal-gyrus male:right-inferior-frontal-gyrus"
5448,"Orbital part of inferior frontal gyrus",14,structure,brain / spinal cord / meninges,exact,2,"male:left-orbital-part-of-inferior-frontal-gyrus male:right-orbital-part-of-inferior-frontal-gyrus"
5449,"Anterior ramus of lateral sulcus",14,feature,,n/a,0,""
5450,"Triangular part of inferior frontal gyrus",14,structure,brain / spinal cord / meninges,exact,4,"male:left-triangular-part-of-inferior-frontal-gyrus male:right-triangular-part-of-inferior-frontal-gyrus female:triangular-part-of-inferior-frontal-gyrus female:triangular-part-of-inferior-frontal-gyrus-2"
5451,"Ascending ramus of lateral sulcus",14,feature,,n/a,0,""
5452,"Opercular part of inferior frontal gyrus",14,structure,brain / spinal cord / meninges,exact,4,"male:left-opercular-part-of-inferior-frontal-gyrus male:right-opercular-part-of-inferior-frontal-gyrus female:opercular-part-of-inferior-frontal-gyrus female:opercular-part-of-inferior-frontal-gyrus-2"
5453,"Inferior frontal sulcus",14,feature,,n/a,0,""
5454,"Middle frontal gyrus",14,structure,brain / spinal cord / meninges,exact,4,"male:left-middle-frontal-gyrus male:right-middle-frontal-gyrus female:middle-frontal-gyrus female:middle-frontal-gyrus-2"
5455,"Superior frontal sulcus",14,feature,,n/a,0,""
5456,"Superior frontal gyrus",14,structure,brain / spinal cord / meninges,exact,4,"male:left-superior-frontal-gyrus male:right-superior-frontal-gyrus female:superior-frontal-gyrus female:superior-frontal-gyrus-2"
5457,"Precentral sulcus",14,feature,,n/a,0,""
5458,"Precentral gyrus",14,structure,brain / spinal cord / meninges,exact,4,"male:left-precentral-gyrus male:right-precentral-gyrus female:precentral-gyrus female:precentral-gyrus-2"
5459,"Anterior paracentral gyrus",14,structure,brain / spinal cord / meninges,none,0,""
5460,"Paracentral sulcus",14,feature,,n/a,0,""
5461,"Medial frontal gyrus",14,structure,brain / spinal cord / meninges,none,0,""
5462,"Straight gyrus",14,structure,brain / spinal cord / meninges,partial,2,"male:left-straight-gyrus-gyrus-rectus male:right-straight-gyrus-gyrus-rectus"
5463,"Olfactory sulcus",14,feature,,n/a,0,""
5464,"Orbital gyri",14,structure,brain / spinal cord / meninges,exact,2,"male:left-orbital-gyri male:right-orbital-gyri"
5465,"Orbital sulci",14,structure,other,partial,4,"male:left-orbital-sulci-h-shaped-orbital-sulci male:right-orbital-sulci-h-shaped-orbital-sulci male:left-orbital-sulci-lateral-orbital-sulcus male:right-orbital-sulci-lateral-orbital-sulcus"
5466,"Paracentral lobule",14,structure,other,partial,4,"female:anterior-segment-of-paracentral-lobule female:allen-paracentral-lobule-caudal-part-l female:anterior-segment-of-paracentral-lobule-2 female:allen-paracentral-lobule-caudal-part-r"
5467,"Parietal lobe",14,structure,other,none,0,""
5468,"Parietal operculum",14,structure,other,exact,2,"female:parietal-operculum female:parietal-operculum-2"
5469,"Postcentral gyrus",14,structure,brain / spinal cord / meninges,exact,4,"male:left-postcentral-gyrus male:right-postcentral-gyrus female:postcentral-gyrus female:postcentral-gyrus-2"
5470,"Postcentral sulcus",14,feature,,n/a,0,""
5471,"Inferior parietal lobule",14,structure,other,none,0,""
5472,"Angular gyrus",14,structure,brain / spinal cord / meninges,exact,2,"male:left-angular-gyrus male:right-angular-gyrus"
5473,"Supramarginal gyrus",14,structure,brain / spinal cord / meninges,exact,2,"male:left-supramarginal-gyrus male:right-supramarginal-gyrus"
5474,"Posterior ramus of lateral sulcus",14,feature,,n/a,0,""
5475,"Sulcus intraparietalis",14,feature,,n/a,0,""
5476,"Lobulus parietalis superior",14,structure,other,none,0,""
5477,"Posterior paracentral gyrus",14,structure,brain / spinal cord / meninges,none,0,""
5478,"Marginal branch of cingulate sulcus",14,feature,,n/a,0,""
5479,"Precuneus",14,structure,other,exact,2,"male:left-precuneus male:right-precuneus"
5480,"Occipital lobe",14,structure,other,exact,2,"male:left-occipital-lobe male:right-occipital-lobe"
5481,"Superior occipital gyri",14,structure,brain / spinal cord / meninges,exact,2,"male:left-superior-occipital-gyri male:right-superior-occipital-gyri"
5482,"Lateral occipital gyri",14,structure,brain / spinal cord / meninges,none,0,""
5483,"(Lunate sulcus)",14,feature,,n/a,0,""
5484,"Transverse occipital sulcus",14,feature,,n/a,0,""
5485,"Cuneus",14,structure,other,exact,2,"male:left-cuneus male:right-cuneus"
5486,"Calcarine sulcus",14,feature,,n/a,0,""
5487,"Lingual gyrus",14,structure,brain / spinal cord / meninges,exact,4,"male:left-lingual-gyrus male:right-lingual-gyrus female:lingual-gyrus female:lingual-gyrus-2"
5488,"Temporal lobe",14,structure,other,none,0,""
5489,"Superior temporal gyrus",14,structure,brain / spinal cord / meninges,exact,2,"female:superior-temporal-gyrus female:superior-temporal-gyrus-2"
5490,"Temporal operculum",14,structure,other,none,0,""
5491,"Transverse temporal gyri",14,structure,brain / spinal cord / meninges,exact,2,"male:left-transverse-temporal-gyri male:right-transverse-temporal-gyri"
5492,"Transverse temporal sulci",14,structure,other,none,0,""
5493,"Temporal plane",14,feature,,n/a,0,""
5494,"Superior temporal sulcus",14,feature,,n/a,0,""
5495,"Middle temporal gyrus",14,structure,brain / spinal cord / meninges,exact,4,"male:left-middle-temporal-gyrus male:right-middle-temporal-gyrus female:middle-temporal-gyrus female:middle-temporal-gyrus-2"
5496,"Inferior temporal sulcus",14,feature,,n/a,0,""
5497,"Inferior temporal gyrus",14,structure,brain / spinal cord / meninges,exact,4,"male:left-inferior-temporal-gyrus male:right-inferior-temporal-gyrus female:inferior-temporal-gyrus female:inferior-temporal-gyrus-2"
5498,"Occipitotemporal sulcus",14,feature,,n/a,0,""
5499,"Occipitotemporal gyri",14,structure,brain / spinal cord / meninges,none,0,""
5500,"Lateral occipitotemporal gyrus",14,structure,brain / spinal cord / meninges,exact,2,"male:left-lateral-occipitotemporal-gyrus male:right-lateral-occipitotemporal-gyrus"
5501,"Medial occipitotemporal gyrus",14,structure,brain / spinal cord / meninges,partial,2,"male:left-medial-occipitotemporal-gyrus-parahippocampal male:right-medial-occipitotemporal-gyrus-parahippocampal"
5502,"Insula",14,structure,other,exact,2,"male:left-insula male:right-insula"
5503,"Limen insulae",14,structure,other,none,0,""
5504,"Short gyri of insula",14,structure,brain / spinal cord / meninges,none,0,""
5505,"Central sulcus of insula",14,feature,,n/a,0,""
5506,"Long gyrus of insula",14,structure,brain / spinal cord / meninges,none,0,""
5507,"Limbic lobe",14,structure,other,none,0,""
5508,"Limbic gyrus",14,structure,brain / spinal cord / meninges,none,0,""
5509,"Subcallosal area",14,structure,other,exact,2,"female:subcallosal-area female:subcallosal-area-2"
5510,"Paraolfactory gyri",14,structure,brain / spinal cord / meninges,none,0,""
5511,"Paraolfactory sulci",14,structure,other,none,0,""
5512,"Fornicate gyrus",14,structure,brain / spinal cord / meninges,none,0,""
5513,"Cingulate gyrus",14,structure,brain / spinal cord / meninges,exact,2,"male:left-cingulate-gyrus male:right-cingulate-gyrus"
5514,"Isthmus of cingulate gyrus",14,structure,brain / spinal cord / meninges,exact,2,"female:isthmus-of-cingulate-gyrus female:isthmus-of-cingulate-gyrus-2"
5515,"Parahippocampal gyrus",14,structure,brain / spinal cord / meninges,exact,2,"male:left-parahippocampal-gyrus male:right-parahippocampal-gyrus"
5516,"Uncus",14,structure,other,none,0,""
5517,"Paraterminal gyrus",14,structure,brain / spinal cord / meninges,none,0,""
5518,"Hippocampus",14,structure,brain / spinal cord / meninges,exact,2,"male:left-hippocampus male:right-hippocampus"
5519,"Subiculum",14,structure,other,none,0,""
5520,"Cornu ammonis",14,structure,other,none,0,""
5521,"Dentate gyrus",14,structure,brain / spinal cord / meninges,none,0,""
5522,"Hippocampal sulcus",14,feature,,n/a,0,""
5523,"Alveus",14,structure,other,none,0,""
5524,"Fimbria of hippocampus",14,structure,brain / spinal cord / meninges,none,0,""
5525,"Fasciolar gyrus",14,structure,brain / spinal cord / meninges,none,0,""
5526,"Indusium griseum",14,structure,other,none,0,""
5527,"Pallium",14,structure,other,none,0,""
5528,"Cerebral cortex",14,structure,brain / spinal cord / meninges,none,0,""
5529,"Allocortex",14,structure,other,none,0,""
5530,"Archicortex",14,structure,other,none,0,""
5531,"Paleocortex",14,structure,other,none,0,""
5532,"Neocortex",14,structure,other,none,0,""
5533,"Juxtallocortex",14,structure,other,none,0,""
5534,"Isocortex",14,structure,other,none,0,""
5535,"Claustrum",14,structure,other,partial,2,"female:allen-claustrum-l female:allen-claustrum-r"
5536,"Basal forebrain",14,structure,other,partial,2,"female:allen-basal-forebrain-l female:allen-basal-forebrain-r"
5537,"Olfactory structures",14,structure,eye / ear / sense organ,none,0,""
5538,"Olfactory bulb",14,structure,eye / ear / sense organ,exact,1,"female:olfactory-bulb"
5539,"Olfactory tract",14,structure,brain / spinal cord / meninges,partial,2,"female:allen-olfactory-tract-l female:allen-olfactory-tract-r"
5540,"Medial olfactory stria",14,structure,eye / ear / sense organ,none,0,""
5541,"Lateral olfactory stria",14,structure,eye / ear / sense organ,none,0,""
5542,"Olfactory trigone",14,structure,eye / ear / sense organ,none,0,""
5543,"Anterior olfactory nucleus",14,structure,brain / spinal cord / meninges,exact,1,"female:anterior-olfactory-nucleus"
5544,"Anterior perforated substance",14,structure,other,none,0,""
5545,"Magnocellular nuclei of basal forebrain",14,structure,brain / spinal cord / meninges,none,0,""
5546,"Nucleus basalis",14,structure,brain / spinal cord / meninges,none,0,""
5547,"Diagonal band",14,structure,other,none,0,""
5548,"Septal nuclei",14,structure,brain / spinal cord / meninges,exact,1,"male:septal-nuclei"
5549,"Amygdaloid body",14,structure,other,exact,2,"male:left-amygdaloid-body male:right-amygdaloid-body"
5550,"Periamygdaloid cortex",14,structure,brain / spinal cord / meninges,none,0,""
5551,"Basolateral amygdaloid nuclei",14,structure,brain / spinal cord / meninges,none,0,""
5552,"Centromedial amygdaloid nuclei",14,structure,brain / spinal cord / meninges,none,0,""
5553,"Transition areas of amygdala",14,structure,brain / spinal cord / meninges,none,0,""
5554,"Sublenticular extended amygdala",14,structure,brain / spinal cord / meninges,none,0,""
5555,"Bed nucleus of stria terminalis",14,structure,brain / spinal cord / meninges,partial,2,"female:allen-bed-nucleus-of-stria-terminalis-l female:allen-bed-nucleus-of-stria-terminalis-r"
5556,"Ventral pallidum",14,structure,other,none,0,""
5557,"Ventral striatum",14,structure,other,none,0,""
5558,"Nucleus accumbens",14,structure,brain / spinal cord / meninges,partial,2,"female:allen-nucleus-accumbens-l female:allen-nucleus-accumbens-r"
5559,"Corpus striatum",14,structure,other,none,0,""
5560,"Dorsal striatum",14,structure,other,none,0,""
5561,"Caudate nucleus",14,structure,brain / spinal cord / meninges,exact,2,"male:left-caudate-nucleus male:right-caudate-nucleus"
5562,"Head of caudate nucleus",14,feature,,n/a,0,""
5563,"Body of caudate nucleus",14,feature,,n/a,0,""
5564,"Tail of caudate nucleus",14,structure,brain / spinal cord / meninges,none,0,""
5565,"Caudatolenticular gray bridges",14,structure,other,none,0,""
5566,"Putamen",14,structure,other,exact,4,"male:left-putamen male:right-putamen female:f-left-putamen female:f-right-putamen"
5567,"Lentiform nucleus",14,structure,brain / spinal cord / meninges,exact,2,"male:left-lentiform-nucleus male:right-lentiform-nucleus"
5568,"Lateral medullary lamina",14,structure,other,none,0,""
5569,"Globus pallidus",14,structure,other,exact,2,"male:left-globus-pallidus male:right-globus-pallidus"
5570,"Lateral segment of globus pallidus",14,structure,other,partial,2,"female:allen-external-segment-of-globus-pallidus-l female:allen-external-segment-of-globus-pallidus-r"
5571,"Medial medullary lamina",14,structure,other,none,0,""
5572,"Medial segment of globus pallidus",14,structure,other,partial,2,"female:allen-internal-segment-of-globus-pallidus-l female:allen-internal-segment-of-globus-pallidus-r"
5573,"White matter of telencephalon",14,structure,other,none,0,""
5574,"Semioval center",14,structure,other,none,0,""
5575,"Corona radiata",14,structure,other,none,0,""
5576,"Internal capsule",14,structure,ligament / capsule,exact,2,"male:left-internal-capsule male:right-internal-capsule"
5577,"Anterior limb of internal capsule",14,structure,ligament / capsule,partial,2,"male:branch-of-right-anterior-choroidal-artery-to-posterior-limb-of-right-internal-ca male:branch-of-left-anterior-choroidal-artery-to-posterior-limb-of-left-internal-caps"
5578,"Anterior thalamic radiation",14,structure,other,none,0,""
5579,"Genu of internal capsule",14,structure,ligament / capsule,none,0,""
5580,"Posterior limb of internal capsule",14,structure,ligament / capsule,partial,2,"male:branch-of-right-anterior-choroidal-artery-to-posterior-limb-of-right-internal-ca male:branch-of-left-anterior-choroidal-artery-to-posterior-limb-of-left-internal-caps"
5581,"Central thalamic radiation",14,structure,other,none,0,""
5582,"Thalamoparietal fibers",14,structure,other,none,0,""
5583,"Retrolentiform limb of internal capsule",14,structure,ligament / capsule,none,0,""
5584,"Optic radiation",14,structure,other,exact,2,"female:optic-radiation female:optic-radiation-2"
5585,"Posterior thalamic radiation",14,structure,other,none,0,""
5586,"Sublentiform limb of internal capsule",14,structure,ligament / capsule,none,0,""
5587,"Acoustic radiation",14,structure,other,none,0,""
5588,"External capsule",14,structure,ligament / capsule,none,0,""
5589,"Extreme capsule",14,structure,ligament / capsule,none,0,""
5590,"Lateral longitudinal stria",14,structure,other,none,0,""
5591,"Medial longitudinal stria",14,structure,other,none,0,""
5592,"Stria terminalis",14,structure,other,exact,2,"male:left-stria-terminalis male:stria-of-telencephalon"
5593,"Association fibers of telencephalon",14,structure,other,none,0,""
5594,"Short association fibers",14,structure,other,none,0,""
5595,"Cerebral arcuate fibers",14,structure,brain / spinal cord / meninges,none,0,""
5596,"Long association fibers",14,structure,other,none,0,""
5597,"Cingulum",14,structure,other,none,0,""
5598,"Inferior longitudinal fasciculus",14,structure,brain / spinal cord / meninges,none,0,""
5599,"Superior longitudinal fasciculus",14,structure,brain / spinal cord / meninges,none,0,""
5600,"Uncinate fasciculus of cerebrum",14,structure,brain / spinal cord / meninges,none,0,""
5601,"Inferior occipitofrontal fasciculus",14,structure,brain / spinal cord / meninges,none,0,""
5602,"Superior occipitofrontal fasciculus",14,structure,brain / spinal cord / meninges,none,0,""
5603,"Commissural fibers of telencephalon",14,structure,other,none,0,""
5604,"Corpus callosum",14,structure,other,exact,3,"male:corpus-callosum female:f-corpus-callosum female:f-corpus-callosum-2"
5605,"Rostrum of corpus callosum",14,structure,other,none,0,""
5606,"Genu of corpus callosum",14,structure,other,none,0,""
5607,"Body of corpus callosum",14,feature,,n/a,0,""
5608,"Splenium of corpus callosum",14,structure,other,none,0,""
5609,"Radiation of corpus callosum",14,structure,other,none,0,""
5610,"Frontal forceps",14,structure,other,none,0,""
5611,"Occipital forceps",14,structure,other,none,0,""
5612,"Tapetum",14,structure,other,none,0,""
5613,"Anterior commissure",14,structure,brain / spinal cord / meninges,exact,3,"male:anterior-commissure female:f-anterior-commissure female:f-anterior-commissure-2"
5614,"Anterior part of anterior commissure",14,structure,brain / spinal cord / meninges,exact,3,"male:anterior-commissure female:f-anterior-commissure female:f-anterior-commissure-2"
5615,"Posterior part of anterior commissure",14,structure,brain / spinal cord / meninges,none,0,""
5616,"Hippocampal commissure",14,structure,brain / spinal cord / meninges,exact,1,"male:hippocampal-commissure"
5617,"Projection fibers of telencephalon",14,structure,other,none,0,""
5618,"Corticospinal fibers",14,structure,other,none,0,""
5619,"Corticopontine fibers",14,structure,other,none,0,""
5620,"Frontopontine fibres",14,structure,other,none,0,""
5621,"Parietopontine fibres",14,structure,other,none,0,""
5622,"Occipitopontine fibres",14,structure,other,none,0,""
5623,"Temporopontine fibres",14,structure,other,none,0,""
5624,"Corticonuclear fibers",14,structure,other,none,0,""
5625,"Mesencephalic corticonuclear fibres",14,structure,other,none,0,""
5626,"Pontine corticonuclear fibres",14,structure,other,none,0,""
5627,"Medullary corticonuclear fibres",14,structure,other,none,0,""
5628,"Corticoreticular fibers",14,structure,other,none,0,""
5629,"Corticomesencephalic fibers",14,structure,other,none,0,""
5630,"Corticorubral fibers",14,structure,other,none,0,""
5631,"Corticotectal fibers",14,structure,other,none,0,""
5632,"Corticothalamic fibers",14,structure,other,none,0,""
5633,"Fornix",14,structure,other,exact,2,"male:left-fornix male:right-fornix"
5634,"Crus of fornix",14,structure,other,none,0,""
5635,"Body of fornix",14,feature,,n/a,0,""
5636,"Column of fornix",14,structure,other,none,0,""
5637,"Precommissural fibers",14,structure,other,none,0,""
5638,"Postcommissural fibers",14,structure,other,none,0,""
5639,"Lateral ventricle",14,structure,viscus (thorax / abdomen / pelvis),exact,2,"male:left-lateral-ventricle male:right-lateral-ventricle"
5640,"Frontal horn",14,structure,other,partial,2,"female:allen-anterior-horn-of-lateral-ventricle-l female:allen-anterior-horn-of-lateral-ventricle-r"
5641,"Interventricular foramen",14,feature,,n/a,0,""
5642,"Body of lateral ventricle",14,feature,,n/a,0,""
5643,"Atrium of lateral ventricle",14,structure,viscus (thorax / abdomen / pelvis),partial,2,"female:allen-atrium-of-lateral-ventricle-l female:allen-atrium-of-lateral-ventricle-r"
5644,"Occipital horn",14,structure,other,partial,2,"female:allen-posterior-horn-of-lateral-ventricle-l female:allen-posterior-horn-of-lateral-ventricle-r"
5645,"Temporal horn",14,structure,other,partial,2,"female:allen-inferior-horn-of-lateral-ventricle-l female:allen-inferior-horn-of-lateral-ventricle-r"
5646,"Walls of lateral ventricle",14,structure,viscus (thorax / abdomen / pelvis),none,0,""
5647,"Septum pellucidum",14,structure,other,exact,1,"male:septum-pellucidum"
5648,"Cave of septum pellucidum",14,structure,other,none,0,""
5649,"Laminae of septum pellucidum",14,structure,other,none,0,""
5650,"Lamina affixa",14,structure,other,none,0,""
5651,"Choroid line of lateral ventricle",14,feature,,n/a,0,""
5652,"Choroid fissure",14,feature,,n/a,0,""
5653,"Tenia of fornix",14,structure,other,none,0,""
5654,"Choroid plexus of lateral ventricle",14,structure,brain / spinal cord / meninges,none,0,""
5655,"Choroidal enlargement",14,structure,other,none,0,""
5656,"Pes hippocampi",14,structure,other,none,0,""
5657,"Collateral trigone",14,structure,other,none,0,""
5658,"Collateral eminence",14,feature,,n/a,0,""
5659,"Bulb of occipital horn",14,structure,other,none,0,""
5660,"Calcarine spur",14,structure,other,none,0,""
5661,"Diencephalon",14,structure,other,none,0,""
5662,"Habenula",14,structure,other,exact,1,"male:habenula"
5663,"Habenular trigone",14,structure,other,none,0,""
5664,"Habenular sulcus",14,feature,,n/a,0,""
5665,"Pulvinar",14,structure,other,partial,2,"female:allen-pulvinar-of-thalamus-l female:allen-pulvinar-of-thalamus-r"
5666,"Lateral geniculate body",14,structure,other,exact,2,"male:left-lateral-geniculate-body male:right-lateral-geniculate-body"
5667,"Medial geniculate body",14,structure,other,exact,2,"male:right-medial-geniculate-body male:left-medial-geniculate-body"
5668,"Optic chiasm",14,structure,other,exact,2,"male:optic-chiasm male:optic-chiasm-2"
5669,"Optic tract",14,structure,brain / spinal cord / meninges,exact,4,"male:left-optic-tract male:right-optic-tract female:optic-tract female:optic-tract-2"
5670,"Lateral root of optic tract",14,feature,,n/a,0,""
5671,"Medial root of optic tract",14,feature,,n/a,0,""
5672,"Infundibulum of hypothalamus",14,structure,brain / spinal cord / meninges,none,0,""
5673,"Tuber cinereum",14,structure,other,exact,2,"male:tuber-cinereum male:tuber-cinereum-2"
5674,"Mammillary body",14,structure,other,exact,2,"male:gray-matter-of-diencephalon male:gray-matter-of-diencephalon-2"
5675,"Epithalamus",14,structure,other,none,0,""
5676,"Lateral habenular nucleus",14,structure,brain / spinal cord / meninges,none,0,""
5677,"Medial habenular nucleus",14,structure,brain / spinal cord / meninges,none,0,""
5678,"Thalamus",14,structure,brain / spinal cord / meninges,exact,2,"male:left-thalamus male:right-thalamus"
5679,"Anterior nuclei of thalamus",14,structure,brain / spinal cord / meninges,partial,2,"female:allen-ventral-anterior-nucleus-of-thalamus-l female:allen-ventral-anterior-nucleus-of-thalamus-r"
5680,"Medial nuclei of thalamus",14,structure,brain / spinal cord / meninges,none,0,""
5681,"Mediodorsal nucleus",14,structure,brain / spinal cord / meninges,partial,2,"female:allen-mediodorsal-nucleus-of-thalamus-l female:allen-mediodorsal-nucleus-of-thalamus-r"
5682,"Thalamic medullary laminae",14,structure,other,none,0,""
5683,"External medullary lamina of thalamus",14,structure,brain / spinal cord / meninges,none,0,""
5684,"Internal medullary lamina of thalamus",14,structure,brain / spinal cord / meninges,none,0,""
5685,"Intralaminar nuclei of thalamus",14,structure,brain / spinal cord / meninges,none,0,""
5686,"Lateral nuclei of thalamus",14,structure,brain / spinal cord / meninges,partial,6,"female:allen-lateral-dorsal-nucleus-of-thalamus-l female:allen-lateral-posterior-nucleus-of-thalamus-l female:allen-ventral-lateral-nucleus-of-thalamus-l female:allen-lateral-dorsal-nucleus-of-thalamus-r"
5687,"Ventral nuclei of thalamus",14,structure,brain / spinal cord / meninges,partial,4,"female:allen-ventral-anterior-nucleus-of-thalamus-l female:allen-ventral-lateral-nucleus-of-thalamus-l female:allen-ventral-anterior-nucleus-of-thalamus-r female:allen-ventral-lateral-nucleus-of-thalamus-r"
5688,"Ventral anterior nucleus",14,structure,brain / spinal cord / meninges,partial,2,"female:allen-ventral-anterior-nucleus-of-thalamus-l female:allen-ventral-anterior-nucleus-of-thalamus-r"
5689,"Ventral lateral nuclei",14,structure,brain / spinal cord / meninges,partial,4,"female:allen-ventral-lateral-nucleus-of-thalamus-l female:allen-ventral-lateral-nucleus-of-thalamus-r female:allen-ventral-posterior-lateral-nucleus-l female:allen-ventral-posterior-lateral-nucleus-r"
5690,"Ventral medial nuclei",14,structure,brain / spinal cord / meninges,partial,2,"female:allen-ventral-posterior-medial-nucleus-l female:allen-ventral-posterior-medial-nucleus-r"
5691,"Ventroposterior complex",14,structure,other,none,0,""
5692,"Ventral posterolateral nucleus",14,structure,brain / spinal cord / meninges,none,0,""
5693,"Ventral posteromedial nucleus",14,structure,brain / spinal cord / meninges,none,0,""
5694,"Ventral posterior inferior nucleus",14,structure,brain / spinal cord / meninges,none,0,""
5695,"Dorsal nuclei of thalamus",14,structure,brain / spinal cord / meninges,partial,2,"female:allen-lateral-dorsal-nucleus-of-thalamus-l female:allen-lateral-dorsal-nucleus-of-thalamus-r"
5696,"Lateral dorsal nucleus",14,structure,brain / spinal cord / meninges,partial,4,"female:allen-lateral-dorsal-nucleus-of-thalamus-l female:allen-dorsal-lateral-geniculate-nucleus-l female:allen-lateral-dorsal-nucleus-of-thalamus-r female:allen-dorsal-lateral-geniculate-nucleus-r"
5697,"Lateral posterior nucleus",14,structure,brain / spinal cord / meninges,partial,4,"female:allen-lateral-posterior-nucleus-of-thalamus-l female:allen-lateral-posterior-nucleus-of-thalamus-r female:allen-ventral-posterior-lateral-nucleus-l female:allen-ventral-posterior-lateral-nucleus-r"
5698,"Pulvinar nuclei",14,structure,brain / spinal cord / meninges,none,0,""
5699,"Periventricular nuclei of thalamus",14,structure,brain / spinal cord / meninges,none,0,""
5700,"Nuclei of geniculate bodies",14,structure,brain / spinal cord / meninges,partial,4,"female:allen-dorsal-lateral-geniculate-nucleus-l female:allen-medial-geniculate-nuclei-l female:allen-dorsal-lateral-geniculate-nucleus-r female:allen-medial-geniculate-nuclei-r"
5701,"Lateral geniculate nucleus",14,structure,brain / spinal cord / meninges,partial,2,"female:allen-dorsal-lateral-geniculate-nucleus-l female:allen-dorsal-lateral-geniculate-nucleus-r"
5702,"Medial geniculate nuclei",14,structure,brain / spinal cord / meninges,partial,2,"female:allen-medial-geniculate-nuclei-l female:allen-medial-geniculate-nuclei-r"
5703,"Prethalamus",14,structure,other,none,0,""
5704,"Reticular nucleus of prethalamus",14,structure,brain / spinal cord / meninges,none,0,""
5705,"Pregeniculate nucleus",14,structure,brain / spinal cord / meninges,none,0,""
5706,"Nuclei of perizonal fields",14,structure,brain / spinal cord / meninges,none,0,""
5707,"Zona incerta",14,structure,other,partial,2,"female:allen-zona-incerta-l female:allen-zona-incerta-r"
5708,"Subthalamus",14,structure,other,none,0,""
5709,"Subthalamic nucleus",14,structure,brain / spinal cord / meninges,partial,2,"female:allen-subthalamic-nucleus-r female:allen-subthalamic-nucleus-l"
5710,"Preoptic area",14,structure,other,none,0,""
5711,"Periventricular preoptic nucleus",14,structure,brain / spinal cord / meninges,none,0,""
5712,"Medial preoptic nucleus",14,structure,brain / spinal cord / meninges,none,0,""
5713,"Lateral preoptic nucleus",14,structure,brain / spinal cord / meninges,none,0,""
5714,"Hypothalamus",14,structure,brain / spinal cord / meninges,exact,4,"male:hypothalamus male:hypothalamus-2 female:f-hypothalamus female:f-hypothalamus-2"
5715,"Periventricular hypothalamic zone",14,structure,other,none,0,""
5716,"Medial hypothalamic zone",14,structure,other,none,0,""
5717,"Lateral hypothalamic zone",14,structure,other,none,0,""
5718,"Anterior hypothalamic area",14,structure,other,none,0,""
5719,"Anterior periventricular hypothalamic nucleus",14,structure,brain / spinal cord / meninges,none,0,""
5720,"Suprachiasmatic nucleus",14,structure,brain / spinal cord / meninges,none,0,""
5721,"Supraoptic nucleus",14,structure,brain / spinal cord / meninges,none,0,""
5722,"Paraventricular hypothalamic nucleus",14,structure,brain / spinal cord / meninges,none,0,""
5723,"Anterior part of lateral hypothalamic area",14,structure,other,none,0,""
5724,"Intermediate hypothalamic area",14,structure,other,none,0,""
5725,"Posterior periventricular hypothalamic nucleus",14,structure,brain / spinal cord / meninges,none,0,""
5726,"Arcuate nucleus of hypothalamus",14,structure,brain / spinal cord / meninges,none,0,""
5727,"Perifornical nucleus",14,structure,brain / spinal cord / meninges,none,0,""
5728,"Dorsomedial hypothalamic nucleus",14,structure,brain / spinal cord / meninges,none,0,""
5729,"Ventromedial hypothalamic nucleus",14,structure,brain / spinal cord / meninges,none,0,""
5730,"Tuberal part of lateral hypothalamic area",14,structure,other,none,0,""
5731,"Posterior hypothalamic area",14,structure,other,none,0,""
5732,"Medial mammillary nucleus",14,structure,brain / spinal cord / meninges,none,0,""
5733,"Lateral mammillary nucleus",14,structure,brain / spinal cord / meninges,none,0,""
5734,"Tuberomammillary nucleus",14,structure,brain / spinal cord / meninges,none,0,""
5735,"Lateral tuberal nucleus",14,structure,brain / spinal cord / meninges,none,0,""
5736,"Posterior part of lateral hypothalamic area",14,structure,other,none,0,""
5737,"Dorsal hypothalalmic area",14,structure,other,none,0,""
5738,"Posterior hypothalamic nucleus",14,structure,brain / spinal cord / meninges,none,0,""
5739,"Pretectum",14,structure,other,none,0,""
5740,"Pretectal nuclei",14,structure,brain / spinal cord / meninges,none,0,""
5741,"Nucleus of posterior commissure",14,structure,brain / spinal cord / meninges,none,0,""
5742,"Accessory nuclei of optic tract",14,structure,brain / spinal cord / meninges,none,0,""
5743,"Prerubral tegmentum",14,structure,other,none,0,""
5744,"Interstitial nucleus",14,structure,brain / spinal cord / meninges,none,0,""
5745,"Elliptic nucleus",14,structure,brain / spinal cord / meninges,none,0,""
5746,"White matter of diencephalon",14,structure,other,none,0,""
5747,"Stria medullaris thalami",14,structure,other,exact,2,"male:left-stria-medullaris-thalami male:right-stria-medullaris-thalami"
5748,"Habenular commissure",14,structure,brain / spinal cord / meninges,none,0,""
5749,"Posterior commissure",14,structure,brain / spinal cord / meninges,exact,1,"male:commissure-of-diencephalon"
5750,"Habenulointerpeduncular tract",14,structure,brain / spinal cord / meninges,none,0,""
5751,"Ansa lenticularis",14,structure,other,none,0,""
5752,"Lenticular fasciculus",14,structure,brain / spinal cord / meninges,none,0,""
5753,"Ansa peduncularis",14,structure,other,none,0,""
5754,"Fasciculus peduncularis",14,structure,brain / spinal cord / meninges,none,0,""
5755,"Fasciculus subthalamicus",14,structure,brain / spinal cord / meninges,none,0,""
5756,"Fasciculus thalamicus",14,structure,brain / spinal cord / meninges,none,0,""
5757,"Mammillothalamic fasciculus",14,structure,brain / spinal cord / meninges,none,0,""
5758,"Mammillotegmental fasciculus",14,structure,brain / spinal cord / meninges,none,0,""
5759,"Supraoptic commissures",14,structure,other,none,0,""
5760,"Dorsal supraoptic commissure",14,structure,brain / spinal cord / meninges,none,0,""
5761,"Ventral supraoptic commissure",14,structure,brain / spinal cord / meninges,none,0,""
5762,"Periventricular fibers of thalamus",14,structure,brain / spinal cord / meninges,none,0,""
5763,"Periventricular fibers of hypothalamus",14,structure,brain / spinal cord / meninges,none,0,""
5764,"Medial forebrain bundle",14,structure,other,none,0,""
5765,"Hypothalamohypophyseal tract",14,structure,brain / spinal cord / meninges,none,0,""
5766,"Supraopticohypophyseal tract",14,structure,brain / spinal cord / meninges,none,0,""
5767,"Paraventriculohypophyseal tract",14,structure,brain / spinal cord / meninges,none,0,""
5768,"Retinohypothalamic tract",14,structure,brain / spinal cord / meninges,none,0,""
5769,"Third ventricle",14,structure,viscus (thorax / abdomen / pelvis),exact,1,"male:third-ventricle"
5770,"Suprapineal recess",14,space,,n/a,0,""
5771,"Pineal recess",14,space,,n/a,0,""
5772,"Infundibular recess",14,space,,n/a,0,""
5773,"Supraoptic recess",14,space,,n/a,0,""
5774,"Superior opening of aqueduct of midbrain",14,structure,other,none,0,""
5775,"Walls of third ventricle",14,structure,viscus (thorax / abdomen / pelvis),none,0,""
5776,"Lamina terminalis",14,structure,other,exact,2,"male:lamina-of-cerebral-hemisphere male:lamina-of-cerebral-hemisphere-2"
5777,"Anterior thalamic tubercle",14,feature,,n/a,0,""
5778,"Interthalamic adhesion",14,structure,other,none,0,""
5779,"Hypothalamic sulcus",14,feature,,n/a,0,""
5780,"Periventricular organs of third ventricle",14,structure,viscus (thorax / abdomen / pelvis),none,0,""
5781,"Vascular organ of lamina terminalis",14,structure,other,none,0,""
5782,"Subfornical organ",14,structure,other,none,0,""
5783,"Subcommissural organ",14,structure,other,none,0,""
5784,"Median eminence",14,feature,,n/a,0,""
5785,"Tenia thalami",14,structure,other,none,0,""
5786,"Choroid plexus of third ventricle",14,structure,brain / spinal cord / meninges,none,0,""
5787,"Tela choroidea of third ventricle",14,structure,viscus (thorax / abdomen / pelvis),none,0,""
5788,"CEREBELLUM",14,structure,brain / spinal cord / meninges,exact,2,"male:cerebellum male:cerebellum-2"
5789,"Arbor vitae",14,structure,other,none,0,""
5790,"Cerebellar fissures",14,structure,brain / spinal cord / meninges,none,0,""
5791,"Folia of cerebellum",14,structure,brain / spinal cord / meninges,none,0,""
5792,"Body of cerebellum",14,feature,,n/a,0,""
5793,"Anterior lobe of cerebellum",14,structure,brain / spinal cord / meninges,none,0,""
5794,"Primary fissure",14,feature,,n/a,0,""
5795,"Posterior lobe of cerebellum",14,structure,brain / spinal cord / meninges,none,0,""
5796,"Horizontal fissure",14,feature,,n/a,0,""
5797,"Secondary fissure",14,feature,,n/a,0,""
5798,"Posterolateral fissure",14,feature,,n/a,0,""
5799,"Flocculonodular lobe",14,structure,other,none,0,""
5800,"Vallecula of cerebellum",14,structure,brain / spinal cord / meninges,none,0,""
5801,"Pontocerebellum",14,structure,other,none,0,""
5802,"Spinocerebellum",14,structure,other,none,0,""
5803,"Vestibulocerebellum",14,structure,other,none,0,""
5804,"Hemisphere of cerebellum",14,structure,brain / spinal cord / meninges,partial,2,"female:allen-lateral-hemisphere-of-cerebellum-l female:allen-lateral-hemisphere-of-cerebellum-r"
5805,"Wing of central lobule",14,structure,other,exact,2,"male:left-wing-of-central-lobule male:right-wing-of-central-lobule"
5806,"Lobule II of cerebellar hemisphere",14,structure,brain / spinal cord / meninges,none,0,""
5807,"Lobule III of cerebellar hemisphere",14,structure,brain / spinal cord / meninges,none,0,""
5808,"Anterior quadrangular lobule",14,structure,other,exact,2,"male:left-anterior-quadrangular-lobule male:right-anterior-quadrangular-lobule"
5809,"Lobule IV of cerebellar hemisphere",14,structure,brain / spinal cord / meninges,none,0,""
5810,"Lobule V of cerebellar hemisphere",14,structure,brain / spinal cord / meninges,none,0,""
5811,"Posterior quadrangular lobule",14,structure,other,exact,2,"male:left-posterior-quadrangular-lobule male:right-posterior-quadrangular-lobule"
5812,"Semilunar lobules",14,structure,other,partial,4,"male:left-inferior-semilunar-lobule male:right-inferior-semilunar-lobule male:left-superior-semilunar-lobule male:right-superior-semilunar-lobule"
5813,"Superior semilunar lobule",14,structure,other,exact,2,"male:left-superior-semilunar-lobule male:right-superior-semilunar-lobule"
5814,"Inferior semilunar lobule",14,structure,other,exact,2,"male:left-inferior-semilunar-lobule male:right-inferior-semilunar-lobule"
5815,"Gracile lobule",14,structure,other,exact,2,"male:left-gracile-lobule male:right-gracile-lobule"
5816,"Biventral lobule",14,structure,other,exact,2,"male:left-biventral-lobule male:right-biventral-lobule"
5817,"Tonsil of cerebellum",14,structure,lymphatic,exact,2,"male:left-tonsil-of-cerebellum male:right-tonsil-of-cerebellum"
5818,"Flocculus",14,structure,other,exact,2,"male:left-flocculus male:right-flocculus"
5819,"Vermis of cerebellum",14,structure,brain / spinal cord / meninges,none,0,""
5820,"Lingula of cerebellum",14,structure,brain / spinal cord / meninges,exact,1,"male:lingula-of-cerebellum"
5821,"Central lobule",14,structure,other,exact,1,"male:central-lobule"
5822,"Lobule II of vermis",14,structure,other,none,0,""
5823,"Lobule III of vermis",14,structure,other,none,0,""
5824,"Culmen",14,structure,other,exact,1,"male:culmen"
5825,"Lobule IV of vermis",14,structure,other,none,0,""
5826,"Lobule V of vermis",14,structure,other,none,0,""
5827,"Declive",14,structure,other,exact,1,"male:declive"
5828,"Folium of vermis",14,structure,other,exact,1,"male:folium-of-vermis"
5829,"Tuber of vermis",14,structure,other,exact,1,"male:tuber-of-vermis"
5830,"Pyramis of vermis",14,structure,other,exact,1,"male:pyramis-of-vermis"
5831,"Uvula of vermis",14,structure,other,exact,1,"male:uvula-of-vermis"
5832,"Nodule of vermis",14,structure,other,exact,1,"male:nodule-of-vermis"
5833,"Gray matter of cerebellum",14,structure,brain / spinal cord / meninges,none,0,""
5834,"Cerebellar cortex",14,structure,brain / spinal cord / meninges,none,0,""
5835,"Cerebellar nuclei",14,structure,brain / spinal cord / meninges,partial,2,"female:allen-cerebellar-deep-nuclei-l female:allen-cerebellar-deep-nuclei-r"
5836,"Dentate nucleus",14,structure,brain / spinal cord / meninges,none,0,""
5837,"Hilum of dentate nucleus",14,feature,,n/a,0,""
5838,"Emboliform nucleus",14,structure,brain / spinal cord / meninges,none,0,""
5839,"Globose nucleus",14,structure,brain / spinal cord / meninges,none,0,""
5840,"Fastigial nucleus",14,structure,brain / spinal cord / meninges,none,0,""
5841,"White matter of cerebellum",14,structure,brain / spinal cord / meninges,none,0,""
5842,"Medullary lamellae of cerebellum",14,structure,brain / spinal cord / meninges,none,0,""
5843,"Cerebellar commissure",14,structure,brain / spinal cord / meninges,none,0,""
5844,"Peduncle of flocculus",14,structure,other,exact,2,"male:left-peduncle-of-flocculus male:right-peduncle-of-flocculus"
5845,"Cerebellar peduncles",14,structure,brain / spinal cord / meninges,partial,8,"male:left-superior-cerebellar-peduncle male:right-superior-cerebellar-peduncle female:allen-superior-cerebellar-peduncle-brachium-conjunctivum-l female:allen-middle-cerebellar-peduncle-l"
5846,"Superior cerebellar peduncle",14,structure,brain / spinal cord / meninges,exact,2,"male:left-superior-cerebellar-peduncle male:right-superior-cerebellar-peduncle"
5847,"Dentatothalamic tract",14,structure,brain / spinal cord / meninges,none,0,""
5848,"Middle cerebellar peduncle",14,structure,brain / spinal cord / meninges,partial,2,"female:allen-middle-cerebellar-peduncle-l female:allen-middle-cerebellar-peduncle-r"
5849,"Pontocerebellar fibers",14,structure,other,none,0,""
5850,"Inferior cerebellar peduncle",14,structure,brain / spinal cord / meninges,partial,2,"female:allen-inferior-cerebellar-peduncle-l female:allen-inferior-cerebellar-peduncle-r"
5851,"Restiform body",14,structure,other,none,0,""
5852,"Cuneocerebellar fibers",14,structure,other,none,0,""
5853,"Olivocerebellar tract",14,structure,brain / spinal cord / meninges,none,0,""
5854,"Juxtarestiform body",14,structure,other,none,0,""
5855,"Uncinate fasciculus of cerebellum",14,structure,brain / spinal cord / meninges,none,0,""
5856,"BRAINSTEM",14,structure,other,none,0,""
5857,"Nuclei of cranial nerves",14,structure,brain / spinal cord / meninges,none,0,""
5858,"Nucleus of origin of cranial nerve",14,structure,brain / spinal cord / meninges,none,0,""
5859,"Terminal nucleus of cranial nerve",14,structure,brain / spinal cord / meninges,none,0,""
5860,"White matter of brainstem",14,structure,other,none,0,""
5861,"Medial lemniscus",14,structure,brain / spinal cord / meninges,none,0,""
5862,"Trigeminal lemniscus",14,structure,brain / spinal cord / meninges,none,0,""
5863,"Anterior trigeminothalamic tract",14,structure,brain / spinal cord / meninges,none,0,""
5864,"Posterior trigeminothalamic tract",14,structure,brain / spinal cord / meninges,none,0,""
5865,"Spinal lemniscus",14,structure,brain / spinal cord / meninges,none,0,""
5866,"Lateral lemniscus",14,structure,brain / spinal cord / meninges,none,0,""
5867,"Medial longitudinal fasciculus",14,structure,brain / spinal cord / meninges,none,0,""
5868,"Posterior longitudinal fasciculus",14,structure,brain / spinal cord / meninges,none,0,""
5869,"Central tegmental tract",14,structure,brain / spinal cord / meninges,none,0,""
5870,"Rubroolivary tract",14,structure,brain / spinal cord / meninges,none,0,""
5871,"Cerebelloolivary tract",14,structure,brain / spinal cord / meninges,none,0,""
5872,"Spinal tract of trigeminal nerve",14,structure,brain / spinal cord / meninges,none,0,""
5873,"Mesencephalic tract of trigeminal nerve",14,structure,brain / spinal cord / meninges,none,0,""
5874,"Midbrain",14,structure,other,exact,2,"male:cardinal-segment-of-brain male:cardinal-segment-of-brain-2"
5875,"Interpeduncular fossa",14,feature,,n/a,0,""
5876,"Posterior perforated substance",14,structure,other,none,0,""
5877,"Lateral groove of midbrain",14,feature,,n/a,0,""
5878,"Cerebral peduncle",14,structure,brain / spinal cord / meninges,exact,2,"female:cerebral-peduncle female:cerebral-peduncle-2"
5879,"Base of peduncle",14,feature,,n/a,0,""
5880,"Crus cerebri",14,structure,other,none,0,""
5881,"Substantia nigra",14,structure,other,exact,2,"female:substantia-nigra female:substantia-nigra-2"
5882,"Compact part of substantia nigra",14,structure,other,none,0,""
5883,"Reticular part of substantia nigra",14,structure,other,none,0,""
5884,"Lateral part of substantia nigra",14,structure,other,none,0,""
5885,"Tegmentum of midbrain",14,structure,other,partial,2,"female:allen-midbrain-tegmentum-r female:allen-midbrain-tegmentum-l"
5886,"Gray matter of tegmentum of midbrain",14,structure,other,none,0,""
5887,"Mesencephalic nucleus of trigeminal nerve",14,structure,brain / spinal cord / meninges,none,0,""
5888,"Nucleus of brachium of inferior colliculus",14,structure,brain / spinal cord / meninges,none,0,""
5889,"Parabigeminal nucleus",14,structure,brain / spinal cord / meninges,none,0,""
5890,"Nucleus of trochlear nerve",14,structure,brain / spinal cord / meninges,exact,2,"male:left-nucleus-of-trochlear-nerve male:right-nucleus-of-trochlear-nerve"
5891,"Oculomotor complex",14,structure,other,none,0,""
5892,"Nucleus of oculomotor nerve",14,structure,brain / spinal cord / meninges,exact,2,"male:left-nucleus-of-oculomotor-nerve male:right-nucleus-of-oculomotor-nerve"
5893,"Accessory nucleus of oculomotor nucleus",14,structure,brain / spinal cord / meninges,partial,2,"male:left-accessory-nucleus-of-oculomotor-nerve male:right-accessory-nucleus-of-oculomotor-nerve"
5894,"Lateroposterior tegmental nucleus",14,structure,brain / spinal cord / meninges,none,0,""
5895,"Pedunculopontine tegmental nucleus",14,structure,brain / spinal cord / meninges,none,0,""
5896,"Nuclei of anterior tegmental area",14,structure,brain / spinal cord / meninges,none,0,""
5897,"Interpeduncular nucleus",14,structure,brain / spinal cord / meninges,none,0,""
5898,"Red nucleus",14,structure,brain / spinal cord / meninges,exact,4,"male:left-red-nucleus male:right-red-nucleus female:red-nucleus female:red-nucleus-2"
5899,"Reticular formation of midbrain",14,structure,other,none,0,""
5900,"Cuneiform nucleus",14,structure,brain / spinal cord / meninges,none,0,""
5901,"Subcuneiform nucleus",14,structure,brain / spinal cord / meninges,none,0,""
5902,"Intracuneiform nucleus",14,structure,brain / spinal cord / meninges,none,0,""
5903,"White matter of tegmentum of midbrain",14,structure,other,none,0,""
5904,"Decussation of superior cerebellar peduncles",14,structure,brain / spinal cord / meninges,none,0,""
5905,"Tegmental decussations",14,structure,other,none,0,""
5906,"Anterior tegmental decussation",14,structure,brain / spinal cord / meninges,none,0,""
5907,"Posterior tegmental decussation",14,structure,brain / spinal cord / meninges,none,0,""
5908,"Central mesencephalic structures",14,structure,other,none,0,""
5909,"Periaqueductal gray substance",14,structure,other,none,0,""
5910,"Aqueduct of midbrain",14,structure,other,exact,1,"male:aqueduct-of-midbrain"
5911,"Tectum of midbrain",14,structure,other,none,0,""
5912,"Superior colliculus",14,structure,other,exact,4,"male:left-superior-colliculus male:right-superior-colliculus female:superior-colliculus female:superior-colliculus-2"
5913,"Layers of superior colliculus",14,structure,other,none,0,""
5914,"Brachium of superior colliculus",14,structure,other,exact,2,"male:brachium-of-left-superior-colliculus male:brachium-of-right-superior-colliculus"
5915,"Commissure of superior colliculi",14,structure,brain / spinal cord / meninges,none,0,""
5916,"Inferior colliculus",14,structure,other,exact,4,"male:left-inferior-colliculus male:right-inferior-colliculus female:inferior-colliculus female:inferior-colliculus-2"
5917,"Nuclei of inferior colliculus",14,structure,brain / spinal cord / meninges,none,0,""
5918,"Brachium of inferior colliculus",14,structure,other,exact,2,"male:brachium-of-left-inferior-colliculus male:brachium-of-right-inferior-colliculus"
5919,"Commissure of inferior colliculi",14,structure,brain / spinal cord / meninges,none,0,""
5920,"Trochlear decussation",14,structure,brain / spinal cord / meninges,none,0,""
5921,"Pons",14,structure,brain / spinal cord / meninges,exact,2,"male:segment-of-metencephalon male:segment-of-metencephalon-2"
5922,"Cerebellopontine angle",14,structure,other,none,0,""
5923,"Basilar sulcus",14,feature,,n/a,0,""
5924,"Medullopontine sulcus",14,feature,,n/a,0,""
5925,"Basilar part of pons",14,structure,brain / spinal cord / meninges,none,0,""
5926,"Pontine nuclei",14,structure,brain / spinal cord / meninges,none,0,""
5927,"Longitudinal pontine fibers",14,structure,other,none,0,""
5928,"Transverse pontine fibers",14,structure,other,none,0,""
5929,"Tegmentum of pons",14,structure,brain / spinal cord / meninges,exact,2,"female:pontine-tegmentum female:pontine-tegmentum-2"
5930,"Gray matter of pontine tegmentum",14,structure,other,none,0,""
5931,"Oral part of spinal trigeminal nucleus",14,structure,brain / spinal cord / meninges,none,0,""
5932,"Principal sensory nucleus of trigeminal nerve",14,structure,brain / spinal cord / meninges,none,0,""
5933,"Vestibular nuclei",14,structure,brain / spinal cord / meninges,exact,2,"male:left-vestibular-nuclei male:right-vestibular-nuclei"
5934,"Superior vestibular nucleus",14,structure,brain / spinal cord / meninges,none,0,""
5935,"Lateral vestibular nucleus",14,structure,brain / spinal cord / meninges,none,0,""
5936,"Nuclei of trapezoid body",14,structure,brain / spinal cord / meninges,none,0,""
5937,"Superior olivary nucleus",14,structure,brain / spinal cord / meninges,none,0,""
5938,"Nuclei of lateral lemniscus",14,structure,brain / spinal cord / meninges,none,0,""
5939,"Motor nucleus of facial nerve",14,structure,brain / spinal cord / meninges,exact,2,"male:left-motor-nucleus-of-facial-nerve male:right-motor-nucleus-of-facial-nerve"
5940,"Motor nucleus of trigeminal nerve",14,structure,brain / spinal cord / meninges,partial,2,"male:left-motor-root-of-trigeminal-nerve male:right-motor-root-of-trigeminal-nerve"
5941,"Nucleus of abducens nerve",14,structure,brain / spinal cord / meninges,exact,2,"male:left-nucleus-of-abducens-nerve male:right-nucleus-of-abducens-nerve"
5942,"Superior salivatory nucleus",14,structure,brain / spinal cord / meninges,exact,2,"male:left-superior-salivatory-nucleus male:right-superior-salivatory-nucleus"
5943,"Lacrimal nucleus",14,structure,brain / spinal cord / meninges,none,0,""
5944,"Cerulean nucleus",14,structure,brain / spinal cord / meninges,none,0,""
5945,"Parabrachial nuclei",14,structure,brain / spinal cord / meninges,none,0,""
5946,"Pontine central gray matter",14,structure,other,none,0,""
5947,"Posterior tegmental nucleus",14,structure,brain / spinal cord / meninges,none,0,""
5948,"Pontine reticular formation",14,structure,other,none,0,""
5949,"Caudal pontine reticular nucleus",14,structure,brain / spinal cord / meninges,none,0,""
5950,"Rostral pontine reticular nucleus",14,structure,brain / spinal cord / meninges,none,0,""
5951,"Anterior tegmental nucleus",14,structure,brain / spinal cord / meninges,none,0,""
5952,"Reticulotegmental nucleus",14,structure,brain / spinal cord / meninges,none,0,""
5953,"White matter of pontine tegmentum",14,structure,other,none,0,""
5954,"Raphe of pons",14,structure,brain / spinal cord / meninges,none,0,""
5955,"Pontine raphe nuclei",14,structure,brain / spinal cord / meninges,none,0,""
5956,"Median raphe nucleus",14,structure,brain / spinal cord / meninges,none,0,""
5957,"Posterior raphe nucleus",14,structure,brain / spinal cord / meninges,none,0,""
5958,"Supragenual nucleus",14,structure,brain / spinal cord / meninges,none,0,""
5959,"Genu of fibers of facial nerve",14,structure,nerve / plexus / ganglion,none,0,""
5960,"Trapezoid body",14,structure,other,none,0,""
5961,"Olivocochlear tract",14,structure,brain / spinal cord / meninges,none,0,""
5962,"Anterior acoustic stria",14,structure,other,none,0,""
5963,"Intermediate acoustic stria",14,structure,other,none,0,""
5964,"Posterior acoustic stria",14,structure,other,none,0,""
5965,"Auditory commissure of pons",14,structure,brain / spinal cord / meninges,none,0,""
5966,"Fourth ventricle",14,structure,viscus (thorax / abdomen / pelvis),exact,3,"male:fourth-ventricle female:f-fourth-ventricle female:f-fourth-ventricle-2"
5967,"Inferior opening of aqueduct of midbrain",14,structure,other,none,0,""
5968,"Lateral recess of fourth ventricle",14,space,,n/a,0,""
5969,"Lateral aperture of fourth ventricle",14,feature,,n/a,0,""
5970,"Median aperture of fourth ventricle",14,feature,,n/a,0,""
5971,"Rhomboid fossa",14,feature,,n/a,0,""
5972,"Median sulcus of rhomboid fossa",14,feature,,n/a,0,""
5973,"Sulcus limitans",14,feature,,n/a,0,""
5974,"Roof of fourth ventricle",14,structure,viscus (thorax / abdomen / pelvis),none,0,""
5975,"Fastigium",14,structure,other,none,0,""
5976,"Superior medullary velum",14,structure,other,none,0,""
5977,"Frenulum of superior medullary velum",14,structure,other,none,0,""
5978,"Inferior medullary velum",14,structure,other,none,0,""
5979,"Tela choroidea of fourth ventricle",14,structure,viscus (thorax / abdomen / pelvis),none,0,""
5980,"Choroid plexus of fourth ventricle",14,structure,brain / spinal cord / meninges,none,0,""
5981,"Tenia cinerea",14,structure,other,none,0,""
5982,"Obex",14,structure,other,none,0,""
5983,"Medulla oblongata",14,structure,brain / spinal cord / meninges,exact,2,"male:segment-of-hindbrain male:segment-of-hindbrain-2"
5984,"Anterior median fissure of medulla oblongata",14,feature,,n/a,0,""
5985,"Pyramid of medulla oblongata",14,structure,brain / spinal cord / meninges,exact,2,"male:left-pyramid-of-medulla-oblongata male:right-pyramid-of-medulla-oblongata"
5986,"Anterolateral sulcus of medulla oblongata",14,feature,,n/a,0,""
5987,"Lateral funiculus of medulla oblongata",14,structure,brain / spinal cord / meninges,none,0,""
5988,"Olive",14,structure,other,exact,2,"male:left-olive male:right-olive"
5989,"Retro-olivary groove",14,feature,,n/a,0,""
5990,"Trigeminal tuberculum",14,structure,other,none,0,""
5991,"Posterolateral sulcus of medulla oblongata",14,feature,,n/a,0,""
5992,"Cuneate tubercle",14,feature,,n/a,0,""
5993,"Gracile tubercle",14,feature,,n/a,0,""
5994,"Posterior median sulcus of medulla oblongata",14,feature,,n/a,0,""
5995,"Superior medulla oblongata",14,structure,brain / spinal cord / meninges,none,0,""
5996,"Inferfior medulla oblongata",14,structure,brain / spinal cord / meninges,none,0,""
5997,"Gray matter of medulla oblongata",14,structure,brain / spinal cord / meninges,none,0,""
5998,"Gracile nucleus",14,structure,brain / spinal cord / meninges,none,0,""
5999,"Cuneate nucleus",14,structure,brain / spinal cord / meninges,none,0,""
6000,"Accessory cuneate nucleus",14,structure,brain / spinal cord / meninges,none,0,""
6001,"Spinal nucleus of trigeminal nerve",14,structure,brain / spinal cord / meninges,none,0,""
6002,"Caudal part of spinal trigeminal nucleus",14,structure,brain / spinal cord / meninges,none,0,""
6003,"Interpolar part of spinal trigeminal nucleus",14,structure,brain / spinal cord / meninges,none,0,""
6004,"Medial vestibular nucleus",14,structure,brain / spinal cord / meninges,none,0,""
6005,"Inferior vestibular nucleus",14,structure,brain / spinal cord / meninges,none,0,""
6006,"Anterior cochlear nucleus",14,structure,brain / spinal cord / meninges,exact,2,"male:left-anterior-cochlear-nucleus male:right-anterior-cochlear-nucleus"
6007,"Posterior cochlear nucleus",14,structure,brain / spinal cord / meninges,exact,2,"male:left-posterior-cochlear-nucleus male:right-posterior-cochlear-nucleus"
6008,"Nucleus of solitary tract",14,structure,brain / spinal cord / meninges,none,0,""
6009,"Area postrema",14,structure,other,none,0,""
6010,"Nucleus of hypoglossal nerve",14,structure,brain / spinal cord / meninges,exact,2,"male:left-nucleus-of-hypoglossal-nerve male:right-nucleus-of-hypoglossal-nerve"
6011,"Nucleus ambiguus",14,structure,brain / spinal cord / meninges,exact,2,"male:left-nucleus-ambiguus male:right-nucleus-ambiguus"
6012,"Retrofacial nucleus",14,structure,brain / spinal cord / meninges,none,0,""
6013,"Posterior nucleus of vagus nerve",14,structure,brain / spinal cord / meninges,exact,2,"male:left-posterior-nucleus-of-vagus-nerve male:right-posterior-nucleus-of-vagus-nerve"
6014,"Inferior salivatory nucleus",14,structure,brain / spinal cord / meninges,exact,2,"male:left-inferior-salivatory-nucleus male:right-inferior-salivatory-nucleus"
6015,"Retroambiguus nucleus",14,structure,brain / spinal cord / meninges,none,0,""
6016,"Arcuate nucleus of medulla oblongata",14,structure,brain / spinal cord / meninges,none,0,""
6017,"Perihypoglossal nuclei",14,structure,brain / spinal cord / meninges,none,0,""
6018,"Subhypoglossal nucleus",14,structure,brain / spinal cord / meninges,none,0,""
6019,"Intercalated nucleus",14,structure,brain / spinal cord / meninges,none,0,""
6020,"Prepositus nucleus",14,structure,brain / spinal cord / meninges,none,0,""
6021,"Inferior olivary complex",14,structure,other,none,0,""
6022,"Principal inferior olivary nucleus",14,structure,brain / spinal cord / meninges,none,0,""
6023,"Hilum of inferior olivary nucleus",14,feature,,n/a,0,""
6024,"Posterior accessory olivary nucleus",14,structure,brain / spinal cord / meninges,none,0,""
6025,"Medial accessory olivary nucleus",14,structure,brain / spinal cord / meninges,none,0,""
6026,"Medullary reticular formation",14,structure,other,none,0,""
6027,"Central reticular nucleus",14,structure,brain / spinal cord / meninges,none,0,""
6028,"Gigantocellular nucleus",14,structure,brain / spinal cord / meninges,none,0,""
6029,"Lateral paragigantocellular nucleus",14,structure,brain / spinal cord / meninges,none,0,""
6030,"Parvocellular reticular nucleus",14,structure,brain / spinal cord / meninges,none,0,""
6031,"Posterior paragigantocellular nucleus",14,structure,brain / spinal cord / meninges,none,0,""
6032,"Lateral reticular nucleus",14,structure,brain / spinal cord / meninges,none,0,""
6033,"White matter of medulla oblongata",14,structure,brain / spinal cord / meninges,none,0,""
6034,"Raphe of medulla oblongata",14,structure,brain / spinal cord / meninges,none,0,""
6035,"Raphe nuclei of medulla oblongata",14,structure,brain / spinal cord / meninges,none,0,""
6036,"Pallidus raphe nucleus",14,structure,brain / spinal cord / meninges,none,0,""
6037,"Obscurus raphe nucleus",14,structure,brain / spinal cord / meninges,none,0,""
6038,"Magnus raphe nucleus",14,structure,brain / spinal cord / meninges,none,0,""
6039,"Posterior paramedian nucleus",14,structure,brain / spinal cord / meninges,none,0,""
6040,"Pyramidal tract",14,structure,brain / spinal cord / meninges,none,0,""
6041,"Decussation of pyramids",14,structure,brain / spinal cord / meninges,none,0,""
6042,"Internal arcuate fibers",14,structure,other,none,0,""
6043,"Decussation of medial lemniscus",14,structure,brain / spinal cord / meninges,none,0,""
6044,"Anterior external arcuate fibers",14,structure,other,none,0,""
6045,"Posterior external arcuate fibers",14,structure,other,none,0,""
6046,"Medullary striae of fourth ventricle",14,structure,viscus (thorax / abdomen / pelvis),none,0,""
6047,"Amiculum of olive",14,structure,other,none,0,""
6048,"Solitary tract",14,structure,brain / spinal cord / meninges,none,0,""
6049,"Spinal cord",14,structure,brain / spinal cord / meninges,partial,33,"male:central-canal-of-spinal-cord male:anterior-horn-of-spinal-cord male:posterior-horn-of-spinal-cord male:white-matter-of-spinal-cord"
6050,"Cervical enlargement",14,structure,other,none,0,""
6051,"Lumbosacral enlargement",14,structure,other,none,0,""
6052,"Conus medullaris",14,structure,other,none,0,""
6053,"Anterior median fissure of spinal cord",14,feature,,n/a,0,""
6054,"Anterolateral sulcus of spinal cord",14,feature,,n/a,0,""
6055,"Posterolateral sulcus of spinal cord",14,feature,,n/a,0,""
6056,"Posterior intermediate sulcus of spinal cord",14,feature,,n/a,0,""
6057,"Posterior median sulcus of spinal cord",14,feature,,n/a,0,""
6058,"Cervical part of spinal cord",14,structure,brain / spinal cord / meninges,partial,8,"female:c1-segment-of-cervical-spinal-cord female:c2-segment-of-cervical-spinal-cord female:c3-segment-of-cervical-spinal-cord female:c4-segment-of-cervical-spinal-cord"
6059,"Thoracic part of spinal cord",14,structure,brain / spinal cord / meninges,partial,12,"female:first-thoracic-spinal-cord-segment female:second-thoracic-spinal-cord-segment female:third-thoracic-spinal-cord-segment female:fourth-thoracic-spinal-cord-segment"
6060,"Lumbar part of spinal cord",14,structure,brain / spinal cord / meninges,partial,5,"female:first-lumbar-spinal-cord-segment female:second-lumbar-spinal-cord-segment female:third-lumbar-spinal-cord-segment female:fourth-lumbar-spinal-cord-segment"
6061,"Sacral part of spinal cord",14,structure,brain / spinal cord / meninges,partial,4,"female:first-sacral-spinal-cord-segment female:second-sacral-spinal-cord-segment female:third-sacral-spinal-cord-segment female:fourth-sacral-spinal-cord-segment"
6062,"Coccygeal part of spinal cord",14,structure,brain / spinal cord / meninges,none,0,""
6063,"Gray matter of spinal cord",14,structure,brain / spinal cord / meninges,none,0,""
6064,"Posterior horn of spinal cord",14,structure,brain / spinal cord / meninges,exact,1,"male:posterior-horn-of-spinal-cord"
6065,"Apex of posterior horn",14,feature,,n/a,0,""
6066,"Head of posterior horn",14,feature,,n/a,0,""
6067,"Gelatinous substance of posterior horn",14,structure,other,none,0,""
6068,"Nucleus proprius",14,structure,brain / spinal cord / meninges,exact,1,"male:nucleus-proprius"
6069,"Neck of posterior horn",14,feature,,n/a,0,""
6070,"Base of posterior horn",14,feature,,n/a,0,""
6071,"Spinal reticular process",14,feature,,n/a,0,""
6072,"Intermediate zone of spinal cord",14,structure,brain / spinal cord / meninges,none,0,""
6073,"Central intermediate substance",14,structure,other,none,0,""
6074,"Posterior thoracic nucleus",14,structure,brain / spinal cord / meninges,none,0,""
6075,"Lateral intermediate substance",14,structure,other,exact,1,"male:lateral-intermediate-substance"
6076,"Sacral parasympathetic nucleus",14,structure,brain / spinal cord / meninges,none,0,""
6077,"Lateral horn of spinal cord",14,structure,brain / spinal cord / meninges,none,0,""
6078,"Intermediolateral nucleus",14,structure,brain / spinal cord / meninges,exact,1,"male:intermediolateral-nucleus"
6079,"Anterior horn of spinal cord",14,structure,brain / spinal cord / meninges,exact,1,"male:anterior-horn-of-spinal-cord"
6080,"Medial motor nuclei of spinal nerves",14,structure,brain / spinal cord / meninges,none,0,""
6081,"Lateral motor nuclei of spinal nerves",14,structure,brain / spinal cord / meninges,none,0,""
6082,"Nucleus of accessory nerve",14,structure,brain / spinal cord / meninges,exact,2,"male:left-nucleus-of-accessory-nerve male:right-nucleus-of-accessory-nerve"
6083,"Nucleus of phrenic nerve",14,structure,brain / spinal cord / meninges,none,0,""
6084,"Nucleus of pudendal nerve",14,structure,brain / spinal cord / meninges,none,0,""
6085,"White matter of spinal cord",14,structure,brain / spinal cord / meninges,exact,1,"male:white-matter-of-spinal-cord"
6086,"Posterior funiculus",14,structure,other,none,0,""
6087,"Posterior fasciculus proprius",14,structure,brain / spinal cord / meninges,exact,1,"male:posterior-fasciculus-proprius"
6088,"Gracile fasciculus",14,structure,brain / spinal cord / meninges,exact,1,"male:gracile-fasciculus"
6089,"Cuneate fasciculus",14,structure,brain / spinal cord / meninges,exact,1,"male:cuneate-fasciculus"
6090,"Spinogracile fibers",14,structure,other,none,0,""
6091,"Spinocuneate fibers",14,structure,other,none,0,""
6092,"Posterolateral tract",14,structure,brain / spinal cord / meninges,exact,1,"male:posterolateral-tract"
6093,"Lateral funiculus",14,structure,other,none,0,""
6094,"Lateral fasciculus proprius",14,structure,brain / spinal cord / meninges,exact,1,"male:lateral-fasciculus-proprius"
6095,"Lateral corticospinal tract",14,structure,brain / spinal cord / meninges,exact,1,"male:lateral-corticospinal-tract"
6096,"Lateral reticulospinal tract",14,structure,brain / spinal cord / meninges,exact,1,"male:lateral-reticulospinal-tract"
6097,"Rubrospinal tract",14,structure,brain / spinal cord / meninges,exact,1,"male:rubrospinal-tract"
6098,"Hypothalamospinal fibers",14,structure,other,none,0,""
6099,"Posterior spinocerebellar tract",14,structure,brain / spinal cord / meninges,exact,1,"male:posterior-spinocerebellar-tract"
6100,"Anterior spinocerebellar tract",14,structure,brain / spinal cord / meninges,exact,1,"male:anterior-spinocerebellar-tract"
6101,"Anterolateral fasciculus",14,structure,brain / spinal cord / meninges,none,0,""
6102,"Spinothalamic tracts",14,structure,other,partial,2,"male:anterior-spinothalamic-tract male:lateral-spinothalamic-tract"
6103,"Anterior spinothalamic tract",14,structure,brain / spinal cord / meninges,exact,1,"male:anterior-spinothalamic-tract"
6104,"Lateral spinothalamic tract",14,structure,brain / spinal cord / meninges,exact,1,"male:lateral-spinothalamic-tract"
6105,"Spinoreticular tract",14,structure,brain / spinal cord / meninges,none,0,""
6106,"Spinomesencephalic tract",14,structure,brain / spinal cord / meninges,none,0,""
6107,"Spinotectal tract",14,structure,brain / spinal cord / meninges,exact,1,"male:spinotectal-tract"
6108,"Spinoperiaqueductal fibers",14,structure,other,none,0,""
6109,"Spinoolivary tract",14,structure,brain / spinal cord / meninges,none,0,""
6110,"Anterior funiculus",14,structure,other,none,0,""
6111,"Anterior fasciculus proprius",14,structure,brain / spinal cord / meninges,exact,1,"male:anterior-fasciculus-proprius"
6112,"Anterior corticospinal tract",14,structure,brain / spinal cord / meninges,exact,1,"male:anterior-corticospinal-tract"
6113,"Lateral vestibulospinal tract",14,structure,brain / spinal cord / meninges,exact,1,"male:lateral-vestibulospinal-tract"
6114,"Anterior vestibulospinal tract",14,structure,brain / spinal cord / meninges,none,0,""
6115,"Reticulospinal fibres of anterior funiculus",14,structure,other,none,0,""
6116,"Anterolateral reticulospinal tract",14,structure,brain / spinal cord / meninges,none,0,""
6117,"Anterior reticulospinal tract",14,structure,brain / spinal cord / meninges,none,0,""
6118,"Medial reticulospinal tract",14,structure,brain / spinal cord / meninges,exact,1,"male:medial-reticulospinal-tract"
6119,"Tectospinal tract",14,structure,brain / spinal cord / meninges,exact,1,"male:tectospinal-tract"
6120,"Central structures of spinal cord",14,structure,brain / spinal cord / meninges,none,0,""
6121,"Spinal area X",14,structure,other,none,0,""
6122,"Anterior gray commissure",14,structure,brain / spinal cord / meninges,none,0,""
6123,"Central gelatinous substance",14,structure,other,none,0,""
6124,"Posterior gray commissure",14,structure,brain / spinal cord / meninges,none,0,""
6125,"Anterior white commissure",14,structure,brain / spinal cord / meninges,none,0,""
6126,"Posterior white commissure",14,structure,brain / spinal cord / meninges,none,0,""
6127,"Central canal",14,feature,,n/a,0,""
6128,"Terminal ventricle",14,structure,viscus (thorax / abdomen / pelvis),none,0,""
6129,"PERIPHERAL NERVOUS SYSTEM",14,heading,,n/a,0,""
6130,"NERVES",14,heading,,n/a,0,""
6131,"Motor nerve",14,structure,nerve / plexus / ganglion,partial,4,"male:left-motor-nucleus-of-facial-nerve male:right-motor-nucleus-of-facial-nerve male:left-motor-root-of-trigeminal-nerve male:right-motor-root-of-trigeminal-nerve"
6132,"Sensory nerve",14,structure,nerve / plexus / ganglion,partial,2,"male:left-sensory-root-of-trigeminal-nerve male:right-sensory-root-of-trigeminal-nerve"
6133,"Cutaneous nerve",14,structure,nerve / plexus / ganglion,partial,34,"male:left-anterior-branch-of-medial-antebrachial-cutaneous-nerve male:right-anterior-branch-of-medial-antebrachial-cutaneous-nerve male:left-anterior-cutaneous-branches-of-femoral-nerve male:right-anterior-cutaneous-branches-of-femoral-nerve"
6134,"Mixed nerve",14,structure,nerve / plexus / ganglion,none,0,""
6135,"Cutaneous branch of nerve",14,structure,nerve / plexus / ganglion,partial,8,"male:left-anterior-branch-of-medial-antebrachial-cutaneous-nerve male:right-anterior-branch-of-medial-antebrachial-cutaneous-nerve male:left-anterior-cutaneous-branches-of-femoral-nerve male:right-anterior-cutaneous-branches-of-femoral-nerve"
6136,"Articular branch of nerve",14,structure,nerve / plexus / ganglion,none,0,""
6137,"Muscular branch of nerve",14,structure,nerve / plexus / ganglion,partial,10,"male:left-muscular-branches-of-axillary-nerve male:right-muscular-branches-of-axillary-nerve male:left-muscular-branches-of-deep-fibular-nerve male:right-muscular-branches-of-deep-fibular-nerve"
6138,"Autonomic branch of nerve",14,structure,nerve / plexus / ganglion,none,0,""
6139,"Communicating branch of nerve",14,structure,nerve / plexus / ganglion,partial,6,"male:communicating-branch-of-left-nasociliary-nerve-with-left-ciliary-ganglion male:communicating-branch-of-right-nasociliary-nerve-with-right-ciliary-ganglion male:left-communicating-branch-of-median-nerve-with-ulnar-nerve male:right-communicating-branch-of-median-nerve-with-ulnar-nerve"
6140,"Ganglionic branch of nerve",14,structure,nerve / plexus / ganglion,none,0,""
6141,"Autonomic nerve",14,structure,nerve / plexus / ganglion,none,0,""
6142,"Cranial nerve",14,structure,nerve / plexus / ganglion,none,0,""
6143,"Spinal nerve",14,structure,nerve / plexus / ganglion,partial,4,"male:left-anterior-root-of-spinal-nerve male:right-anterior-root-of-spinal-nerve male:left-posterior-root-of-spinal-nerve male:right-posterior-root-of-spinal-nerve"
6144,"Trunk of spinal nerve",14,structure,nerve / plexus / ganglion,none,0,""
6145,"Anterior root of spinal nerve",14,feature,,n/a,0,""
6146,"Posterior root of spinal nerve",14,feature,,n/a,0,""
6147,"Anterior ramus of spinal nerve",14,structure,nerve / plexus / ganglion,none,0,""
6148,"Meningeal branch of spinal nerve",14,structure,nerve / plexus / ganglion,none,0,""
6149,"Gray communicating branch of spinal nerve",14,structure,nerve / plexus / ganglion,none,0,""
6150,"White communicating branch of spinal nerve",14,structure,nerve / plexus / ganglion,none,0,""
6151,"Posterior ramus of spinal nerve",14,structure,nerve / plexus / ganglion,none,0,""
6152,"Medial branch of posterior ramus of spinal nerve",14,structure,nerve / plexus / ganglion,none,0,""
6153,"Lateral branch of posterior ramus of spinal nerve",14,structure,nerve / plexus / ganglion,none,0,""
6154,"Nerve",14,abstract,,n/a,0,""
6155,"Epineurium",14,structure,other,none,0,""
6156,"Perineurium",14,structure,other,none,0,""
6157,"Nerve fascicle",14,structure,nerve / plexus / ganglion,none,0,""
6158,"Endoneurium",14,structure,other,none,0,""
6159,"Peripheral nerve fibers",14,structure,nerve / plexus / ganglion,none,0,""
6160,"ROOTS OF NERVES",14,heading,,n/a,0,""
6161,"Root of nerve",14,feature,,n/a,0,""
6162,"Rootlet of nerve",14,structure,nerve / plexus / ganglion,none,0,""
6163,"Cauda equina",14,structure,other,exact,1,"male:cauda-equina"
6164,"GANGLIA",14,structure,other,partial,8,"male:left-ciliary-ganglion male:communicating-branch-of-left-nasociliary-nerve-with-left-ciliary-ganglion male:right-ciliary-ganglion male:communicating-branch-of-right-nasociliary-nerve-with-right-ciliary-ganglion"
6165,"Sensory ganglia",14,structure,other,none,0,""
6166,"Sensory ganglion of cranial nerve",14,structure,nerve / plexus / ganglion,none,0,""
6167,"Spinal ganglion",14,structure,nerve / plexus / ganglion,exact,2,"male:left-spinal-ganglion male:right-spinal-ganglion"
6168,"Autonomic ganglia",14,structure,other,none,0,""
6169,"Sympathetic ganglion",14,structure,nerve / plexus / ganglion,partial,2,"male:left-ganglia-of-sympathetic-trunk male:right-ganglia-of-sympathetic-trunk"
6170,"Parasympathetic ganglion",14,structure,nerve / plexus / ganglion,none,0,""
6171,"Visceral ganglion",14,structure,nerve / plexus / ganglion,none,0,""
6172,"NERVE PLEXUSES",14,heading,,n/a,0,""
6173,"Spinal nerve plexus",14,structure,nerve / plexus / ganglion,none,0,""
6174,"Autonomic plexus",14,structure,nerve / plexus / ganglion,none,0,""
6175,"Visceral plexus",14,structure,nerve / plexus / ganglion,none,0,""
6176,"Perivascular plexus",14,structure,nerve / plexus / ganglion,none,0,""
6177,"Periarterial plexus",14,structure,nerve / plexus / ganglion,none,0,""
6178,"Cranial nerves",14,structure,nerve / plexus / ganglion,none,0,""
6179,"Terminal nerve",14,structure,nerve / plexus / ganglion,none,0,""
6180,"Terminal ganglion",14,structure,nerve / plexus / ganglion,none,0,""
6181,"Olfactory nerve",14,structure,nerve / plexus / ganglion,partial,2,"male:left-olfactory-nerve-i male:right-olfactory-nerve-i"
6182,"Olfactory fiber bundle",14,structure,eye / ear / sense organ,none,0,""
6183,"Optic nerve",14,structure,nerve / plexus / ganglion,exact,6,"male:left-optic-nerve male:right-optic-nerve male:left-optic-nerve-2 male:right-optic-nerve-2"
6184,"Outer sheath of optic nerve",14,structure,nerve / plexus / ganglion,none,0,""
6185,"Inner sheath of optic nerve",14,structure,nerve / plexus / ganglion,none,0,""
6186,"Subarachnoid space of optic nerve",14,space,,n/a,0,""
6187,"Oculomotor nerve",14,structure,nerve / plexus / ganglion,partial,10,"male:inferior-branch-of-left-oculomotor-nerve male:superior-branch-of-left-oculomotor-nerve male:inferior-branch-of-right-oculomotor-nerve male:superior-branch-of-right-oculomotor-nerve"
6188,"Superior branch of oculomotor nerve",14,structure,nerve / plexus / ganglion,exact,2,"male:superior-branch-of-left-oculomotor-nerve male:superior-branch-of-right-oculomotor-nerve"
6189,"Inferior branch of oculomotor nerve",14,structure,nerve / plexus / ganglion,exact,2,"male:inferior-branch-of-left-oculomotor-nerve male:inferior-branch-of-right-oculomotor-nerve"
6190,"Branch of oculomotor nerve to ciliary ganglion",14,structure,nerve / plexus / ganglion,none,0,""
6191,"Trochlear nerve",14,structure,nerve / plexus / ganglion,exact,2,"male:left-trochlear-nerve male:right-trochlear-nerve"
6192,"Trigeminal nerve",14,structure,nerve / plexus / ganglion,partial,6,"male:left-motor-root-of-trigeminal-nerve male:right-motor-root-of-trigeminal-nerve male:left-sensory-root-of-trigeminal-nerve male:right-sensory-root-of-trigeminal-nerve"
6193,"Sensory root of trigeminal nerve",14,feature,,n/a,0,""
6194,"Trigeminal ganglion",14,structure,nerve / plexus / ganglion,none,0,""
6195,"Motor root of trigeminal nerve",14,feature,,n/a,0,""
6196,"Ophthalmic nerve",14,structure,nerve / plexus / ganglion,exact,2,"male:left-ophthalmic-nerve male:right-ophthalmic-nerve"
6197,"Tentorial branch of ophthalmic nerve",14,structure,nerve / plexus / ganglion,none,0,""
6198,"Lacrimal nerve",14,structure,nerve / plexus / ganglion,exact,2,"male:left-lacrimal-nerve male:right-lacrimal-nerve"
6199,"Frontal nerve",14,structure,nerve / plexus / ganglion,exact,2,"male:left-frontal-nerve male:right-frontal-nerve"
6200,"Supraorbital nerve",14,structure,nerve / plexus / ganglion,exact,2,"male:left-supra-orbital-nerve male:right-supra-orbital-nerve"
6201,"Lateral branch of supraorbital nerve",14,structure,nerve / plexus / ganglion,none,0,""
6202,"Medial branch of supraorbital nerve",14,structure,nerve / plexus / ganglion,none,0,""
6203,"Supratrochlear nerve",14,structure,nerve / plexus / ganglion,exact,2,"male:left-supratrochlear-nerve male:right-supratrochlear-nerve"
6204,"Nasociliary nerve",14,structure,nerve / plexus / ganglion,exact,2,"male:left-nasociliary-nerve male:right-nasociliary-nerve"
6205,"Branch of nasociliary nerve to ciliary ganglion",14,structure,nerve / plexus / ganglion,none,0,""
6206,"Long ciliary nerves",14,structure,nerve / plexus / ganglion,exact,2,"male:left-long-ciliary-nerve male:right-long-ciliary-nerve"
6207,"Posterior ethmoidal nerve",14,structure,nerve / plexus / ganglion,exact,2,"male:left-posterior-ethmoidal-nerve male:right-posterior-ethmoidal-nerve"
6208,"Anterior ethmoidal nerve",14,structure,nerve / plexus / ganglion,exact,2,"male:left-anterior-ethmoidal-nerve male:right-anterior-ethmoidal-nerve"
6209,"Internal nasal branches of anterior ethmoidal nerve",14,structure,nerve / plexus / ganglion,none,0,""
6210,"Lateral nasal branches of anterior ethmoidal nerve",14,structure,nerve / plexus / ganglion,none,0,""
6211,"Medial nasal branches of anterior ethmoidal nerve",14,structure,nerve / plexus / ganglion,none,0,""
6212,"External nasal branch of anterior ethmoidal nerve",14,structure,nerve / plexus / ganglion,none,0,""
6213,"Anterior meningeal branch of anterior ethmoidal nerve",14,structure,nerve / plexus / ganglion,none,0,""
6214,"Infratrochlear nerve",14,structure,nerve / plexus / ganglion,exact,2,"male:left-infratrochlear-nerve male:right-infratrochlear-nerve"
6215,"Palpebral branches of infratrochlear nerve",14,structure,nerve / plexus / ganglion,none,0,""
6216,"Maxillary nerve",14,structure,nerve / plexus / ganglion,exact,2,"male:left-maxillary-nerve male:right-maxillary-nerve"
6217,"Meningeal branch of maxillary nerve",14,structure,nerve / plexus / ganglion,exact,2,"male:left-meningeal-branch-of-maxillary-nerve male:right-meningeal-branch-of-maxillary-nerve"
6218,"Branches of maxillary nerve to pterygopalatine ganglion",14,structure,nerve / plexus / ganglion,none,0,""
6219,"Lateral superior posterior nasal branches of maxillary nerve",14,structure,nerve / plexus / ganglion,none,0,""
6220,"Medial superior posterior nasal branches of maxillary nerve",14,structure,nerve / plexus / ganglion,none,0,""
6221,"Nasopalatine nerve",14,structure,nerve / plexus / ganglion,none,0,""
6222,"Gingival branches of nasopalatine nerve",14,structure,nerve / plexus / ganglion,none,0,""
6223,"Pharyngeal nerve",14,structure,nerve / plexus / ganglion,none,0,""
6224,"Greater palatine nerve",14,structure,nerve / plexus / ganglion,none,0,""
6225,"Inferior posterior nasal branches of greater palatine nerve",14,structure,nerve / plexus / ganglion,none,0,""
6226,"Gingival branches of greater palatine nerve",14,structure,nerve / plexus / ganglion,none,0,""
6227,"Lesser palatine nerves",14,structure,nerve / plexus / ganglion,none,0,""
6228,"Middle palatine nerve",14,structure,nerve / plexus / ganglion,none,0,""
6229,"Posterior palatine nerve",14,structure,nerve / plexus / ganglion,none,0,""
6230,"Tonsillar branches of lesser palatine nerves",14,structure,nerve / plexus / ganglion,none,0,""
6231,"Zygomatic nerve",14,structure,nerve / plexus / ganglion,none,0,""
6232,"Zygomaticotemporal nerve",14,structure,nerve / plexus / ganglion,none,0,""
6233,"(Communicating branch of zygomaticotemporal nerve to lacrimal nerve)",14,structure,nerve / plexus / ganglion,none,0,""
6234,"Zygomaticofacial nerve",14,structure,nerve / plexus / ganglion,none,0,""
6235,"Posterior superior alveolar nerve",14,structure,nerve / plexus / ganglion,none,0,""
6236,"Superior dental plexus",14,structure,nerve / plexus / ganglion,none,0,""
6237,"Superior dental branches of superior alveolar nerves",14,structure,nerve / plexus / ganglion,none,0,""
6238,"Gingival branches of superior alveolar nerves",14,structure,nerve / plexus / ganglion,none,0,""
6239,"Infraorbital nerve",14,structure,nerve / plexus / ganglion,none,0,""
6240,"Middle superior alveolar nerve",14,structure,nerve / plexus / ganglion,none,0,""
6241,"Anterior superior alveolar nerve",14,structure,nerve / plexus / ganglion,none,0,""
6242,"Palpebral branches of infraorbital nerve",14,structure,nerve / plexus / ganglion,none,0,""
6243,"External nasal branches of infraorbital nerve",14,structure,nerve / plexus / ganglion,none,0,""
6244,"Internal nasal branches of infraorbital nerve",14,structure,nerve / plexus / ganglion,none,0,""
6245,"Superior labial branches of infraorbital nerve",14,structure,nerve / plexus / ganglion,none,0,""
6246,"Mandibular nerve",14,structure,nerve / plexus / ganglion,partial,4,"male:left-anterior-division-of-mandibular-nerve male:right-anterior-division-of-mandibular-nerve male:left-posterior-division-of-mandibular-nerve male:right-posterior-division-of-mandibular-nerve"
6247,"Meningeal branch of mandibular nerve",14,structure,nerve / plexus / ganglion,none,0,""
6248,"Branches of mandibular nerve to otic ganglion",14,structure,nerve / plexus / ganglion,none,0,""
6249,"Anterior division of mandibular nerve",14,structure,nerve / plexus / ganglion,exact,2,"male:left-anterior-division-of-mandibular-nerve male:right-anterior-division-of-mandibular-nerve"
6250,"Nerve to medial pterygoid muscle",14,structure,nerve / plexus / ganglion,none,0,""
6251,"Nerve to tensor veli palatini",14,structure,nerve / plexus / ganglion,none,0,""
6252,"Nerve to tensor tympani",14,structure,nerve / plexus / ganglion,none,0,""
6253,"Masseteric nerve",14,structure,nerve / plexus / ganglion,none,0,""
6254,"Deep temporal nerves",14,structure,nerve / plexus / ganglion,none,0,""
6255,"Posterior deep temporal nerve",14,structure,nerve / plexus / ganglion,none,0,""
6256,"Anterior deep temporal nerve",14,structure,nerve / plexus / ganglion,none,0,""
6257,"Nerve to lateral pterygoid muscle",14,structure,nerve / plexus / ganglion,none,0,""
6258,"Buccal nerve",14,structure,nerve / plexus / ganglion,exact,2,"male:left-buccal-nerve male:right-buccal-nerve"
6259,"Gingival branches of buccal nerve",14,structure,nerve / plexus / ganglion,none,0,""
6260,"Posterior division of mandibular nerve",14,structure,nerve / plexus / ganglion,exact,2,"male:left-posterior-division-of-mandibular-nerve male:right-posterior-division-of-mandibular-nerve"
6261,"Auriculotemporal nerve",14,structure,nerve / plexus / ganglion,none,0,""
6262,"Nerve to external acoustic meatus",14,feature,,n/a,0,""
6263,"Branches of auriculotemporal nerve to tympanic membrane",14,structure,nerve / plexus / ganglion,none,0,""
6264,"Parotid branches of auriculotemporal nerve",14,structure,nerve / plexus / ganglion,none,0,""
6265,"Anterior auricular nerves",14,structure,nerve / plexus / ganglion,none,0,""
6266,"Superficial temporal branches of auriculotemporal nerve",14,structure,nerve / plexus / ganglion,none,0,""
6267,"Lingual nerve",14,structure,nerve / plexus / ganglion,exact,2,"male:left-lingual-nerve male:right-lingual-nerve"
6268,"Branches of lingual nerve to isthmus of fauces",14,structure,nerve / plexus / ganglion,none,0,""
6269,"Sublingual nerve",14,structure,nerve / plexus / ganglion,none,0,""
6270,"Lingual branches of lingual nerve",14,structure,nerve / plexus / ganglion,none,0,""
6271,"Posterior branch of lingual nerve to submandibular ganglion",14,structure,nerve / plexus / ganglion,none,0,""
6272,"(Branches of lingual nerve to sublingual ganglion)",14,structure,nerve / plexus / ganglion,none,0,""
6273,"Gingival branches of lingual nerve",14,structure,nerve / plexus / ganglion,none,0,""
6274,"Inferior alveolar nerve",14,structure,nerve / plexus / ganglion,exact,2,"male:left-inferior-alveolar-nerve male:right-inferior-alveolar-nerve"
6275,"Nerve to mylohyoid muscle",14,structure,nerve / plexus / ganglion,exact,2,"male:left-nerve-to-mylohyoid-muscle male:right-nerve-to-mylohyoid-muscle"
6276,"Inferior dental plexus",14,structure,nerve / plexus / ganglion,none,0,""
6277,"Dental branches of inferior alveolar nerve",14,structure,nerve / plexus / ganglion,none,0,""
6278,"Gingival branches of inferior alveolar nerve",14,structure,nerve / plexus / ganglion,none,0,""
6279,"Mental nerve",14,structure,nerve / plexus / ganglion,exact,2,"male:left-mental-nerve male:right-mental-nerve"
6280,"Mental branches of mental nerve",14,structure,nerve / plexus / ganglion,none,0,""
6281,"Inferior labial branches of mental nerve",14,structure,nerve / plexus / ganglion,none,0,""
6282,"Gingival branches of mental nerve",14,structure,nerve / plexus / ganglion,none,0,""
6283,"Abducens nerve",14,structure,nerve / plexus / ganglion,partial,4,"male:left-abducens-nerve-vi male:right-abducens-nerve-vi male:left-nucleus-of-abducens-nerve male:right-nucleus-of-abducens-nerve"
6284,"Facial nerve",14,structure,nerve / plexus / ganglion,partial,4,"male:left-facial-nerve-vii male:right-facial-nerve-vii male:left-motor-nucleus-of-facial-nerve male:right-motor-nucleus-of-facial-nerve"
6285,"Motor root of facial nerve",14,feature,,n/a,0,""
6286,"Sensory root of facial nerve",14,feature,,n/a,0,""
6287,"Geniculate ganglion",14,structure,nerve / plexus / ganglion,none,0,""
6288,"Geniculum of facial nerve",14,structure,nerve / plexus / ganglion,none,0,""
6289,"Greater petrosal nerve",14,structure,nerve / plexus / ganglion,none,0,""
6290,"Nerve of pterygoid canal",14,feature,,n/a,0,""
6291,"Nerve to stapedius muscle",14,structure,nerve / plexus / ganglion,none,0,""
6292,"Chorda tympani",14,structure,other,exact,2,"male:left-chorda-tympani male:right-chorda-tympani"
6293,"Branch of chorda tympani to otic ganglion",14,structure,nerve / plexus / ganglion,none,0,""
6294,"Facial nerve proper",14,structure,nerve / plexus / ganglion,none,0,""
6295,"Posterior auricular nerve",14,structure,nerve / plexus / ganglion,none,0,""
6296,"Occipital branch of posterior auricular nerve",14,structure,nerve / plexus / ganglion,none,0,""
6297,"Auricular branch of posterior auricular nerve",14,structure,nerve / plexus / ganglion,none,0,""
6298,"Digastric branch of facial nerve",14,structure,nerve / plexus / ganglion,none,0,""
6299,"Stylohyoid branch of facial nerve",14,structure,nerve / plexus / ganglion,none,0,""
6300,"(Lingual branch of facial nerve)",14,structure,nerve / plexus / ganglion,none,0,""
6301,"Parotid plexus",14,structure,nerve / plexus / ganglion,none,0,""
6302,"Temporal branches of facial nerve",14,structure,nerve / plexus / ganglion,none,0,""
6303,"Zygomatic branches of facial nerve",14,structure,nerve / plexus / ganglion,none,0,""
6304,"Buccal branches of facial nerve",14,structure,nerve / plexus / ganglion,none,0,""
6305,"Marginal mandibular branch of facial nerve",14,structure,nerve / plexus / ganglion,none,0,""
6306,"Cervical branch of facial nerve",14,structure,nerve / plexus / ganglion,none,0,""
6307,"Vestibulocochlear nerve",14,structure,nerve / plexus / ganglion,partial,2,"male:left-vestibulocochlear-nerve-viii male:right-vestibulocochlear-nerve-viii"
6308,"Vestibular nerve",14,structure,nerve / plexus / ganglion,exact,2,"male:left-vestibular-nerve male:right-vestibular-nerve"
6309,"Vestibular ganglion",14,structure,nerve / plexus / ganglion,none,0,""
6310,"Cochlear communicating branch of vestibular nerve",14,structure,nerve / plexus / ganglion,none,0,""
6311,"Superior branch of vestibular nerve",14,structure,nerve / plexus / ganglion,none,0,""
6312,"Utricular nerve",14,structure,nerve / plexus / ganglion,none,0,""
6313,"Anterior ampullary nerve",14,structure,nerve / plexus / ganglion,none,0,""
6314,"Lateral ampullary nerve",14,structure,nerve / plexus / ganglion,none,0,""
6315,"Inferior branch of vestibular nerve",14,structure,nerve / plexus / ganglion,none,0,""
6316,"Posterior ampullary nerve",14,structure,nerve / plexus / ganglion,none,0,""
6317,"Saccular nerve",14,structure,nerve / plexus / ganglion,none,0,""
6318,"Cochlear nerve",14,structure,nerve / plexus / ganglion,exact,2,"male:cochlear-nerve male:left-cochlear-nerve"
6319,"Cochlear ganglion",14,structure,nerve / plexus / ganglion,none,0,""
6320,"Glossopharyngeal nerve",14,structure,nerve / plexus / ganglion,partial,2,"male:left-glossopharyngeal-nerve-ix male:right-glossopharyngeal-nerve-ix"
6321,"Superior ganglion of glossopharyngeal nerve",14,structure,nerve / plexus / ganglion,none,0,""
6322,"Inferior ganglion of glossopharyngeal nerve",14,structure,nerve / plexus / ganglion,none,0,""
6323,"Tympanic nerve",14,structure,nerve / plexus / ganglion,none,0,""
6324,"Tympanic plexus",14,structure,nerve / plexus / ganglion,none,0,""
6325,"Tubal branch of tympanic nerve",14,structure,nerve / plexus / ganglion,none,0,""
6326,"Lesser petrosal nerve",14,structure,nerve / plexus / ganglion,none,0,""
6327,"Carotid sinus nerve",14,structure,nerve / plexus / ganglion,none,0,""
6328,"Stylopharyngeal branch of glossopharyngeal nerve",14,structure,nerve / plexus / ganglion,none,0,""
6329,"Pharyngeal branches of glossopharyngeal nerve",14,structure,nerve / plexus / ganglion,none,0,""
6330,"Tonsillar branches of glossopharyngeal nerve",14,structure,nerve / plexus / ganglion,none,0,""
6331,"Lingual branches of glossopharyngeal nerve",14,structure,nerve / plexus / ganglion,none,0,""
6332,"Vagus nerve",14,structure,nerve / plexus / ganglion,partial,4,"male:left-posterior-nucleus-of-vagus-nerve male:right-posterior-nucleus-of-vagus-nerve male:left-vagus-nerve-x male:right-vagus-nerve-x"
6333,"Superior ganglion of vagus nerve",14,structure,nerve / plexus / ganglion,none,0,""
6334,"Meningeal branch of vagus nerve",14,structure,nerve / plexus / ganglion,none,0,""
6335,"Auricular branch of vagus nerve",14,structure,nerve / plexus / ganglion,none,0,""
6336,"Inferior ganglion of vagus nerve",14,structure,nerve / plexus / ganglion,none,0,""
6337,"Pharyngeal branch of vagus nerve",14,structure,nerve / plexus / ganglion,none,0,""
6338,"Pharyngeal plexus",14,structure,nerve / plexus / ganglion,none,0,""
6339,"Superior laryngeal nerve",14,structure,nerve / plexus / ganglion,none,0,""
6340,"External branch of superior laryngeal nerve",14,structure,nerve / plexus / ganglion,none,0,""
6341,"Internal branch of superior laryngeal nerve",14,structure,nerve / plexus / ganglion,none,0,""
6342,"Superior cervical cardiac branches of vagus nerve",14,structure,nerve / plexus / ganglion,none,0,""
6343,"Inferior cervical cardiac branches of vagus nerve",14,structure,nerve / plexus / ganglion,none,0,""
6344,"Recurrent laryngeal nerve",14,structure,nerve / plexus / ganglion,none,0,""
6345,"Tracheal branches of recurrent laryngeal nerve",14,structure,nerve / plexus / ganglion,none,0,""
6346,"Esophageal branches of recurrent laryngeal nerve",14,structure,nerve / plexus / ganglion,none,0,""
6347,"Pharyngeal branches of recurrent laryngeal nerve",14,structure,nerve / plexus / ganglion,none,0,""
6348,"Laryngeal branches of recurrent laryngeal nerve",14,structure,nerve / plexus / ganglion,none,0,""
6349,"Thoracic cardiac branches of vagus nerve",14,structure,nerve / plexus / ganglion,none,0,""
6350,"Bronchial branches of vagus nerve",14,structure,nerve / plexus / ganglion,none,0,""
6351,"Esophageal branches of vagus nerve",14,structure,nerve / plexus / ganglion,none,0,""
6352,"Accessory nerve",14,structure,nerve / plexus / ganglion,partial,6,"male:left-accessory-nerve-xi male:right-accessory-nerve-xi male:left-accessory-nucleus-of-oculomotor-nerve male:right-accessory-nucleus-of-oculomotor-nerve"
6353,"Cranial root of accessory nerve",14,feature,,n/a,0,""
6354,"Spinal root of accessory nerve",14,feature,,n/a,0,""
6355,"Vagal communicating branch of accessory nerve",14,structure,nerve / plexus / ganglion,none,0,""
6356,"Spinal accessory nerve",14,structure,nerve / plexus / ganglion,none,0,""
6357,"Hypoglossal nerve",14,structure,nerve / plexus / ganglion,partial,4,"male:left-hypoglossal-nerve-xii male:right-hypoglossal-nerve-xii male:left-nucleus-of-hypoglossal-nerve male:right-nucleus-of-hypoglossal-nerve"
6358,"Superior root of ansa cervicalis",14,feature,,n/a,0,""
6359,"Thyrohyoid branch of hypoglossal nerve",14,structure,nerve / plexus / ganglion,none,0,""
6360,"Geniohyoid branch of hypoglossal nerve",14,structure,nerve / plexus / ganglion,none,0,""
6361,"Lingual branches of hypoglossal nerve",14,structure,nerve / plexus / ganglion,none,0,""
6362,"Spinal nerves",14,structure,nerve / plexus / ganglion,partial,4,"male:left-anterior-root-of-spinal-nerve male:right-anterior-root-of-spinal-nerve male:left-posterior-root-of-spinal-nerve male:right-posterior-root-of-spinal-nerve"
6363,"CERVICAL NERVES",14,heading,,n/a,0,""
6364,"Posterior rami of cervical nerves",14,structure,nerve / plexus / ganglion,none,0,""
6365,"Suboccipital nerve",14,structure,nerve / plexus / ganglion,none,0,""
6366,"Greater occipital nerve",14,structure,nerve / plexus / ganglion,none,0,""
6367,"Third occipital nerve",14,structure,nerve / plexus / ganglion,none,0,""
6368,"Posterior cervical plexus",14,structure,nerve / plexus / ganglion,none,0,""
6369,"Posterior cutaneous branches of fourth cervical nerve",14,structure,nerve / plexus / ganglion,none,0,""
6370,"Posterior cutaneous branches of fifth cervical nerve",14,structure,nerve / plexus / ganglion,none,0,""
6371,"Anterior rami of cervical nerves",14,structure,nerve / plexus / ganglion,none,0,""
6372,"Hypoglossal communicating branch of first cervical nerve",14,structure,nerve / plexus / ganglion,none,0,""
6373,"Hypoglossal communicating branch of second cervical nerve",14,structure,nerve / plexus / ganglion,none,0,""
6374,"CERVICAL PLEXUS",14,structure,nerve / plexus / ganglion,none,0,""
6375,"Deep branches of cervical plexus",14,structure,nerve / plexus / ganglion,none,0,""
6376,"Ansa cervicalis",14,structure,other,none,0,""
6377,"Inferior root of ansa cervicalis",14,feature,,n/a,0,""
6378,"Infrahyoid branches of ansa cervicalis",14,structure,other,none,0,""
6379,"Muscular branches of cervical plexus",14,structure,nerve / plexus / ganglion,none,0,""
6380,"Phrenic nerve",14,structure,nerve / plexus / ganglion,none,0,""
6381,"Pericardial branch of phrenic nerve",14,structure,nerve / plexus / ganglion,none,0,""
6382,"Phrenicoabdominal branch of phrenic nerve",14,structure,nerve / plexus / ganglion,none,0,""
6383,"Superficial branches of cervical plexus",14,structure,nerve / plexus / ganglion,none,0,""
6384,"Lesser occipital nerve",14,structure,nerve / plexus / ganglion,none,0,""
6385,"Great auricular nerve",14,structure,nerve / plexus / ganglion,none,0,""
6386,"Posterior branches of great auricular nerve",14,structure,nerve / plexus / ganglion,none,0,""
6387,"Anterior branches of great auricular nerve",14,structure,nerve / plexus / ganglion,none,0,""
6388,"Transverse cervical nerve",14,structure,nerve / plexus / ganglion,none,0,""
6389,"Superior branches of transverse cervical nerve",14,structure,nerve / plexus / ganglion,none,0,""
6390,"Inferior branches of transverse cervical nerve",14,structure,nerve / plexus / ganglion,none,0,""
6391,"Supraclavicular nerves",14,structure,nerve / plexus / ganglion,none,0,""
6392,"Medial supraclavicular nerves",14,structure,nerve / plexus / ganglion,none,0,""
6393,"Intermediate supraclavicular nerves",14,structure,nerve / plexus / ganglion,none,0,""
6394,"Lateral supraclavicular nerves",14,structure,nerve / plexus / ganglion,none,0,""
6395,"BRACHIAL PLEXUS",14,structure,nerve / plexus / ganglion,partial,22,"male:left-anterior-division-of-inferior-trunk-of-brachial-plexus male:right-anterior-division-of-inferior-trunk-of-brachial-plexus male:left-anterior-division-of-middle-trunk-of-brachial-plexus male:right-anterior-division-of-middle-trunk-of-brachial-plexus"
6396,"Supraclavicular part of brachial plexus",14,structure,nerve / plexus / ganglion,none,0,""
6397,"Roots of brachial plexus",14,structure,nerve / plexus / ganglion,exact,2,"male:left-roots-of-brachial-plexus male:right-roots-of-brachial-plexus"
6398,"Superior trunk of brachial plexus",14,structure,nerve / plexus / ganglion,exact,2,"male:left-superior-trunk-of-brachial-plexus male:right-superior-trunk-of-brachial-plexus"
6399,"Anterior division of superior trunk of brachial plexus",14,structure,nerve / plexus / ganglion,exact,2,"male:left-anterior-division-of-superior-trunk-of-brachial-plexus male:right-anterior-division-of-superior-trunk-of-brachial-plexus"
6400,"Posterior division of superior trunk of brachial plexus",14,structure,nerve / plexus / ganglion,exact,2,"male:left-posterior-division-of-superior-trunk-of-brachial-plexus male:right-posterior-division-of-superior-trunk-of-brachial-plexus"
6401,"Middle trunk of brachial plexus",14,structure,nerve / plexus / ganglion,exact,2,"male:left-middle-trunk-of-brachial-plexus male:right-middle-trunk-of-brachial-plexus"
6402,"Anterior division of middle trunk of brachial plexus",14,structure,nerve / plexus / ganglion,exact,2,"male:left-anterior-division-of-middle-trunk-of-brachial-plexus male:right-anterior-division-of-middle-trunk-of-brachial-plexus"
6403,"Posterior division of middle trunk of brachial plexus",14,structure,nerve / plexus / ganglion,exact,2,"male:left-posterior-division-of-middle-trunk-of-brachial-plexus male:right-posterior-division-of-middle-trunk-of-brachial-plexus"
6404,"Inferior trunk of brachial plexus",14,structure,nerve / plexus / ganglion,exact,2,"male:left-inferior-trunk-of-brachial-plexus male:right-inferior-trunk-of-brachial-plexus"
6405,"Anterior division of inferior trunk of brachial plexus",14,structure,nerve / plexus / ganglion,exact,2,"male:left-anterior-division-of-inferior-trunk-of-brachial-plexus male:right-anterior-division-of-inferior-trunk-of-brachial-plexus"
6406,"Posterior division of inferior trunk of brachial plexus",14,structure,nerve / plexus / ganglion,exact,2,"male:left-posterior-division-of-inferior-trunk-of-brachial-plexus male:right-posterior-division-of-inferior-trunk-of-brachial-plexus"
6407,"Supraclavicular branches of brachial plexus",14,structure,nerve / plexus / ganglion,none,0,""
6408,"Muscular branches of brachial plexus",14,structure,nerve / plexus / ganglion,none,0,""
6409,"Dorsal scapular nerve",14,structure,nerve / plexus / ganglion,exact,2,"male:left-dorsal-scapular-nerve male:right-dorsal-scapular-nerve"
6410,"Long thoracic nerve",14,structure,nerve / plexus / ganglion,exact,2,"male:left-long-thoracic-nerve male:right-long-thoracic-nerve"
6411,"Suprascapular nerve",14,structure,nerve / plexus / ganglion,exact,2,"male:left-suprascapular-nerve male:right-suprascapular-nerve"
6412,"Subclavian nerve",14,structure,nerve / plexus / ganglion,exact,2,"male:left-subclavian-nerve male:right-subclavian-nerve"
6413,"(Accessory phrenic nerves)",14,structure,nerve / plexus / ganglion,none,0,""
6414,"Infraclavicular part of brachial plexus",14,structure,nerve / plexus / ganglion,none,0,""
6415,"Lateral cord of brachial plexus",14,structure,nerve / plexus / ganglion,none,0,""
6416,"Posterior cord of brachial plexus",14,structure,nerve / plexus / ganglion,exact,2,"male:left-posterior-cord-of-brachial-plexus male:right-posterior-cord-of-brachial-plexus"
6417,"Medial cord of brachial plexus",14,structure,nerve / plexus / ganglion,none,0,""
6418,"Branches of lateral cord of brachial plexus",14,structure,nerve / plexus / ganglion,none,0,""
6419,"Lateral pectoral nerve",14,structure,nerve / plexus / ganglion,exact,2,"male:left-lateral-pectoral-nerve male:right-lateral-pectoral-nerve"
6420,"Ansa pectoralis",14,structure,other,none,0,""
6421,"Musculocutaneous nerve",14,structure,nerve / plexus / ganglion,exact,2,"male:left-musculocutaneous-nerve male:right-musculocutaneous-nerve"
6422,"Muscular branches of musculocutaneous nerve",14,structure,nerve / plexus / ganglion,none,0,""
6423,"Lateral antebrachial cutaneous nerve",14,structure,nerve / plexus / ganglion,exact,2,"male:left-lateral-antebrachial-cutaneous-nerve male:right-lateral-antebrachial-cutaneous-nerve"
6424,"Lateral root of median nerve",14,feature,,n/a,0,""
6425,"(Lateral root of ulnar nerve)",14,feature,,n/a,0,""
6426,"Branches of posterior cord of brachial plexus",14,structure,nerve / plexus / ganglion,none,0,""
6427,"Subscapular nerves",14,structure,nerve / plexus / ganglion,partial,4,"male:left-inferior-subscapular-nerve male:right-inferior-subscapular-nerve male:left-superior-subscapular-nerve male:right-superior-subscapular-nerve"
6428,"Superior subscapular nerve",14,structure,nerve / plexus / ganglion,exact,2,"male:left-superior-subscapular-nerve male:right-superior-subscapular-nerve"
6429,"Inferior subscapular nerve",14,structure,nerve / plexus / ganglion,exact,2,"male:left-inferior-subscapular-nerve male:right-inferior-subscapular-nerve"
6430,"Thoracodorsal nerve",14,structure,nerve / plexus / ganglion,exact,2,"male:right-thoracodorsal-nerve male:left-thoracodorsal-nerve"
6431,"Radial nerve",14,structure,nerve / plexus / ganglion,exact,2,"male:left-radial-nerve male:right-radial-nerve"
6432,"Posterior brachial cutaneous nerve",14,structure,nerve / plexus / ganglion,none,0,""
6433,"Inferior lateral brachial cutaneous nerve",14,structure,nerve / plexus / ganglion,exact,2,"male:left-inferior-lateral-brachial-cutaneous-nerve male:right-inferior-lateral-brachial-cutaneous-nerve"
6434,"Posterior antebrachial cutaneous nerve",14,structure,nerve / plexus / ganglion,exact,2,"male:left-posterior-antebrachial-cutaneous-nerve male:right-posterior-antebrachial-cutaneous-nerve"
6435,"Muscular branches of radial nerve",14,structure,nerve / plexus / ganglion,exact,2,"male:left-muscular-branches-of-radial-nerve male:right-muscular-branches-of-radial-nerve"
6436,"Deep branch of radial nerve",14,structure,nerve / plexus / ganglion,exact,2,"male:left-deep-branch-of-radial-nerve male:right-deep-branch-of-radial-nerve"
6437,"Posterior interosseous nerve of forearm",14,structure,nerve / plexus / ganglion,exact,2,"male:left-posterior-interosseous-nerve-of-forearm male:right-posterior-interosseous-nerve-of-forearm"
6438,"Superficial branch of radial nerve",14,structure,nerve / plexus / ganglion,exact,2,"male:left-superficial-branch-of-radial-nerve male:right-superficial-branch-of-radial-nerve"
6439,"Dorsal digital branches of radial nerve",14,structure,nerve / plexus / ganglion,exact,2,"male:left-dorsal-digital-branches-of-radial-nerve male:right-dorsal-digital-branches-of-radial-nerve"
6440,"Axillary nerve",14,structure,nerve / plexus / ganglion,exact,2,"male:left-axillary-nerve male:right-axillary-nerve"
6441,"Muscular branches of axillary nerve",14,structure,nerve / plexus / ganglion,exact,2,"male:left-muscular-branches-of-axillary-nerve male:right-muscular-branches-of-axillary-nerve"
6442,"Superior lateral brachial cutaneous nerve",14,structure,nerve / plexus / ganglion,exact,2,"male:left-superior-lateral-brachial-cutaneous-nerve male:right-superior-lateral-brachial-cutaneous-nerve"
6443,"Branches of medial cord of brachial plexus",14,structure,nerve / plexus / ganglion,none,0,""
6444,"Medial pectoral nerve",14,structure,nerve / plexus / ganglion,exact,2,"male:left-medial-pectoral-nerve male:right-medial-pectoral-nerve"
6445,"Medial brachial cutaneous nerve",14,structure,nerve / plexus / ganglion,exact,2,"male:left-medial-brachial-cutaneous-nerve male:right-medial-brachial-cutaneous-nerve"
6446,"Medial antebrachial cutaneous nerve",14,structure,nerve / plexus / ganglion,exact,2,"male:left-medial-antebrachial-cutaneous-nerve male:right-medial-antebrachial-cutaneous-nerve"
6447,"Anterior branch of medial antebrachial cutaneous nerve",14,structure,nerve / plexus / ganglion,exact,2,"male:left-anterior-branch-of-medial-antebrachial-cutaneous-nerve male:right-anterior-branch-of-medial-antebrachial-cutaneous-nerve"
6448,"Posterior branch of medial antebrachial cutaneous nerve",14,structure,nerve / plexus / ganglion,exact,2,"male:left-posterior-branch-of-medial-antebrachial-cutaneous-nerve male:right-posterior-branch-of-medial-antebrachial-cutaneous-nerve"
6449,"Ulnar nerve",14,structure,nerve / plexus / ganglion,exact,2,"male:left-ulnar-nerve male:right-ulnar-nerve"
6450,"Muscular branches of ulnar nerve",14,structure,nerve / plexus / ganglion,exact,2,"male:left-muscular-branches-of-ulnar-nerve male:right-muscular-branches-of-ulnar-nerve"
6451,"Dorsal branch of ulnar nerve",14,structure,nerve / plexus / ganglion,exact,2,"male:left-dorsal-branch-of-ulnar-nerve male:right-dorsal-branch-of-ulnar-nerve"
6452,"Dorsal digital branches of ulnar nerve",14,structure,nerve / plexus / ganglion,exact,2,"male:left-dorsal-digital-branches-of-ulnar-nerve male:right-dorsal-digital-branches-of-ulnar-nerve"
6453,"Palmar branch of ulnar nerve",14,structure,nerve / plexus / ganglion,exact,2,"male:left-palmar-branch-of-ulnar-nerve male:right-palmar-branch-of-ulnar-nerve"
6454,"Superficial branch of ulnar nerve",14,structure,nerve / plexus / ganglion,exact,2,"male:left-superficial-branch-of-ulnar-nerve male:right-superficial-branch-of-ulnar-nerve"
6455,"Common palmar digital branches of ulnar nerve",14,structure,nerve / plexus / ganglion,exact,2,"male:left-common-palmar-digital-branches-of-ulnar-nerve male:right-common-palmar-digital-branches-of-ulnar-nerve"
6456,"Proper palmar digital branches of ulnar nerve",14,structure,nerve / plexus / ganglion,exact,2,"male:left-proper-palmar-digital-branches-of-ulnar-nerve male:right-proper-palmar-digital-branches-of-ulnar-nerve"
6457,"Deep branch of ulnar nerve",14,structure,nerve / plexus / ganglion,exact,2,"male:left-deep-branch-of-ulnar-nerve male:right-deep-branch-of-ulnar-nerve"
6458,"Medial root of median nerve",14,feature,,n/a,0,""
6459,"Median nerve",14,structure,nerve / plexus / ganglion,exact,2,"male:left-median-nerve male:right-median-nerve"
6460,"Anterior interosseous nerve of forearm",14,structure,nerve / plexus / ganglion,exact,2,"male:left-anterior-interosseous-nerve-of-forearm male:right-anterior-interosseous-nerve-of-forearm"
6461,"Muscular branches of median nerve",14,structure,nerve / plexus / ganglion,exact,2,"male:left-muscular-branches-of-median-nerve male:right-muscular-branches-of-median-nerve"
6462,"Palmar branch of median nerve",14,structure,nerve / plexus / ganglion,exact,2,"male:left-palmar-branch-of-median-nerve male:right-palmar-branch-of-median-nerve"
6463,"(Communicating branch of median nerve with ulnar nerve)",14,structure,nerve / plexus / ganglion,exact,2,"male:left-communicating-branch-of-median-nerve-with-ulnar-nerve male:right-communicating-branch-of-median-nerve-with-ulnar-nerve"
6464,"Recurrent branch of median nerve",14,structure,nerve / plexus / ganglion,none,0,""
6465,"Common palmar digital branches of median nerve",14,structure,nerve / plexus / ganglion,exact,2,"male:left-common-palmar-digital-branches-of-median-nerve male:right-common-palmar-digital-branches-of-median-nerve"
6466,"Proper palmar digital branches of median nerve",14,structure,nerve / plexus / ganglion,exact,2,"male:left-proper-palmar-digital-branches-of-median-nerve male:right-proper-palmar-digital-branches-of-median-nerve"
6467,"THORACIC NERVES",14,heading,,n/a,0,""
6468,"Posterior rami of thoracic nerves",14,structure,nerve / plexus / ganglion,none,0,""
6469,"Posterior cutaneous branches of thoracic nerves",14,structure,nerve / plexus / ganglion,none,0,""
6470,"Anterior rami of thoracic nerves",14,structure,nerve / plexus / ganglion,none,0,""
6471,"Intercostal nerves",14,structure,nerve / plexus / ganglion,exact,2,"male:left-intercostal-nerves male:right-intercostal-nerves"
6472,"Intercostal nerve",14,structure,nerve / plexus / ganglion,exact,2,"male:left-intercostal-nerves male:right-intercostal-nerves"
6473,"Muscular branches of intercostal nerve",14,structure,nerve / plexus / ganglion,none,0,""
6474,"Collateral branch of intercostal nerve of intercostal nerve",14,structure,nerve / plexus / ganglion,none,0,""
6475,"Lateral cutaneous branch of intercostal nerve",14,structure,nerve / plexus / ganglion,none,0,""
6476,"Intercostobrachial nerve",14,structure,nerve / plexus / ganglion,none,0,""
6477,"(Accessory intercostobrachial nerve)",14,structure,nerve / plexus / ganglion,none,0,""
6478,"Lateral pectoral cutaneous branch of intercostal nerve",14,structure,nerve / plexus / ganglion,none,0,""
6479,"Lateral mammary branches of intercostal nerve",14,structure,nerve / plexus / ganglion,none,0,""
6480,"Lateral abdominal cutaneous branch of intercostal nerve",14,structure,nerve / plexus / ganglion,none,0,""
6481,"Anterior cutaneous branch of intercostal nerve",14,structure,nerve / plexus / ganglion,none,0,""
6482,"Anterior pectoral cutaneous branch of intercostal nerve",14,structure,nerve / plexus / ganglion,none,0,""
6483,"Medial mammary branches of intercostal nerve",14,structure,nerve / plexus / ganglion,none,0,""
6484,"Anterior abdominal cutaneous branch of intercostal nerve",14,structure,nerve / plexus / ganglion,none,0,""
6485,"Subcostal nerve",14,structure,nerve / plexus / ganglion,none,0,""
6486,"Muscular branches of subcostal nerve",14,structure,nerve / plexus / ganglion,none,0,""
6487,"Lateral cutaneous branch of subcostal nerve",14,structure,nerve / plexus / ganglion,none,0,""
6488,"Anterior cutaneous branch of subcostal nerve",14,structure,nerve / plexus / ganglion,none,0,""
6489,"LUMBAR NERVES",14,heading,,n/a,0,""
6490,"(Furcal nerve)",14,structure,nerve / plexus / ganglion,none,0,""
6491,"Posterior rami of lumbar nerves",14,structure,nerve / plexus / ganglion,none,0,""
6492,"Posterior cutaneous branches of lumbar nerves",14,structure,nerve / plexus / ganglion,none,0,""
6493,"Superior gluteal cutaneous nerves",14,structure,nerve / plexus / ganglion,none,0,""
6494,"Posterior lumbar plexus",14,structure,nerve / plexus / ganglion,none,0,""
6495,"Anterior rami of lumbar nerves",14,structure,nerve / plexus / ganglion,none,0,""
6496,"Iliohypogastric nerve",14,structure,nerve / plexus / ganglion,exact,2,"male:left-iliohypogastric-nerve male:right-iliohypogastric-nerve"
6497,"Lateral cutaneous branch of iliohypogastric nerve",14,structure,nerve / plexus / ganglion,none,0,""
6498,"Anterior cutaneous branch of iliohypogastric nerve",14,structure,nerve / plexus / ganglion,none,0,""
6499,"Ilioinguinal nerve",14,structure,nerve / plexus / ganglion,exact,2,"male:left-ilio-inguinal-nerve male:right-ilio-inguinal-nerve"
6500,"Anterior labial nerves ♀",14,structure,nerve / plexus / ganglion,none,0,""
6501,"Anterior scrotal nerves ♂",14,structure,nerve / plexus / ganglion,none,0,""
6502,"Posterior divisions of anterior rami of lumbar nerves",14,structure,nerve / plexus / ganglion,none,0,""
6503,"Anterior divisions of anterior rami of lumbar nerves",14,structure,nerve / plexus / ganglion,none,0,""
6504,"Lumbosacral trunk",14,structure,other,none,0,""
6505,"Posterior division of lumbosacral trunk",14,structure,other,none,0,""
6506,"Anterior division of lumbosacral trunk",14,structure,other,none,0,""
6507,"SACRAL NERVES",14,heading,,n/a,0,""
6508,"Posterior rami of sacral nerves",14,structure,nerve / plexus / ganglion,none,0,""
6509,"Middle gluteal cutaneous nerves",14,structure,nerve / plexus / ganglion,none,0,""
6510,"Anterior rami of sacral nerves",14,structure,nerve / plexus / ganglion,none,0,""
6511,"Posterior divisions of anterior rami of sacral nerves",14,structure,nerve / plexus / ganglion,none,0,""
6512,"Anterior divisions of anterior rami of sacral nerves",14,structure,nerve / plexus / ganglion,none,0,""
6513,"COCCYGEAL NERVE",14,structure,nerve / plexus / ganglion,none,0,""
6514,"Posterior ramus of coccygeal nerve",14,structure,nerve / plexus / ganglion,none,0,""
6515,"Anterior ramus of coccygeal nerve",14,structure,nerve / plexus / ganglion,none,0,""
6516,"LUMBOSACRAL PLEXUS",14,structure,nerve / plexus / ganglion,none,0,""
6517,"Lumbar plexus",14,structure,nerve / plexus / ganglion,none,0,""
6518,"Posterior part of lumbar plexus",14,structure,nerve / plexus / ganglion,none,0,""
6519,"Anterior part of lumbar plexus",14,structure,nerve / plexus / ganglion,none,0,""
6520,"Branches of posterior part of lumbar plexus",14,structure,nerve / plexus / ganglion,none,0,""
6521,"Lateral femoral cutaneous nerve",14,structure,nerve / plexus / ganglion,exact,2,"male:left-lateral-femoral-cutaneous-nerve male:right-lateral-femoral-cutaneous-nerve"
6522,"Femoral nerve",14,structure,nerve / plexus / ganglion,exact,2,"male:left-femoral-nerve male:right-femoral-nerve"
6523,"Muscular branches of femoral nerve",14,structure,nerve / plexus / ganglion,none,0,""
6524,"Anterior cutaneous branches of femoral nerve",14,structure,nerve / plexus / ganglion,exact,2,"male:left-anterior-cutaneous-branches-of-femoral-nerve male:right-anterior-cutaneous-branches-of-femoral-nerve"
6525,"Saphenous nerve",14,structure,nerve / plexus / ganglion,exact,2,"male:left-saphenous-nerve male:right-saphenous-nerve"
6526,"Infrapatellar branch of saphenous nerve",14,structure,nerve / plexus / ganglion,exact,2,"male:left-infrapatellar-branch-of-saphenous-nerve male:right-infrapatellar-branch-of-saphenous-nerve"
6527,"Medial crural cutaneous branches of saphenous nerve",14,structure,nerve / plexus / ganglion,exact,2,"male:left-medial-crural-cutaneous-branches-of-saphenous-nerve male:right-medial-crural-cutaneous-branches-of-saphenous-nerve"
6528,"Branches of anterior part of lumbar plexus",14,structure,nerve / plexus / ganglion,none,0,""
6529,"Genitofemoral nerve",14,structure,nerve / plexus / ganglion,exact,2,"male:left-genitofemoral-nerve male:right-genitofemoral-nerve"
6530,"Genital branch of genitofemoral nerve",14,structure,nerve / plexus / ganglion,exact,2,"male:left-genital-branch-of-genitofemoral-nerve male:right-genital-branch-of-genitofemoral-nerve"
6531,"Femoral branch of genitofemoral nerve",14,structure,nerve / plexus / ganglion,exact,2,"male:left-femoral-branch-of-genitofemoral-nerve male:right-femoral-branch-of-genitofemoral-nerve"
6532,"Obturator nerve",14,structure,nerve / plexus / ganglion,exact,2,"male:left-obturator-nerve male:right-obturator-nerve"
6533,"Anterior branch of obturator nerve",14,structure,nerve / plexus / ganglion,exact,2,"male:left-anterior-branch-of-obturator-nerve male:right-anterior-branch-of-obturator-nerve"
6534,"Cutaneous branch of obturator nerve",14,structure,nerve / plexus / ganglion,none,0,""
6535,"Anterior muscular branches of obturator nerve",14,structure,nerve / plexus / ganglion,none,0,""
6536,"Posterior branch of obturator nerve",14,structure,nerve / plexus / ganglion,exact,2,"male:left-posterior-branch-of-obturator-nerve male:right-posterior-branch-of-obturator-nerve"
6537,"Posterior muscular branches of obturator nerve",14,structure,nerve / plexus / ganglion,none,0,""
6538,"(Accessory obturator nerve)",14,structure,nerve / plexus / ganglion,none,0,""
6539,"Sacral plexus",14,structure,nerve / plexus / ganglion,none,0,""
6540,"Posterior part of sacral plexus",14,structure,nerve / plexus / ganglion,none,0,""
6541,"Anterior part of sacral plexus",14,structure,nerve / plexus / ganglion,none,0,""
6542,"Branches of posterior part of sacral plexus",14,structure,nerve / plexus / ganglion,none,0,""
6543,"Superior gluteal nerve",14,structure,nerve / plexus / ganglion,exact,2,"male:left-superior-gluteal-nerve male:right-superior-gluteal-nerve"
6544,"Inferior gluteal nerve",14,structure,nerve / plexus / ganglion,none,0,""
6545,"Nerve to piriformis muscle",14,structure,nerve / plexus / ganglion,exact,2,"male:left-nerve-to-piriformis-muscle male:right-nerve-to-piriformis-muscle"
6546,"Perforating cutaneous nerve",14,structure,nerve / plexus / ganglion,none,0,""
6547,"Posterior root of posterior femoral cutaneous nerve",14,feature,,n/a,0,""
6548,"Posterior root of sciatic nerve",14,feature,,n/a,0,""
6549,"Branches of anterior part of sacral plexus",14,structure,nerve / plexus / ganglion,none,0,""
6550,"Nerve to obturator internus",14,structure,nerve / plexus / ganglion,none,0,""
6551,"Nerve to quadratus femoris muscle",14,structure,nerve / plexus / ganglion,exact,2,"male:left-nerve-to-quadratus-femoris-muscle male:right-nerve-to-quadratus-femoris-muscle"
6552,"Nerve to levator ani",14,structure,nerve / plexus / ganglion,none,0,""
6553,"Nerve to coccygeus muscle",14,structure,nerve / plexus / ganglion,none,0,""
6554,"Pudendal nerve",14,structure,nerve / plexus / ganglion,exact,2,"male:left-pudendal-nerve male:right-pudendal-nerve"
6555,"Inferior anal nerve",14,structure,nerve / plexus / ganglion,none,0,""
6556,"Perineal nerve",14,structure,nerve / plexus / ganglion,none,0,""
6557,"Superficial branch of perineal nerve",14,structure,nerve / plexus / ganglion,none,0,""
6558,"Posterior labial nerves♀",14,structure,nerve / plexus / ganglion,none,0,""
6559,"Posterior scrotal nerves ♂",14,structure,nerve / plexus / ganglion,none,0,""
6560,"Deep branch of perineal nerve",14,structure,nerve / plexus / ganglion,none,0,""
6561,"Muscular branches of perineal nerve",14,structure,nerve / plexus / ganglion,none,0,""
6562,"Dorsal nerve of clitoris♀",14,structure,nerve / plexus / ganglion,none,0,""
6563,"Dorsal nerve of penis ♂",14,structure,nerve / plexus / ganglion,none,0,""
6564,"Anterior root of posterior femoral cutaneous nerve",14,feature,,n/a,0,""
6565,"Anterior root of sciatic nerve",14,feature,,n/a,0,""
6566,"Posterior femoral cutaneous nerve",14,structure,nerve / plexus / ganglion,exact,2,"male:right-posterior-femoral-cutaneous-nerve male:left-posterior-femoral-cutaneous-nerve"
6567,"Inferior gluteal cutaneous nerves",14,structure,nerve / plexus / ganglion,none,0,""
6568,"Perineal branches of posterior femoral cutaneous nerve",14,structure,nerve / plexus / ganglion,none,0,""
6569,"Sciatic nerve",14,structure,nerve / plexus / ganglion,exact,2,"male:left-sciatic-nerve male:right-sciatic-nerve"
6570,"Muscular branches of sciatic nerve",14,structure,nerve / plexus / ganglion,none,0,""
6571,"Common fibular nerve",14,structure,nerve / plexus / ganglion,exact,2,"male:left-common-fibular-nerve male:right-common-fibular-nerve"
6572,"Lateral sural cutaneous nerve",14,structure,nerve / plexus / ganglion,none,0,""
6573,"Sural communicating branch of common fibular nerve",14,structure,nerve / plexus / ganglion,exact,2,"male:left-sural-communicating-branch-of-common-fibular-nerve male:right-sural-communicating-branch-of-common-fibular-nerve"
6574,"Superficial fibular nerve",14,structure,nerve / plexus / ganglion,exact,2,"male:left-superficial-fibular-nerve male:right-superficial-fibular-nerve"
6575,"Muscular branches of superficial fibular nerve",14,structure,nerve / plexus / ganglion,none,0,""
6576,"Medial dorsal cutaneous nerve of foot",14,structure,nerve / plexus / ganglion,exact,2,"male:left-medial-dorsal-cutaneous-nerve-of-foot male:right-medial-dorsal-cutaneous-nerve-of-foot"
6577,"Intermediate dorsal cutaneous nerve of foot",14,structure,nerve / plexus / ganglion,exact,2,"male:left-intermediate-dorsal-cutaneous-nerve-of-foot male:right-intermediate-dorsal-cutaneous-nerve-of-foot"
6578,"Dorsal digital branches of superficial fibular nerve",14,structure,nerve / plexus / ganglion,exact,2,"male:left-dorsal-digital-branches-of-superficial-fibular-nerve male:right-dorsal-digital-branches-of-superficial-fibular-nerve"
6579,"Deep fibular nerve",14,structure,nerve / plexus / ganglion,exact,2,"male:left-deep-fibular-nerve male:right-deep-fibular-nerve"
6580,"Muscular branches of deep fibular nerve",14,structure,nerve / plexus / ganglion,exact,2,"male:left-muscular-branches-of-deep-fibular-nerve male:right-muscular-branches-of-deep-fibular-nerve"
6581,"Dorsal digital branches of deep fibular nerve",14,structure,nerve / plexus / ganglion,exact,2,"male:left-dorsal-digital-branches-of-deep-fibular-nerve male:right-dorsal-digital-branches-of-deep-fibular-nerve"
6582,"Tibial nerve",14,structure,nerve / plexus / ganglion,exact,2,"male:left-tibial-nerve male:right-tibial-nerve"
6583,"Muscular branches of tibial nerve",14,structure,nerve / plexus / ganglion,none,0,""
6584,"Crural interosseous nerve",14,structure,nerve / plexus / ganglion,none,0,""
6585,"Medial sural cutaneous nerve",14,structure,nerve / plexus / ganglion,exact,2,"male:left-medial-sural-cutaneous-nerve male:right-medial-sural-cutaneous-nerve"
6586,"Sural nerve",14,structure,nerve / plexus / ganglion,exact,2,"male:left-sural-nerve male:right-sural-nerve"
6587,"Lateral dorsal cutaneous nerve of foot",14,structure,nerve / plexus / ganglion,none,0,""
6588,"Lateral calcaneal branches of sural nerve",14,structure,nerve / plexus / ganglion,none,0,""
6589,"Medial calcaneal branches of tibial nerve",14,structure,nerve / plexus / ganglion,none,0,""
6590,"Medial plantar nerve",14,structure,nerve / plexus / ganglion,exact,2,"male:left-medial-plantar-nerve male:right-medial-plantar-nerve"
6591,"Common plantar digital branches of medial plantar nerve",14,structure,nerve / plexus / ganglion,exact,2,"male:left-common-plantar-digital-branches-of-medial-plantar-nerve male:common-plantar-digital-branches-of-medial-plantar-nerve"
6592,"Proper plantar digital branches of medial plantar nerve",14,structure,nerve / plexus / ganglion,exact,2,"male:left-proper-plantar-digital-branches-of-medial-plantar-nerve male:right-proper-plantar-digital-branches-of-medial-plantar-nerve"
6593,"Lateral plantar nerve",14,structure,nerve / plexus / ganglion,exact,2,"male:left-lateral-plantar-nerve male:right-lateral-plantar-nerve"
6594,"Superficial branch of lateral plantar nerve",14,structure,nerve / plexus / ganglion,none,0,""
6595,"Common plantar digital branches of lateral plantar nerve",14,structure,nerve / plexus / ganglion,exact,2,"male:left-common-plantar-digital-branches-of-lateral-plantar-nerve male:right-common-plantar-digital-branches-of-lateral-plantar-nerve"
6596,"Proper plantar digital branches of lateral plantar nerve",14,structure,nerve / plexus / ganglion,exact,2,"male:left-proper-plantar-digital-branches-of-lateral-plantar-nerve male:right-proper-plantar-digital-branches-of-lateral-plantar-nerve"
6597,"Deep branch of lateral plantar nerve",14,structure,nerve / plexus / ganglion,none,0,""
6598,"Coccygeal plexus",14,structure,nerve / plexus / ganglion,none,0,""
6599,"Anococcygeal nerve",14,structure,nerve / plexus / ganglion,none,0,""
6600,"Autonomic division of peripheral nervous system",14,structure,other,none,0,""
6601,"THORACOLUMBAR PART OF AUTONOMIC DIVISION",14,heading,,n/a,0,""
6602,"Sympathetic trunk",14,structure,other,exact,2,"male:left-sympathetic-trunk male:right-sympathetic-trunk"
6603,"Interganglionic branches",14,structure,other,none,0,""
6604,"Paravertebral ganglia",14,structure,other,none,0,""
6605,"Intermediate ganglia",14,structure,other,none,0,""
6606,"Ganglia of sympathetic trunk",14,structure,other,exact,2,"male:left-ganglia-of-sympathetic-trunk male:right-ganglia-of-sympathetic-trunk"
6607,"Cervical ganglia",14,structure,other,none,0,""
6608,"Superior cervical ganglion",14,structure,nerve / plexus / ganglion,none,0,""
6609,"Middle cervical ganglion",14,structure,nerve / plexus / ganglion,none,0,""
6610,"(Vertebral ganglion)",14,structure,nerve / plexus / ganglion,none,0,""
6611,"(Inferior cervical ganglion)",14,structure,nerve / plexus / ganglion,none,0,""
6612,"Cervicothoracic ganglion",14,structure,nerve / plexus / ganglion,none,0,""
6613,"Thoracic ganglia",14,structure,other,none,0,""
6614,"Lumbar ganglia",14,structure,other,none,0,""
6615,"Sacral ganglia",14,structure,other,none,0,""
6616,"Ganglion impar",14,structure,nerve / plexus / ganglion,none,0,""
6617,"Sympathetic nerves",14,structure,nerve / plexus / ganglion,exact,2,"male:left-sympathetic-nerves male:right-sympathetic-nerves"
6618,"Jugular nerve",14,structure,nerve / plexus / ganglion,none,0,""
6619,"Internal carotid nerve",14,structure,nerve / plexus / ganglion,none,0,""
6620,"External carotid nerves",14,structure,nerve / plexus / ganglion,none,0,""
6621,"Laryngopharyngeal nerves",14,structure,nerve / plexus / ganglion,none,0,""
6622,"Superior cervical cardiac nerve",14,structure,nerve / plexus / ganglion,none,0,""
6623,"Middle cervical cardiac nerve",14,structure,nerve / plexus / ganglion,none,0,""
6624,"Ansa subclavia",14,structure,other,none,0,""
6625,"Inferior cervical cardiac nerve",14,structure,nerve / plexus / ganglion,none,0,""
6626,"Vertebral nerve",14,structure,nerve / plexus / ganglion,none,0,""
6627,"Thoracic visceral nerves",14,structure,nerve / plexus / ganglion,none,0,""
6628,"Thoracic cardiac nerves",14,structure,nerve / plexus / ganglion,none,0,""
6629,"Thoracic pulmonary nerves",14,structure,nerve / plexus / ganglion,none,0,""
6630,"Esophageal nerves",14,structure,nerve / plexus / ganglion,none,0,""
6631,"Greater thoracic splanchnic nerve",14,structure,nerve / plexus / ganglion,none,0,""
6632,"Lesser thoracic splanchnic nerve",14,structure,nerve / plexus / ganglion,none,0,""
6633,"Renal branch of lesser thoracic splanchnic nerve",14,structure,nerve / plexus / ganglion,none,0,""
6634,"Least thoracic splanchnic nerve",14,structure,nerve / plexus / ganglion,none,0,""
6635,"Lumbar splanchnic nerves",14,structure,nerve / plexus / ganglion,none,0,""
6636,"Sacral splanchnic nerves",14,structure,nerve / plexus / ganglion,none,0,""
6637,"Prevertebral ganglia",14,structure,other,none,0,""
6638,"Thoracic splanchnic ganglion",14,structure,nerve / plexus / ganglion,none,0,""
6639,"Celiac ganglia",14,structure,other,none,0,""
6640,"Aorticorenal ganglia",14,structure,other,none,0,""
6641,"Superior mesenteric ganglion",14,structure,nerve / plexus / ganglion,none,0,""
6642,"Inferior mesenteric ganglion",14,structure,nerve / plexus / ganglion,none,0,""
6643,"Perivascular plexuses",14,structure,other,none,0,""
6644,"Common carotid plexus",14,structure,nerve / plexus / ganglion,none,0,""
6645,"Internal carotid plexus",14,structure,nerve / plexus / ganglion,none,0,""
6646,"Sympathetic root of ciliary ganglion",14,feature,,n/a,0,""
6647,"Deep petrosal nerve",14,structure,nerve / plexus / ganglion,none,0,""
6648,"Caroticotympanic nerves",14,structure,nerve / plexus / ganglion,none,0,""
6649,"Pineal nerve",14,structure,nerve / plexus / ganglion,none,0,""
6650,"Cavernous plexus",14,structure,nerve / plexus / ganglion,none,0,""
6651,"External carotid plexus",14,structure,nerve / plexus / ganglion,none,0,""
6652,"Sympathetic root of submandibular ganglion",14,feature,,n/a,0,""
6653,"(Sympathetic root of sublingual ganglion)",14,feature,,n/a,0,""
6654,"Sympathetic root of otic ganglion",14,feature,,n/a,0,""
6655,"Subclavian plexus",14,structure,nerve / plexus / ganglion,none,0,""
6656,"Brachial autonomic plexus",14,structure,nerve / plexus / ganglion,none,0,""
6657,"Vertebral plexus",14,structure,nerve / plexus / ganglion,none,0,""
6658,"Thoracic aortic plexus",14,structure,artery,none,0,""
6659,"Iliac plexus",14,structure,nerve / plexus / ganglion,none,0,""
6660,"Femoral plexus",14,structure,nerve / plexus / ganglion,none,0,""
6661,"CRANIOSACRAL PART OF AUTONOMIC DIVISION",14,heading,,n/a,0,""
6662,"Cranial part",14,structure,other,none,0,""
6663,"Ciliary ganglion",14,structure,nerve / plexus / ganglion,exact,2,"male:left-ciliary-ganglion male:right-ciliary-ganglion"
6664,"Short ciliary nerves",14,structure,nerve / plexus / ganglion,exact,2,"male:subdivision-of-parasympathetic-nervous-system male:subdivision-of-parasympathetic-nervous-system-2"
6665,"Pterygopalatine ganglion",14,structure,nerve / plexus / ganglion,none,0,""
6666,"Orbital branches of maxillary nerve",14,structure,nerve / plexus / ganglion,none,0,""
6667,"Submandibular ganglion",14,structure,nerve / plexus / ganglion,none,0,""
6668,"Anterior branch of lingual nerve to submandibular ganglion",14,structure,nerve / plexus / ganglion,none,0,""
6669,"Submandibular nerves",14,structure,nerve / plexus / ganglion,none,0,""
6670,"(Sublingual ganglion)",14,structure,nerve / plexus / ganglion,none,0,""
6671,"Otic ganglion",14,structure,nerve / plexus / ganglion,none,0,""
6672,"Branch of auriculotemporal nerve to otic ganglion",14,structure,nerve / plexus / ganglion,none,0,""
6673,"Vagal part of autonomic division",14,structure,other,none,0,""
6674,"Anterior vagal trunk",14,structure,other,none,0,""
6675,"Anterior gastric branches",14,structure,other,none,0,""
6676,"Anterior nerve of lesser curvature",14,structure,nerve / plexus / ganglion,none,0,""
6677,"Hepatic branches",14,structure,viscus (thorax / abdomen / pelvis),partial,7,"male:left-lobe-branch-of-left-hepatic-artery male:caudate-lobe-branch-of-right-hepatic-artery male:right-lobe-branch-of-right-hepatic-artery male:caudate-lobe-branch-of-right-hepatic-artery-2"
6678,"Pyloric branch",14,structure,other,none,0,""
6679,"Posterior vagal trunk",14,structure,other,none,0,""
6680,"Posterior gastric branches",14,structure,other,none,0,""
6681,"Posterior nerve of lesser curvature",14,structure,nerve / plexus / ganglion,none,0,""
6682,"Celiac branches",14,structure,other,none,0,""
6683,"Renal branches",14,structure,viscus (thorax / abdomen / pelvis),partial,11,"male:superior-segmental-branch-of-right-renal-artery male:inferior-segmental-branch-of-right-renal-artery male:posterior-segmental-branch-of-right-renal-artery male:inferior-segmental-branch-of-left-renal-artery"
6684,"Sacral part of autonomic division",14,structure,other,none,0,""
6685,"Pelvic splanchnic nerves",14,structure,nerve / plexus / ganglion,none,0,""
6686,"VISCERAL PART OF AUTONOMIC DIVISION",14,heading,,n/a,0,""
6687,"Thoracic plexuses",14,structure,other,none,0,""
6688,"Cardiac plexus",14,structure,nerve / plexus / ganglion,none,0,""
6689,"Cardiac ganglia",14,structure,other,none,0,""
6690,"Esophageal plexus",14,structure,nerve / plexus / ganglion,none,0,""
6691,"Pulmonary plexus",14,structure,nerve / plexus / ganglion,none,0,""
6692,"Abdominal plexuses",14,structure,other,none,0,""
6693,"Phrenic plexus",14,structure,nerve / plexus / ganglion,none,0,""
6694,"Phrenic ganglia",14,structure,other,none,0,""
6695,"Abdominal aortic plexus",14,structure,artery,none,0,""
6696,"Celiac plexus",14,structure,nerve / plexus / ganglion,none,0,""
6697,"Hepatic plexus",14,structure,nerve / plexus / ganglion,none,0,""
6698,"Splenic plexus",14,structure,lymphatic,none,0,""
6699,"Gastric plexuses",14,structure,other,none,0,""
6700,"Pancreatic plexus",14,structure,nerve / plexus / ganglion,none,0,""
6701,"Suprarenal plexus",14,structure,nerve / plexus / ganglion,none,0,""
6702,"Renal plexus",14,structure,nerve / plexus / ganglion,none,0,""
6703,"Renal ganglia",14,structure,viscus (thorax / abdomen / pelvis),none,0,""
6704,"Ureteric plexus",14,structure,nerve / plexus / ganglion,none,0,""
6705,"Superior mesenteric plexus",14,structure,nerve / plexus / ganglion,none,0,""
6706,"Ovarian plexus ♀",14,structure,nerve / plexus / ganglion,none,0,""
6707,"Testicular plexus ♂",14,structure,nerve / plexus / ganglion,none,0,""
6708,"Intermesenteric plexus",14,structure,nerve / plexus / ganglion,none,0,""
6709,"Inferior mesenteric plexus",14,structure,nerve / plexus / ganglion,none,0,""
6710,"Superior rectal plexus",14,structure,nerve / plexus / ganglion,none,0,""
6711,"Superior hypogastric plexus",14,structure,nerve / plexus / ganglion,none,0,""
6712,"Pelvic plexuses",14,structure,other,none,0,""
6713,"Pelvic ganglia",14,structure,other,none,0,""
6714,"Hypogastric nerve",14,structure,nerve / plexus / ganglion,none,0,""
6715,"Inferior hypogastric plexus",14,structure,nerve / plexus / ganglion,none,0,""
6716,"Middle rectal plexus",14,structure,nerve / plexus / ganglion,none,0,""
6717,"Inferior rectal plexus",14,structure,nerve / plexus / ganglion,none,0,""
6718,"Superior anal nerves",14,structure,nerve / plexus / ganglion,none,0,""
6719,"Vesical plexus",14,structure,nerve / plexus / ganglion,none,0,""
6720,"Deferential plexus ♂",14,structure,nerve / plexus / ganglion,none,0,""
6721,"Uterovaginal plexus ♀",14,structure,nerve / plexus / ganglion,none,0,""
6722,"Vaginal nerves ♀",14,structure,nerve / plexus / ganglion,none,0,""
6723,"Cavernous nerves of clitoris ♀",14,structure,nerve / plexus / ganglion,none,0,""
6724,"Prostatic plexus ♂",14,structure,nerve / plexus / ganglion,none,0,""
6725,"Cavernous nerves of penis ♂",14,structure,nerve / plexus / ganglion,none,0,""
6726,"Enteric plexus",14,structure,nerve / plexus / ganglion,none,0,""
6727,"Myenteric plexus",14,structure,nerve / plexus / ganglion,none,0,""
6728,"Submucosal plexus",14,structure,nerve / plexus / ganglion,none,0,""
6729,"Sense organs",15,structure,other,none,0,""
6730,"OLFACTORY ORGAN",15,structure,eye / ear / sense organ,none,0,""
6731,"Olfactory part of nasal mucosa",15,structure,eye / ear / sense organ,none,0,""
6732,"Olfactory epithelium",15,structure,eye / ear / sense organ,none,0,""
6733,"Olfactory glands",15,structure,gland / endocrine,none,0,""
6734,"EYE",15,structure,eye / ear / sense organ,partial,2,"female:eye-trabecular-meshwork female:eye-trabecular-meshwork-2"
6735,"Eyeball",15,structure,eye / ear / sense organ,partial,10,"male:anterior-chamber-of-left-eyeball male:anterior-chamber-of-right-eyeball male:left-anterior-segment-of-eyeball male:right-anterior-segment-of-eyeball"
6736,"Anterior pole of eyeball",15,feature,,n/a,0,""
6737,"Posterior pole of eyeball",15,feature,,n/a,0,""
6738,"Equator of eyeball",15,structure,eye / ear / sense organ,none,0,""
6739,"Meridians of eyeball",15,structure,eye / ear / sense organ,none,0,""
6740,"External axis of eyeball",15,feature,,n/a,0,""
6741,"Internal axis of eyeball",15,feature,,n/a,0,""
6742,"Optic axis",15,feature,,n/a,0,""
6743,"FIBROUS LAYER OF EYEBALL",15,heading,,n/a,0,""
6744,"Cornea",15,structure,eye / ear / sense organ,exact,4,"male:left-cornea male:right-cornea female:f-right-cornea female:f-left-cornea"
6745,"Corneal vertex",15,structure,other,none,0,""
6746,"Anterior surface of cornea",15,feature,,n/a,0,""
6747,"Posterior surface of cornea",15,feature,,n/a,0,""
6748,"Corneoscleral junction",15,feature,,n/a,0,""
6749,"Conjunctival ring",15,structure,other,none,0,""
6750,"Sclera",15,structure,eye / ear / sense organ,exact,4,"male:left-sclera male:right-sclera female:f-right-sclera female:f-left-sclera"
6751,"Sulcus sclerae",15,feature,,n/a,0,""
6752,"VASCULAR LAYER OF EYEBALL",15,heading,,n/a,0,""
6753,"Iris",15,structure,eye / ear / sense organ,exact,4,"male:left-iris male:right-iris female:f-right-iris female:f-left-iris"
6754,"Pupil",15,structure,other,exact,2,"female:right-pupil female:left-pupil"
6755,"Pupillary margin of iris",15,feature,,n/a,0,""
6756,"Inner zone of iris",15,structure,eye / ear / sense organ,none,0,""
6757,"Folds of iris",15,structure,eye / ear / sense organ,none,0,""
6758,"Outer zone of iris",15,structure,eye / ear / sense organ,none,0,""
6759,"Ciliary margin of iris",15,feature,,n/a,0,""
6760,"Anterior surface of iris",15,feature,,n/a,0,""
6761,"Posterior surface of iris",15,feature,,n/a,0,""
6762,"Sphincter pupillae",15,structure,other,none,0,""
6763,"Dilator pupillae",15,structure,other,none,0,""
6764,"(Pupillary membrane)",15,structure,other,none,0,""
6765,"Ciliary body",15,structure,other,exact,2,"female:right-ciliary-body female:left-ciliary-body"
6766,"Corona ciliaris",15,structure,other,exact,2,"male:left-corona-ciliaris male:right-corona-ciliaris"
6767,"Ciliary processes",15,structure,other,exact,2,"female:ciliary-processes female:ciliary-processes-2"
6768,"Ciliary folds",15,structure,other,none,0,""
6769,"Orbicularis ciliaris",15,structure,other,none,0,""
6770,"Ciliary muscle",15,structure,muscle / tendon,exact,2,"female:right-ciliary-muscle female:left-ciliary-muscle"
6771,"Meridional fibers",15,structure,other,none,0,""
6772,"Radial fibers",15,structure,other,none,0,""
6773,"Circular fibers",15,structure,other,none,0,""
6774,"Choroid",15,structure,other,exact,6,"male:left-choroid male:left-choroid-2 male:right-choroid male:right-choroid-2"
6775,"INNER LAYER OF EYEBALL",15,heading,,n/a,0,""
6776,"Retina",15,structure,eye / ear / sense organ,exact,4,"male:left-retina male:right-retina female:right-retina female:left-retina"
6777,"Nonvisual retina",15,structure,eye / ear / sense organ,none,0,""
6778,"Iridal part of retina",15,structure,eye / ear / sense organ,none,0,""
6779,"Ciliary part of retina",15,structure,eye / ear / sense organ,none,0,""
6780,"Ora serrata",15,structure,other,exact,2,"female:right-ora-serrata female:left-ora-serrata"
6781,"Optic part of retina",15,structure,eye / ear / sense organ,exact,2,"male:optic-part-of-left-retina male:optic-part-of-right-retina"
6782,"Pigmented layer of optical retina",15,structure,eye / ear / sense organ,none,0,""
6783,"Neural layer of optical retina",15,structure,eye / ear / sense organ,none,0,""
6784,"Macula",15,structure,other,partial,2,"female:right-macula-lutea female:left-macula-lutea"
6785,"Fovea centralis",15,feature,,n/a,0,""
6786,"Foveola",15,structure,other,none,0,""
6787,"Intraocular part of optic nerve",15,structure,nerve / plexus / ganglion,none,0,""
6788,"Optic disc",15,structure,other,exact,2,"female:right-optic-disc female:left-optic-disc"
6789,"Depression of optic disc",15,structure,other,none,0,""
6790,"ANTERIOR SEGMENT OF EYEBALL",15,heading,,n/a,0,""
6791,"Aqueous humor",15,structure,other,partial,2,"female:aqueous-humor-of-right-eyeball female:aqueous-humor-of-left-eyeball"
6792,"Anterior chamber of eyeball",15,structure,eye / ear / sense organ,exact,2,"male:anterior-chamber-of-left-eyeball male:anterior-chamber-of-right-eyeball"
6793,"Iridocorneal angle",15,structure,other,none,0,""
6794,"Posterior chamber of eyeball",15,structure,eye / ear / sense organ,none,0,""
6795,"Ciliary zonule",15,structure,other,none,0,""
6796,"Zonular fibers",15,structure,other,exact,2,"male:left-zonular-fibres male:right-zonular-fibres"
6797,"Zonular spaces",15,space,,n/a,0,""
6798,"Lens",15,structure,eye / ear / sense organ,exact,4,"male:left-lens male:right-lens female:f-right-lens female:f-left-lens"
6799,"Anterior surface of lens",15,feature,,n/a,0,""
6800,"Anterior pole of lens",15,feature,,n/a,0,""
6801,"Posterior surface of lens",15,feature,,n/a,0,""
6802,"Posterior pole of lens",15,feature,,n/a,0,""
6803,"Axis of lens",15,feature,,n/a,0,""
6804,"Equator of lens",15,structure,eye / ear / sense organ,none,0,""
6805,"Radii of lens",15,structure,eye / ear / sense organ,none,0,""
6806,"POSTERIOR SEGMENT OF EYEBALL",15,heading,,n/a,0,""
6807,"Postremal chamber of eyeball",15,structure,eye / ear / sense organ,none,0,""
6808,"Retrozonular space",15,space,,n/a,0,""
6809,"Vitreous body",15,structure,other,exact,2,"male:left-vitreous-body male:right-vitreous-body"
6810,"Hyaloid fossa",15,feature,,n/a,0,""
6811,"Hyaloid canal",15,feature,,n/a,0,""
6812,"(Hyaloid artery)",15,structure,artery,none,0,""
6813,"Vitreous membrane",15,structure,other,none,0,""
6814,"Vitreous humor",15,structure,other,partial,2,"female:humor-of-right-vitreous-body female:humor-of-left-vitreous-body"
6815,"Accessory visual structures",15,structure,other,none,0,""
6816,"Episcleral layer",15,structure,other,none,0,""
6817,"Fascial sheath of eyeball",15,structure,eye / ear / sense organ,none,0,""
6818,"Suspensory ligament of eyeball",15,structure,ligament / capsule,exact,2,"male:left-suspensory-ligament-of-eyeball male:right-suspensory-ligament-of-eyeball"
6819,"Orbital fat body",15,structure,skin / fascia / soft tissue,none,0,""
6820,"Orbitalis muscle",15,structure,muscle / tendon,partial,28,"male:left-infra-orbital-artery male:right-infra-orbital-artery male:left-supra-orbital-artery male:right-supra-orbital-artery"
6821,"Extraocular muscles",15,structure,muscle / tendon,none,0,""
6822,"Eyelids",15,structure,other,partial,8,"male:tarsal-plate-of-left-upper-eyelid male:tarsal-plate-of-left-lower-eyelid male:tarsal-plate-of-right-upper-eyelid male:tarsal-plate-of-right-lower-eyelid"
6823,"Anterior surface of eyelid",15,feature,,n/a,0,""
6824,"Anterior palpebral margin",15,feature,,n/a,0,""
6825,"Posterior palpebral margin",15,feature,,n/a,0,""
6826,"Posterior surface of eyelid",15,feature,,n/a,0,""
6827,"Superior tarsus",15,structure,other,exact,2,"male:left-superior-tarsus male:right-superior-tarsus"
6828,"Superior tarsal muscle",15,structure,muscle / tendon,none,0,""
6829,"Inferior tarsus",15,structure,other,exact,2,"male:left-inferior-tarsus male:right-inferior-tarsus"
6830,"Inferior tarsal muscle",15,structure,muscle / tendon,none,0,""
6831,"Lateral palpebral ligament",15,structure,ligament / capsule,none,0,""
6832,"Medial palpebral ligament",15,structure,ligament / capsule,none,0,""
6833,"Tarsal glands",15,structure,bone / cartilage / joint,none,0,""
6834,"Ciliary glands",15,structure,gland / endocrine,none,0,""
6835,"Sebaceous glands of eyelid",15,structure,gland / endocrine,none,0,""
6836,"Conjunctiva",15,structure,other,partial,6,"female:palpebral-conjunctiva-of-right-upper-eyelid female:palpebral-conjunctiva-of-right-lower-eyelid female:right-bulbar-conjunctiva female:palpebral-conjunctiva-of-left-upper-eyelid"
6837,"Bulbar conjunctiva",15,structure,other,exact,2,"female:right-bulbar-conjunctiva female:left-bulbar-conjunctiva"
6838,"Conjunctival sac",15,structure,other,none,0,""
6839,"Palpebral conjunctiva",15,structure,other,partial,4,"female:palpebral-conjunctiva-of-right-upper-eyelid female:palpebral-conjunctiva-of-right-lower-eyelid female:palpebral-conjunctiva-of-left-upper-eyelid female:palpebral-conjunctiva-of-left-lower-eyelid"
6840,"Superior conjunctival fornix",15,structure,other,none,0,""
6841,"Plica semilunaris of conjunctiva",15,structure,other,none,0,""
6842,"Inferior conjunctival fornix",15,structure,other,none,0,""
6843,"Conjunctival glands",15,structure,gland / endocrine,none,0,""
6844,"Lacrimal caruncle",15,structure,other,none,0,""
6845,"Lacrimal apparatus",15,structure,other,none,0,""
6846,"Lacrimal gland",15,structure,gland / endocrine,exact,2,"male:left-lacrimal-gland male:right-lacrimal-gland"
6847,"Orbital part of lacrimal gland",15,structure,gland / endocrine,none,0,""
6848,"Palpebral part of lacrimal gland",15,structure,gland / endocrine,none,0,""
6849,"Excretory ducts of lacrimal gland",15,structure,gland / endocrine,none,0,""
6850,"(Accessory lacrimal glands)",15,structure,gland / endocrine,none,0,""
6851,"Rivus lacrimalis",15,structure,other,none,0,""
6852,"Lacus lacrimalis",15,structure,other,exact,2,"male:left-lacrimal-lake male:right-lacrimal-lake"
6853,"Lacrimal papilla",15,structure,eye / ear / sense organ,none,0,""
6854,"Lacrimal punctum",15,structure,other,none,0,""
6855,"Lacrimal canaliculus",15,feature,,n/a,0,""
6856,"Ampulla of lacrimal canaliculus",15,feature,,n/a,0,""
6857,"Lacrimal sac",15,structure,other,exact,2,"male:left-lacrimal-sac male:right-lacrimal-sac"
6858,"Fornix of lacrimal sac",15,space,,n/a,0,""
6859,"Nasolacrimal duct",15,structure,other,exact,2,"male:left-nasolacrimal-duct male:right-nasolacrimal-duct"
6860,"Lacrimal fold",15,structure,other,none,0,""
6861,"EAR",15,structure,eye / ear / sense organ,partial,1,"male:subdivision-of-auriculotemporal-part-of-head"
6862,"External ear",15,structure,eye / ear / sense organ,exact,1,"male:subdivision-of-auriculotemporal-part-of-head"
6863,"Auricle",15,structure,other,none,0,""
6864,"Auricular cartilage",15,structure,bone / cartilage / joint,none,0,""
6865,"Ligaments of auricle",15,structure,ligament / capsule,none,0,""
6866,"Intrinsic auricular muscles",15,structure,muscle / tendon,none,0,""
6867,"External acoustic meatus",15,feature,,n/a,0,""
6868,"External acoustic pore",15,structure,other,none,0,""
6869,"Cartilage of external acoustic meatus",15,feature,,n/a,0,""
6870,"Tympanic membrane",15,structure,eye / ear / sense organ,exact,2,"male:left-tympanic-membrane male:right-tympanic-membrane"
6871,"Pars flaccida of tympanic membrane",15,structure,eye / ear / sense organ,none,0,""
6872,"Pars tensa of tympanic membrane",15,structure,eye / ear / sense organ,none,0,""
6873,"Mallear prominence",15,structure,other,none,0,""
6874,"Mallear stria",15,structure,other,none,0,""
6875,"Umbo of tympanic membrane",15,structure,eye / ear / sense organ,none,0,""
6876,"Fibrocartilaginous ring",15,structure,other,none,0,""
6877,"Middle ear",15,structure,eye / ear / sense organ,none,0,""
6878,"Tympanic cavity",15,space,,n/a,0,""
6879,"Epitympanic recess",15,space,,n/a,0,""
6880,"Cupular part of epitympanic recess",15,space,,n/a,0,""
6881,"Tympanic cavity proper",15,space,,n/a,0,""
6882,"Mesotympanum",15,structure,other,none,0,""
6883,"Hypotympanum",15,structure,other,none,0,""
6884,"Recesses of tympanic membrane",15,structure,eye / ear / sense organ,none,0,""
6885,"Anterior recess of tympanic membrane",15,space,,n/a,0,""
6886,"Superior recess of tympanic membrane",15,space,,n/a,0,""
6887,"Posterior recess of tympanic membrane",15,space,,n/a,0,""
6888,"Walls of tympanic cavity",15,space,,n/a,0,""
6889,"Mucosa of tympanic cavity",15,space,,n/a,0,""
6890,"Tegmental wall of tympanic cavity",15,space,,n/a,0,""
6891,"Jugular wall of tympanic cavity",15,space,,n/a,0,""
6892,"Styloid prominence",15,structure,other,none,0,""
6893,"Tympanic cells",15,structure,eye / ear / sense organ,none,0,""
6894,"Carotid wall of tympanic cavity",15,space,,n/a,0,""
6895,"Tympanic opening of auditory tube",15,structure,eye / ear / sense organ,none,0,""
6896,"Labyrinthine wall of tympanic cavity",15,space,,n/a,0,""
6897,"Vestibular window",15,structure,other,none,0,""
6898,"Fossa of vestibular window",15,feature,,n/a,0,""
6899,"Promontory of tympanic cavity",15,space,,n/a,0,""
6900,"Groove of promontory",15,feature,,n/a,0,""
6901,"Subiculum of promontory",15,structure,other,none,0,""
6902,"Ponticle of promontory",15,structure,other,none,0,""
6903,"Sinus tympani",15,structure,other,none,0,""
6904,"Cochlear window",15,structure,other,none,0,""
6905,"Secondary tympanic membrane",15,structure,eye / ear / sense organ,none,0,""
6906,"Fossa of cochlear window",15,feature,,n/a,0,""
6907,"Crest of cochlear window",15,feature,,n/a,0,""
6908,"Processus cochleariformis",15,structure,other,none,0,""
6909,"Mastoid wall of tympanic cavity",15,space,,n/a,0,""
6910,"Aditus to mastoid antrum",15,structure,other,none,0,""
6911,"Prominence of lateral semicircular canal",15,feature,,n/a,0,""
6912,"Prominence of facial canal",15,feature,,n/a,0,""
6913,"Pyramidal eminence",15,feature,,n/a,0,""
6914,"Fossa of incus",15,feature,,n/a,0,""
6915,"Posterior sinus",15,structure,other,partial,1,"male:posterior-intercavernous-sinus"
6916,"Tympanic aperture of posterior tympanic canaliculus",15,feature,,n/a,0,""
6917,"Membranous wall of tympanic cavity",15,space,,n/a,0,""
6918,"Posterior fold of malleus",15,space,,n/a,0,""
6919,"Anterior fold of malleus",15,space,,n/a,0,""
6920,"Fold of chorda tympani",15,space,,n/a,0,""
6921,"Fold of incus",15,space,,n/a,0,""
6922,"Fold of stapes",15,space,,n/a,0,""
6923,"Auditory ossicles",15,structure,other,none,0,""
6924,"Joints of auditory ossicles",15,structure,other,none,0,""
6925,"Muscles of auditory ossicles",15,structure,muscle / tendon,none,0,""
6926,"Auditory tube",15,structure,other,exact,2,"male:left-auditory-tube male:right-auditory-tube"
6927,"Bony part of auditory tube",15,structure,other,none,0,""
6928,"Isthmus of auditory tube",15,structure,other,none,0,""
6929,"Tubal cells",15,structure,other,none,0,""
6930,"Cartilaginous part of auditory tube",15,structure,other,none,0,""
6931,"Cartilage of auditory tube",15,structure,bone / cartilage / joint,none,0,""
6932,"Membranous lamina of auditory tube",15,structure,other,none,0,""
6933,"Mucosa of auditory tube",15,structure,other,none,0,""
6934,"Tubal glands",15,structure,gland / endocrine,none,0,""
6935,"Internal ear",15,structure,eye / ear / sense organ,none,0,""
6936,"BONY LABYRINTH",15,structure,eye / ear / sense organ,none,0,""
6937,"Perilymphatic space",15,space,,n/a,0,""
6938,"Perilymph",15,structure,other,none,0,""
6939,"Perilymphatic ducts",15,structure,other,none,0,""
6940,"Vestibular aqueduct",15,structure,other,none,0,""
6941,"Cochlear canaliculus",15,feature,,n/a,0,""
6942,"Vestibule",15,structure,other,exact,2,"male:left-vestibule male:right-vestibule"
6943,"Elliptical recess",15,space,,n/a,0,""
6944,"Internal opening of vestibular canaliculus",15,feature,,n/a,0,""
6945,"Spherical recess",15,space,,n/a,0,""
6946,"Cochlear recess",15,space,,n/a,0,""
6947,"Walls of vestibule",15,structure,other,none,0,""
6948,"Vestibular crest",15,feature,,n/a,0,""
6949,"Pyramid of vestibule",15,structure,other,none,0,""
6950,"Maculae cribrosae",15,structure,other,none,0,""
6951,"Macula cribrosa superior",15,structure,other,none,0,""
6952,"Macula cribrosa media",15,structure,other,none,0,""
6953,"Macula cribrosa inferior",15,structure,other,none,0,""
6954,"Semicircular canals",15,structure,other,none,0,""
6955,"Anterior semicircular canal",15,feature,,n/a,0,""
6956,"Anterior bony ampulla",15,structure,other,none,0,""
6957,"Posterior semicircular canal",15,feature,,n/a,0,""
6958,"Posterior bony ampulla",15,structure,other,none,0,""
6959,"Common bony limb",15,structure,other,none,0,""
6960,"Ampullary bony limbs",15,structure,other,none,0,""
6961,"Lateral semicircular canal",15,feature,,n/a,0,""
6962,"Lateral bony ampulla",15,structure,other,none,0,""
6963,"Simply bony limb",15,structure,other,none,0,""
6964,"Cochlea",15,structure,eye / ear / sense organ,exact,2,"male:left-cochlea male:right-cochlea"
6965,"Cochlear cupula",15,structure,other,none,0,""
6966,"Base of cochlea",15,feature,,n/a,0,""
6967,"Spiral canal of cochlea",15,feature,,n/a,0,""
6968,"Scala vestibuli",15,structure,other,none,0,""
6969,"Helicotrema",15,structure,other,none,0,""
6970,"Scala tympani",15,structure,other,none,0,""
6971,"Internal opening of cochlear canaliculus",15,feature,,n/a,0,""
6972,"Walls of cochlea",15,structure,eye / ear / sense organ,none,0,""
6973,"Osseous spiral lamina",15,structure,other,none,0,""
6974,"Vestibular lamella",15,structure,other,none,0,""
6975,"Tympanic lamella",15,structure,eye / ear / sense organ,none,0,""
6976,"Foramina nervosa",15,feature,,n/a,0,""
6977,"Hamulus of spiral lamina",15,structure,other,none,0,""
6978,"Secondary spiral lamina",15,structure,other,none,0,""
6979,"Cochlear septum",15,structure,other,none,0,""
6980,"Modiolous of cochlea",15,structure,eye / ear / sense organ,none,0,""
6981,"Base of modiolus",15,feature,,n/a,0,""
6982,"Lamina of modiolus",15,structure,other,none,0,""
6983,"Spiral canal of modiolus",15,feature,,n/a,0,""
6984,"Longitudinal canals of modiolus",15,structure,other,none,0,""
6985,"Internal acoustic meatus",15,feature,,n/a,0,""
6986,"Fundus of internal acoustic meatus",15,feature,,n/a,0,""
6987,"Transverse crest",15,feature,,n/a,0,""
6988,"Facial area",15,structure,other,none,0,""
6989,"Vertical crest",15,feature,,n/a,0,""
6990,"Superior vestibular area",15,structure,other,none,0,""
6991,"Inferior vestibular area",15,structure,other,none,0,""
6992,"Foramen singulare",15,feature,,n/a,0,""
6993,"Cochlear area",15,structure,other,none,0,""
6994,"Tractus spiralis foraminosus",15,structure,other,none,0,""
6995,"MEMBRANOUS LABYRINTH",15,structure,eye / ear / sense organ,none,0,""
6996,"Endolymphatic space",15,space,,n/a,0,""
6997,"Endolymph",15,structure,other,none,0,""
6998,"Vestibular labyrinth",15,structure,eye / ear / sense organ,none,0,""
6999,"Utricle",15,structure,other,none,0,""
7000,"Macula of utricle",15,structure,other,none,0,""
7001,"Saccule",15,structure,other,none,0,""
7002,"Macula of saccule",15,structure,other,none,0,""
7003,"Utriculosaccular duct",15,structure,other,none,0,""
7004,"Utricular duct",15,structure,other,none,0,""
7005,"Saccular duct",15,structure,other,none,0,""
7006,"Endolymphatic duct",15,structure,other,none,0,""
7007,"Endolymphatic sac",15,structure,other,none,0,""
7008,"Ductus reuniens",15,structure,other,none,0,""
7009,"Semicircular ducts",15,structure,other,none,0,""
7010,"Anterior semicircular duct",15,structure,other,none,0,""
7011,"Anterior membranous ampulla",15,structure,other,none,0,""
7012,"Anterior ampullary crest",15,feature,,n/a,0,""
7013,"Posterior semicircular duct",15,structure,other,none,0,""
7014,"Posterior membranous ampulla",15,structure,other,none,0,""
7015,"Posterior ampullary crest",15,feature,,n/a,0,""
7016,"Common membranous limb",15,structure,other,none,0,""
7017,"Ampullary membranous limb",15,structure,other,none,0,""
7018,"Lateral semicircular duct",15,structure,other,none,0,""
7019,"Lateral membranous ampulla",15,structure,other,none,0,""
7020,"Lateral ampullary crest",15,feature,,n/a,0,""
7021,"Simple membranous limb",15,structure,other,none,0,""
7022,"Cochlear duct",15,structure,other,none,0,""
7023,"Scala media",15,structure,other,none,0,""
7024,"Vestibular cecum",15,structure,viscus (thorax / abdomen / pelvis),none,0,""
7025,"Cupular cecum",15,structure,viscus (thorax / abdomen / pelvis),none,0,""
7026,"Vestibular membrane",15,structure,other,none,0,""
7027,"External wall of cochlear duct",15,structure,other,none,0,""
7028,"Stria vascularis",15,structure,other,none,0,""
7029,"Spiral prominence",15,structure,other,none,0,""
7030,"Spiral ligament of cochlea",15,structure,ligament / capsule,none,0,""
7031,"Spiral membrane",15,structure,other,none,0,""
7032,"Basilar membrane",15,structure,other,none,0,""
7033,"Spiral limbus",15,structure,other,none,0,""
7034,"Tectorial membrane",15,structure,other,none,0,""
7035,"Spiral organ",15,structure,other,none,0,""
7036,"GUSTATORY ORGAN",15,structure,other,none,0,""
7037,"Taste bud",15,structure,other,none,0,""
7038,"Taste pore",15,structure,other,none,0,""
7039,"Gustatory gland",15,structure,gland / endocrine,none,0,""
7040,"Integument",16,structure,skin / fascia / soft tissue,none,0,""
7041,"Skin",16,structure,skin / fascia / soft tissue,exact,1,"male:skin"
7042,"Skin sulci",16,structure,skin / fascia / soft tissue,none,0,""
7043,"Dermal ridges",16,structure,other,none,0,""
7044,"Tactile elevations",16,structure,other,none,0,""
7045,"Cleavage lines",16,structure,other,none,0,""
7046,"Epidermis",16,structure,skin / fascia / soft tissue,none,0,""
7047,"Dermis",16,structure,skin / fascia / soft tissue,none,0,""
7048,"Papillary layer",16,structure,other,none,0,""
7049,"Papillae",16,structure,other,partial,2,"female:hra10-vh-f-fungiform-papillae female:hra10-vh-f-circumvallate-papillae"
7050,"Reticular layer",16,structure,other,none,0,""
7051,"Arrector muscle of hair",16,structure,muscle / tendon,none,0,""
7052,"Skin appendages",16,structure,skin / fascia / soft tissue,none,0,""
7053,"Hairs",16,structure,other,partial,2,"male:hair-of-head male:hair-of-trunk"
7054,"Downy hair",16,structure,skin / fascia / soft tissue,none,0,""
7055,"Hairs of head",16,structure,other,exact,1,"male:hair-of-head"
7056,"Hairs of eyebrow",16,structure,other,none,0,""
7057,"Eyelashes",16,structure,other,none,0,""
7058,"Hairs of beard",16,structure,other,none,0,""
7059,"Hairs of tragus",16,structure,other,none,0,""
7060,"Hairs of vestibule of nose",16,space,,n/a,0,""
7061,"Axillary hairs",16,structure,other,none,0,""
7062,"Pubic hairs",16,structure,other,exact,1,"male:hair-of-trunk"
7063,"Hair shaft",16,feature,,n/a,0,""
7064,"Hair follicle",16,structure,skin / fascia / soft tissue,none,0,""
7065,"Nail",16,structure,skin / fascia / soft tissue,none,0,""
7066,"Nail plate",16,structure,skin / fascia / soft tissue,none,0,""
7067,"Lunule of nail",16,structure,skin / fascia / soft tissue,none,0,""
7068,"Hidden border of nail",16,feature,,n/a,0,""
7069,"Lateral border of nail",16,feature,,n/a,0,""
7070,"Free border of nail",16,feature,,n/a,0,""
7071,"Perionyx",16,structure,other,none,0,""
7072,"Eponychium",16,structure,other,none,0,""
7073,"Hyponychium",16,structure,other,none,0,""
7074,"Nail bed",16,structure,skin / fascia / soft tissue,none,0,""
7075,"Nail wall",16,structure,skin / fascia / soft tissue,none,0,""
7076,"Nail root",16,structure,skin / fascia / soft tissue,none,0,""
7077,"Nail matrix",16,structure,skin / fascia / soft tissue,none,0,""
7078,"Skin glands",16,structure,gland / endocrine,none,0,""
7079,"Sweat glands",16,structure,gland / endocrine,none,0,""
7080,"Eccrine sweat gland",16,structure,gland / endocrine,none,0,""
7081,"Apocrine sweat gland",16,structure,gland / endocrine,none,0,""
7082,"Sebaceous gland",16,structure,gland / endocrine,none,0,""
7083,"Subcutaneous tissue",16,structure,other,partial,3,"female:hra10-vh-f-subcutaneous-abdominal-adipose-tissue-umbilicus-area female:hra10-vh-f-subcutaneous-abdominal-adipose-tissue-ruq-area female:hra10-vh-f-subcutaneous-abdominal-adipose-tissue-luq-area"
7084,"Fatty layer of subcutaneous tissue",16,structure,other,none,0,""
7085,"Skin ligaments",16,structure,ligament / capsule,none,0,""
7086,"Muscle layer of panniculus adiposus",16,structure,muscle / tendon,none,0,""
7087,"Fibrous layer of panniculus adiposus",16,structure,other,none,0,""
7088,"Membranous layer of subcutaneous tissue",16,structure,other,none,0,""
7089,"Subcutaneous loose connective tissue",16,structure,other,none,0,""
7090,"Retinaculum caudale",16,structure,ligament / capsule,none,0,""
7091,"Subcutaneous tissue of abdomen",16,structure,other,partial,3,"female:hra10-vh-f-subcutaneous-abdominal-adipose-tissue-umbilicus-area female:hra10-vh-f-subcutaneous-abdominal-adipose-tissue-ruq-area female:hra10-vh-f-subcutaneous-abdominal-adipose-tissue-luq-area"
7092,"Fatty layer of abdominal subcutaneous tissue",16,structure,other,none,0,""
7093,"Membranous layer of abdominal subcutaneous tissue",16,structure,other,none,0,""
7094,"Subcutaneous tissue of perineum",16,structure,other,none,0,""
7095,"Membranous layer of perineal subcutaneous tissue",16,structure,other,none,0,""
7096,"Subcutaneous perineal space",16,space,,n/a,0,""
7097,"Breast",16,structure,skin / fascia / soft tissue,partial,2,"female:suspensory-ligament-of-left-breast female:suspensory-ligament-of-right-breast"
7098,"Body of breast",16,feature,,n/a,0,""
7099,"Mammary gland",16,structure,gland / endocrine,partial,2,"female:interlobar-adipose-tissue-of-left-mammary-gland female:interlobar-adipose-tissue-of-right-mammary-gland"
7100,"Axillary process",16,feature,,n/a,0,""
7101,"Lobes of mammary gland",16,structure,gland / endocrine,none,0,""
7102,"Lobules of mammary gland",16,structure,gland / endocrine,none,0,""
7103,"Lactiferous duct",16,structure,other,partial,2,"female:main-lactiferous-duct female:main-lactiferous-duct-2"
7104,"Lactiferous sinus",16,structure,other,exact,2,"female:lactiferous-sinus female:lactiferous-sinus-2"
7105,"Nipple",16,structure,other,exact,2,"female:left-nipple female:right-nipple"
7106,"Areola",16,structure,other,partial,2,"female:left-female-areola female:right-female-areola"
7107,"Areolar glands",16,structure,gland / endocrine,none,0,""
7108,"Areolar tubercles",16,structure,other,exact,2,"female:areolar-tubercle female:areolar-tubercle-2"
7109,"Suspensory ligaments of breast",16,structure,ligament / capsule,exact,2,"female:suspensory-ligament-of-left-breast female:suspensory-ligament-of-right-breast"
7110,"Intermammary cleft",16,structure,other,none,0,""
7111,"(Accessory nipple)",16,structure,other,none,0,""
7112,"(Accessory breast)",16,structure,skin / fascia / soft tissue,none,0,""
7113,"Scalp",16,structure,other,none,0,""